Handle,Title,Body (HTML),Vendor,Product Category,Type,Tags,Published,Option1 Name,Option1 Value,Variant SKU,Variant Grams,Variant Inventory Tracker,Variant Inventory Qty,Variant Inventory Policy,Variant Fulfillment Service,Variant Price,Variant Compare At Price,Variant Requires Shipping,Variant Taxable,Status
sram-red-e1-flattop-13-fach,SRAM Red E1 Flattop 13-fach,<p><strong>Kompatibilität:</strong> Gravel — passend laut VeloMatch-Kompatibilitätsmatrix.</p>,SRAM,,Kette,"vm-kat-kette, 3t-racemax-wpnt-custom-build, 3t-racemax2-italia-custom-build, bmc-kaius-01-one, bmc-kaius-01-three, bmc-kaius-01-two, bmc-urs-01, cannondale-superx-1, cannondale-superx-lab71, canyon-grail-cf-sl-7-aero, canyon-grail-cfr-xplr, canyon-grizl-cf-8-w-rift, cervelo-spero-5-red-xplr-axs, cervelo-spero-rival-xplr-axs, colnago-g4-x-sram-force-xplr-1x13, colnago-g4-x-sram-red-xplr-axs, cube-nuroad-c-62-sl, cube-nuroad-c-62-slt, factor-ostro-gravel-force-xplr-axs, factor-ostro-gravel-red-xplr-axs, focus-atlas-8-9, giant-revolt-advanced-pro-0, open-u-p-2-0-force-xplr-axs, open-u-p-p-e-r-2-0-red-xplr-axs, orbea-terra-m30, orbea-terra-race-m10-m20ltd, orbea-terra-race-m30, pinarello-dogma-gr-red-xplr-axs, pinarello-grevil-f5, pinarello-grevil-f7, pinarello-grevil-f9, ridley-astr-rs-red-xplr-axs, ridley-kanzo-fast-2-0-force-xplr-axs, ridley-kanzo-fast-2-0-red-xplr-axs, rose-backroad-ff-red-xplr-axs, scott-addict-gravel-rc, specialized-crux-pro, specialized-diverge-expert-axs, specialized-diverge-pro-ltd, specialized-s-works-crux, trek-checkmate-slr-7-axs, trek-checkmate-slr-9-axs, trek-checkpoint-sl-6-axs, trek-checkpoint-sl-7-axs, wilier-rave-slr-id2-force-xplr-axs, wilier-rave-slr-id2-red-xplr-axs, wilier-rave-slr-red-xplr-axs",TRUE,Title,Default Title,VM-G-SRAMREDE1FLATTOP,0,shopify,99,continue,manual,49.99,,TRUE,TRUE,active
sram-force-e1-flattop-13-fach,SRAM Force E1 Flattop 13-fach,<p><strong>Kompatibilität:</strong> Gravel — passend laut VeloMatch-Kompatibilitätsmatrix.</p>,SRAM,,Kette,"vm-kat-kette, 3t-racemax-wpnt-custom-build, 3t-racemax2-italia-custom-build, bmc-kaius-01-one, bmc-kaius-01-three, bmc-kaius-01-two, bmc-urs-01, cannondale-superx-1, cannondale-superx-lab71, canyon-grail-cf-sl-7-aero, canyon-grail-cfr-xplr, canyon-grizl-cf-8-w-rift, cervelo-spero-5-red-xplr-axs, cervelo-spero-rival-xplr-axs, colnago-g4-x-sram-force-xplr-1x13, colnago-g4-x-sram-red-xplr-axs, cube-nuroad-c-62-sl, cube-nuroad-c-62-slt, factor-ostro-gravel-force-xplr-axs, factor-ostro-gravel-red-xplr-axs, focus-atlas-8-9, giant-revolt-advanced-pro-0, open-u-p-2-0-force-xplr-axs, open-u-p-p-e-r-2-0-red-xplr-axs, orbea-terra-m30, orbea-terra-race-m10-m20ltd, orbea-terra-race-m30, pinarello-dogma-gr-red-xplr-axs, pinarello-grevil-f5, pinarello-grevil-f7, pinarello-grevil-f9, ridley-astr-rs-red-xplr-axs, ridley-kanzo-fast-2-0-force-xplr-axs, ridley-kanzo-fast-2-0-red-xplr-axs, rose-backroad-ff-red-xplr-axs, scott-addict-gravel-rc, specialized-crux-pro, specialized-diverge-expert-axs, specialized-diverge-pro-ltd, specialized-s-works-crux, trek-checkmate-slr-7-axs, trek-checkmate-slr-9-axs, trek-checkpoint-sl-6-axs, trek-checkpoint-sl-7-axs, wilier-rave-slr-id2-force-xplr-axs, wilier-rave-slr-id2-red-xplr-axs, wilier-rave-slr-red-xplr-axs",TRUE,Title,Default Title,VM-G-SRAMFORCEE1FLATT,0,shopify,99,continue,manual,39.99,,TRUE,TRUE,active
sram-rival-e1-flattop-13-fach,SRAM Rival E1 Flattop 13-fach,<p><strong>Kompatibilität:</strong> Gravel — passend laut VeloMatch-Kompatibilitätsmatrix.</p>,SRAM,,Kette,"vm-kat-kette, 3t-racemax-wpnt-custom-build, 3t-racemax2-italia-custom-build, bmc-kaius-01-one, bmc-kaius-01-three, bmc-kaius-01-two, bmc-urs-01, cannondale-superx-1, cannondale-superx-lab71, canyon-grail-cf-sl-7-aero, canyon-grail-cfr-xplr, canyon-grizl-cf-8-w-rift, cervelo-spero-5-red-xplr-axs, cervelo-spero-rival-xplr-axs, colnago-g4-x-sram-force-xplr-1x13, colnago-g4-x-sram-red-xplr-axs, cube-nuroad-c-62-sl, cube-nuroad-c-62-slt, factor-ostro-gravel-force-xplr-axs, factor-ostro-gravel-red-xplr-axs, focus-atlas-8-9, giant-revolt-advanced-pro-0, open-u-p-2-0-force-xplr-axs, open-u-p-p-e-r-2-0-red-xplr-axs, orbea-terra-m30, orbea-terra-race-m10-m20ltd, orbea-terra-race-m30, pinarello-dogma-gr-red-xplr-axs, pinarello-grevil-f5, pinarello-grevil-f7, pinarello-grevil-f9, ridley-astr-rs-red-xplr-axs, ridley-kanzo-fast-2-0-force-xplr-axs, ridley-kanzo-fast-2-0-red-xplr-axs, rose-backroad-ff-red-xplr-axs, scott-addict-gravel-rc, specialized-crux-pro, specialized-diverge-expert-axs, specialized-diverge-pro-ltd, specialized-s-works-crux, trek-checkmate-slr-7-axs, trek-checkmate-slr-9-axs, trek-checkpoint-sl-6-axs, trek-checkpoint-sl-7-axs, wilier-rave-slr-id2-force-xplr-axs, wilier-rave-slr-id2-red-xplr-axs, wilier-rave-slr-red-xplr-axs",TRUE,Title,Default Title,VM-G-SRAMRIVALE1FLATT,0,shopify,99,continue,manual,29.99,,TRUE,TRUE,active
sram-red-xg-1391-e1-xplr-10-46-13s,SRAM Red XG-1391-E1 XPLR 10-46 13s,<p><strong>Kompatibilität:</strong> Gravel — passend laut VeloMatch-Kompatibilitätsmatrix.</p>,SRAM,,Kassette,"vm-kat-kassette, 3t-racemax-wpnt-custom-build, 3t-racemax2-italia-custom-build, bmc-kaius-01-one, bmc-kaius-01-three, bmc-kaius-01-two, bmc-urs-01, cannondale-superx-1, cannondale-superx-lab71, canyon-grail-cf-sl-7-aero, canyon-grail-cfr-xplr, canyon-grizl-cf-8-w-rift, cervelo-spero-5-red-xplr-axs, cervelo-spero-rival-xplr-axs, colnago-g4-x-sram-force-xplr-1x13, colnago-g4-x-sram-red-xplr-axs, cube-nuroad-c-62-sl, cube-nuroad-c-62-slt, factor-ostro-gravel-force-xplr-axs, factor-ostro-gravel-red-xplr-axs, focus-atlas-8-9, giant-revolt-advanced-pro-0, open-u-p-2-0-force-xplr-axs, open-u-p-p-e-r-2-0-red-xplr-axs, orbea-terra-m30, orbea-terra-race-m10-m20ltd, orbea-terra-race-m30, pinarello-dogma-gr-red-xplr-axs, pinarello-grevil-f5, pinarello-grevil-f7, pinarello-grevil-f9, ridley-astr-rs-red-xplr-axs, ridley-kanzo-fast-2-0-force-xplr-axs, ridley-kanzo-fast-2-0-red-xplr-axs, rose-backroad-ff-red-xplr-axs, scott-addict-gravel-rc, specialized-crux-pro, specialized-diverge-expert-axs, specialized-diverge-pro-ltd, specialized-s-works-crux, trek-checkmate-slr-7-axs, trek-checkmate-slr-9-axs, trek-checkpoint-sl-6-axs, trek-checkpoint-sl-7-axs, wilier-rave-slr-id2-force-xplr-axs, wilier-rave-slr-id2-red-xplr-axs, wilier-rave-slr-red-xplr-axs",TRUE,Title,Default Title,VM-G-SRAMREDXG1391E1X,0,shopify,99,continue,manual,379.99,,TRUE,TRUE,active
sram-force-xg-1371-xplr-10-46-13s,SRAM Force XG-1371 XPLR 10-46 13s,<p><strong>Kompatibilität:</strong> Gravel — passend laut VeloMatch-Kompatibilitätsmatrix.</p>,SRAM,,Kassette,"vm-kat-kassette, 3t-racemax-wpnt-custom-build, 3t-racemax2-italia-custom-build, bmc-kaius-01-one, bmc-kaius-01-three, bmc-kaius-01-two, bmc-urs-01, cannondale-superx-1, cannondale-superx-lab71, canyon-grail-cf-sl-7-aero, canyon-grail-cfr-xplr, canyon-grizl-cf-8-w-rift, cervelo-spero-5-red-xplr-axs, cervelo-spero-rival-xplr-axs, colnago-g4-x-sram-force-xplr-1x13, colnago-g4-x-sram-red-xplr-axs, cube-nuroad-c-62-sl, cube-nuroad-c-62-slt, factor-ostro-gravel-force-xplr-axs, factor-ostro-gravel-red-xplr-axs, focus-atlas-8-9, giant-revolt-advanced-pro-0, open-u-p-2-0-force-xplr-axs, open-u-p-p-e-r-2-0-red-xplr-axs, orbea-terra-m30, orbea-terra-race-m10-m20ltd, orbea-terra-race-m30, pinarello-dogma-gr-red-xplr-axs, pinarello-grevil-f5, pinarello-grevil-f7, pinarello-grevil-f9, ridley-astr-rs-red-xplr-axs, ridley-kanzo-fast-2-0-force-xplr-axs, ridley-kanzo-fast-2-0-red-xplr-axs, rose-backroad-ff-red-xplr-axs, scott-addict-gravel-rc, specialized-crux-pro, specialized-diverge-expert-axs, specialized-diverge-pro-ltd, specialized-s-works-crux, trek-checkmate-slr-7-axs, trek-checkmate-slr-9-axs, trek-checkpoint-sl-6-axs, trek-checkpoint-sl-7-axs, wilier-rave-slr-id2-force-xplr-axs, wilier-rave-slr-id2-red-xplr-axs, wilier-rave-slr-red-xplr-axs",TRUE,Title,Default Title,VM-G-SRAMFORCEXG1371X,0,shopify,99,continue,manual,179.99,,TRUE,TRUE,active
sram-rival-xg-1351-xplr-10-46-13s,SRAM Rival XG-1351 XPLR 10-46 13s,<p><strong>Kompatibilität:</strong> Gravel — passend laut VeloMatch-Kompatibilitätsmatrix.</p>,SRAM,,Kassette,"vm-kat-kassette, 3t-racemax-wpnt-custom-build, 3t-racemax2-italia-custom-build, bmc-kaius-01-one, bmc-kaius-01-three, bmc-kaius-01-two, bmc-urs-01, cannondale-superx-1, cannondale-superx-lab71, canyon-grail-cf-sl-7-aero, canyon-grail-cfr-xplr, canyon-grizl-cf-8-w-rift, cervelo-spero-5-red-xplr-axs, cervelo-spero-rival-xplr-axs, colnago-g4-x-sram-force-xplr-1x13, colnago-g4-x-sram-red-xplr-axs, cube-nuroad-c-62-sl, cube-nuroad-c-62-slt, factor-ostro-gravel-force-xplr-axs, factor-ostro-gravel-red-xplr-axs, focus-atlas-8-9, giant-revolt-advanced-pro-0, open-u-p-2-0-force-xplr-axs, open-u-p-p-e-r-2-0-red-xplr-axs, orbea-terra-m30, orbea-terra-race-m10-m20ltd, orbea-terra-race-m30, pinarello-dogma-gr-red-xplr-axs, pinarello-grevil-f5, pinarello-grevil-f7, pinarello-grevil-f9, ridley-astr-rs-red-xplr-axs, ridley-kanzo-fast-2-0-force-xplr-axs, ridley-kanzo-fast-2-0-red-xplr-axs, rose-backroad-ff-red-xplr-axs, scott-addict-gravel-rc, specialized-crux-pro, specialized-diverge-expert-axs, specialized-diverge-pro-ltd, specialized-s-works-crux, trek-checkmate-slr-7-axs, trek-checkmate-slr-9-axs, trek-checkpoint-sl-6-axs, trek-checkpoint-sl-7-axs, wilier-rave-slr-id2-force-xplr-axs, wilier-rave-slr-id2-red-xplr-axs, wilier-rave-slr-red-xplr-axs",TRUE,Title,Default Title,VM-G-SRAMRIVALXG1351X,0,shopify,99,continue,manual,119.99,,TRUE,TRUE,active
sram-powerlock-13-fach-4-st,SRAM PowerLock 13-fach (4 St.),<p><strong>Kompatibilität:</strong> Gravel — passend laut VeloMatch-Kompatibilitätsmatrix.</p>,SRAM,,Kettenschloss,"vm-kat-kettenschloss, 3t-racemax-wpnt-custom-build, 3t-racemax2-italia-custom-build, bmc-kaius-01-one, bmc-kaius-01-three, bmc-kaius-01-two, bmc-urs-01, cannondale-superx-1, cannondale-superx-lab71, canyon-grail-cf-sl-7-aero, canyon-grail-cfr-xplr, canyon-grizl-cf-8-w-rift, cervelo-spero-5-red-xplr-axs, cervelo-spero-rival-xplr-axs, colnago-g4-x-sram-force-xplr-1x13, colnago-g4-x-sram-red-xplr-axs, cube-nuroad-c-62-sl, cube-nuroad-c-62-slt, factor-ostro-gravel-force-xplr-axs, factor-ostro-gravel-red-xplr-axs, focus-atlas-8-9, giant-revolt-advanced-pro-0, open-u-p-2-0-force-xplr-axs, open-u-p-p-e-r-2-0-red-xplr-axs, orbea-terra-m30, orbea-terra-race-m10-m20ltd, orbea-terra-race-m30, pinarello-dogma-gr-red-xplr-axs, pinarello-grevil-f5, pinarello-grevil-f7, pinarello-grevil-f9, ridley-astr-rs-red-xplr-axs, ridley-kanzo-fast-2-0-force-xplr-axs, ridley-kanzo-fast-2-0-red-xplr-axs, rose-backroad-ff-red-xplr-axs, scott-addict-gravel-rc, specialized-crux-pro, specialized-diverge-expert-axs, specialized-diverge-pro-ltd, specialized-s-works-crux, trek-checkmate-slr-7-axs, trek-checkmate-slr-9-axs, trek-checkpoint-sl-6-axs, trek-checkpoint-sl-7-axs, wilier-rave-slr-id2-force-xplr-axs, wilier-rave-slr-id2-red-xplr-axs, wilier-rave-slr-red-xplr-axs",TRUE,Title,Default Title,VM-G-SRAMPOWERLOCK13F,0,shopify,99,continue,manual,14.99,,TRUE,TRUE,active
wheels-mfg-bb386evo-thread-together-shimano,Wheels Mfg BB386EVO Thread-Together Shimano,<p><strong>Kompatibilität:</strong> Gravel — passend laut VeloMatch-Kompatibilitätsmatrix.</p>,Wheels Mfg,,Innenlager,"vm-kat-innenlager, 3t-exploro-ultra-custom-build, 3t-extrema-italia-custom-build, 3t-primo2-wpnt-custom-build, 3t-racemax-wpnt-custom-build, 3t-racemax2-italia-custom-build, 3t-ultra2-italia-custom-build, open-u-p-grx800-vorgaenger, open-wi-de-frameset-vorgaenger, wilier-rave-slr-force-axs, wilier-rave-slr-id2-force-xplr-axs, wilier-rave-slr-id2-grx-di2-1x, wilier-rave-slr-id2-red-xplr-axs, wilier-rave-slr-red-xplr-axs",TRUE,Title,Default Title,VM-G-WHEELSMFGBB386EV,0,shopify,99,continue,manual,99.99,,TRUE,TRUE,active
sram-rival-xplr-axs-dub-wide-40t,SRAM Rival XPLR AXS DUB Wide (40T),<p><strong>Kompatibilität:</strong> Gravel — passend laut VeloMatch-Kompatibilitätsmatrix.</p>,SRAM,,Kurbelgarnitur,"vm-kat-kurbelgarnitur, 3t-racemax-wpnt-custom-build, 3t-racemax2-italia-custom-build, bmc-kaius-01-one, bmc-kaius-01-three, bmc-kaius-01-two, bmc-urs-01, cannondale-superx-1, cannondale-superx-lab71, canyon-grail-cf-sl-7-aero, canyon-grail-cfr-xplr, canyon-grizl-cf-8-w-rift, cervelo-spero-5-red-xplr-axs, cervelo-spero-rival-xplr-axs, colnago-g4-x-sram-force-xplr-1x13, colnago-g4-x-sram-red-xplr-axs, cube-nuroad-c-62-sl, cube-nuroad-c-62-slt, factor-ostro-gravel-force-xplr-axs, factor-ostro-gravel-red-xplr-axs, focus-atlas-8-9, giant-revolt-advanced-pro-0, open-u-p-2-0-force-xplr-axs, open-u-p-p-e-r-2-0-red-xplr-axs, orbea-terra-m30, orbea-terra-race-m10-m20ltd, orbea-terra-race-m30, pinarello-dogma-gr-red-xplr-axs, pinarello-grevil-f5, pinarello-grevil-f7, pinarello-grevil-f9, ridley-astr-rs-red-xplr-axs, ridley-kanzo-fast-2-0-force-xplr-axs, ridley-kanzo-fast-2-0-red-xplr-axs, rose-backroad-ff-red-xplr-axs, scott-addict-gravel-rc, specialized-crux-pro, specialized-diverge-expert-axs, specialized-diverge-pro-ltd, specialized-s-works-crux, trek-checkmate-slr-7-axs, trek-checkmate-slr-9-axs, trek-checkpoint-sl-6-axs, trek-checkpoint-sl-7-axs, wilier-rave-slr-id2-force-xplr-axs, wilier-rave-slr-id2-red-xplr-axs, wilier-rave-slr-red-xplr-axs",TRUE,Title,Default Title,VM-G-SRAMRIVALXPLRAXS,0,shopify,99,continue,manual,199.99,,TRUE,TRUE,active
sram-force-xplr-etap-axs-1x13-full-mount,SRAM Force XPLR eTap AXS 1x13 (Full Mount),<p><strong>Kompatibilität:</strong> Gravel — passend laut VeloMatch-Kompatibilitätsmatrix.</p>,SRAM,,Schaltwerk,"vm-kat-schaltwerk, 3t-racemax-wpnt-custom-build, 3t-racemax2-italia-custom-build, bmc-kaius-01-one, bmc-kaius-01-three, bmc-kaius-01-two, bmc-urs-01, cannondale-superx-1, cannondale-superx-lab71, canyon-grail-cf-sl-7-aero, canyon-grail-cfr-xplr, canyon-grizl-cf-8-w-rift, cervelo-spero-5-red-xplr-axs, cervelo-spero-rival-xplr-axs, colnago-g4-x-sram-force-xplr-1x13, colnago-g4-x-sram-red-xplr-axs, cube-nuroad-c-62-sl, cube-nuroad-c-62-slt, factor-ostro-gravel-force-xplr-axs, factor-ostro-gravel-red-xplr-axs, focus-atlas-8-9, giant-revolt-advanced-pro-0, open-u-p-2-0-force-xplr-axs, open-u-p-p-e-r-2-0-red-xplr-axs, orbea-terra-m30, orbea-terra-race-m10-m20ltd, orbea-terra-race-m30, pinarello-dogma-gr-red-xplr-axs, pinarello-grevil-f5, pinarello-grevil-f7, pinarello-grevil-f9, ridley-astr-rs-red-xplr-axs, ridley-kanzo-fast-2-0-force-xplr-axs, ridley-kanzo-fast-2-0-red-xplr-axs, rose-backroad-ff-red-xplr-axs, scott-addict-gravel-rc, specialized-crux-pro, specialized-diverge-expert-axs, specialized-diverge-pro-ltd, specialized-s-works-crux, trek-checkmate-slr-7-axs, trek-checkmate-slr-9-axs, trek-checkpoint-sl-6-axs, trek-checkpoint-sl-7-axs, wilier-rave-slr-id2-force-xplr-axs, wilier-rave-slr-id2-red-xplr-axs, wilier-rave-slr-red-xplr-axs",TRUE,Title,Default Title,VM-G-SRAMFORCEXPLRETA,0,shopify,99,continue,manual,499.99,,TRUE,TRUE,active
sram-red-force-rival-axs-organic-paar,SRAM Red/Force/Rival AXS Organic (Paar),<p><strong>Kompatibilität:</strong> Gravel — passend laut VeloMatch-Kompatibilitätsmatrix.</p>,SRAM,,Bremsbelag,"vm-kat-bremsbelag, 3t-primo2-wpnt-custom-build, 3t-racemax-wpnt-custom-build, 3t-racemax2-italia-custom-build, bmc-kaius-01-one, bmc-kaius-01-three, bmc-kaius-01-three-gen1, bmc-kaius-01-two, bmc-kaius-01-two-gen1, bmc-urs-01, cannondale-superx-1, cannondale-superx-lab71, canyon-grail-cf-sl-7-aero, canyon-grail-cf-slx-8-axs, canyon-grail-cf-slx-8-w-rift, canyon-grail-cfr-axs, canyon-grail-cfr-xplr, canyon-grizl-6-al, canyon-grizl-cf-6, canyon-grizl-cf-8-escape-eclips, canyon-grizl-cf-8-w-rift, cervelo-spero-5-red-xplr-axs, cervelo-spero-rival-xplr-axs, colnago-g4-x-sram-force-xplr-1x13, colnago-g4-x-sram-red-xplr-axs, cube-nuroad-c-62-sl, cube-nuroad-c-62-slt, factor-ls-custom-build, factor-ostro-gravel-force-xplr-axs, factor-ostro-gravel-red-xplr-axs, focus-atlas-8-9, giant-revolt-advanced-pro-0, giant-revolt-x-advanced-pro, look-765-gravel-apex, look-765-gravel-rs-force-axs, look-765-gravel-rs-rival-axs, merida-endurance-gr-8000, merida-silex-5000, open-u-p-2-0-force-xplr-axs, open-u-p-p-e-r-2-0-red-xplr-axs, orbea-terra-m30, orbea-terra-race-m10-m20ltd, orbea-terra-race-m30, pinarello-dogma-gr-red-xplr-axs, pinarello-grevil-f5, pinarello-grevil-f7, pinarello-grevil-f9, ridley-astr-rs-red-xplr-axs, ridley-kanzo-adventure-rival-xplr-axs, ridley-kanzo-fast-2-0-force-xplr-axs, ridley-kanzo-fast-2-0-red-xplr-axs, ridley-kanzo-fast-rival-axs, rose-backroad-cf-grx-di2-force-axs, rose-backroad-ff-force-axs-xplr, rose-backroad-ff-red-xplr-axs, rose-backroad-ff-rival-axs, scott-addict-gravel-10, scott-addict-gravel-20, scott-addict-gravel-rc, specialized-crux-pro, specialized-diverge-e5-comp, specialized-diverge-expert-axs, specialized-diverge-pro-ltd, specialized-s-works-crux, trek-checkmate-slr-7-axs, trek-checkmate-slr-9-axs, trek-checkpoint-sl-6-axs, trek-checkpoint-sl-7-axs, wilier-rave-slr-force-axs, wilier-rave-slr-id2-force-xplr-axs, wilier-rave-slr-id2-red-xplr-axs, wilier-rave-slr-red-xplr-axs",TRUE,Title,Default Title,VM-G-SRAMREDFORCERIVA,0,shopify,99,continue,manual,29.99,,TRUE,TRUE,active
sram-sintered-metall-paar,SRAM Sintered Metall (Paar),<p><strong>Kompatibilität:</strong> Gravel — passend laut VeloMatch-Kompatibilitätsmatrix.</p>,SRAM,,Bremsbelag,"vm-kat-bremsbelag, 3t-primo2-wpnt-custom-build, 3t-racemax-wpnt-custom-build, 3t-racemax2-italia-custom-build, bmc-kaius-01-one, bmc-kaius-01-three, bmc-kaius-01-three-gen1, bmc-kaius-01-two, bmc-kaius-01-two-gen1, bmc-urs-01, cannondale-superx-1, cannondale-superx-lab71, canyon-grail-cf-sl-7-aero, canyon-grail-cf-slx-8-axs, canyon-grail-cf-slx-8-w-rift, canyon-grail-cfr-axs, canyon-grail-cfr-xplr, canyon-grizl-6-al, canyon-grizl-cf-6, canyon-grizl-cf-8-escape-eclips, canyon-grizl-cf-8-w-rift, cervelo-spero-5-red-xplr-axs, cervelo-spero-rival-xplr-axs, colnago-g4-x-sram-force-xplr-1x13, colnago-g4-x-sram-red-xplr-axs, cube-nuroad-c-62-sl, cube-nuroad-c-62-slt, factor-ls-custom-build, factor-ostro-gravel-force-xplr-axs, factor-ostro-gravel-red-xplr-axs, focus-atlas-8-9, giant-revolt-advanced-pro-0, giant-revolt-x-advanced-pro, look-765-gravel-apex, look-765-gravel-rs-force-axs, look-765-gravel-rs-rival-axs, merida-endurance-gr-8000, merida-silex-5000, open-u-p-2-0-force-xplr-axs, open-u-p-p-e-r-2-0-red-xplr-axs, orbea-terra-m30, orbea-terra-race-m10-m20ltd, orbea-terra-race-m30, pinarello-dogma-gr-red-xplr-axs, pinarello-grevil-f5, pinarello-grevil-f7, pinarello-grevil-f9, ridley-astr-rs-red-xplr-axs, ridley-kanzo-adventure-rival-xplr-axs, ridley-kanzo-fast-2-0-force-xplr-axs, ridley-kanzo-fast-2-0-red-xplr-axs, ridley-kanzo-fast-rival-axs, rose-backroad-cf-grx-di2-force-axs, rose-backroad-ff-force-axs-xplr, rose-backroad-ff-red-xplr-axs, rose-backroad-ff-rival-axs, scott-addict-gravel-10, scott-addict-gravel-20, scott-addict-gravel-rc, specialized-crux-pro, specialized-diverge-e5-comp, specialized-diverge-expert-axs, specialized-diverge-pro-ltd, specialized-s-works-crux, trek-checkmate-slr-7-axs, trek-checkmate-slr-9-axs, trek-checkpoint-sl-6-axs, trek-checkpoint-sl-7-axs, wilier-rave-slr-force-axs, wilier-rave-slr-id2-force-xplr-axs, wilier-rave-slr-id2-red-xplr-axs, wilier-rave-slr-red-xplr-axs",TRUE,Title,Default Title,VM-G-SRAMSINTEREDMETA,0,shopify,99,continue,manual,34.99,,TRUE,TRUE,active
swissstop-disc-35-rs-sram-paar,"SwissStop Disc 35 RS (SRAM, Paar)",<p><strong>Kompatibilität:</strong> Gravel — passend laut VeloMatch-Kompatibilitätsmatrix.</p>,SwissStop,,Bremsbelag,"vm-kat-bremsbelag, 3t-exploro-ultra-custom-build, 3t-extrema-italia-custom-build, 3t-primo2-wpnt-custom-build, 3t-racemax-wpnt-custom-build, 3t-racemax2-italia-custom-build, 3t-ultra2-italia-custom-build, bmc-kaius-01-one, bmc-kaius-01-three, bmc-kaius-01-three-gen1, bmc-kaius-01-two, bmc-kaius-01-two-gen1, bmc-urs-01, bmc-urs-lt-one, cannondale-superx-1, cannondale-superx-lab71, cannondale-topstone-carbon-1-lefty-axs, cannondale-topstone-carbon-2-axs-1x, canyon-grail-cf-sl-7-aero, canyon-grail-cf-slx-8-axs, canyon-grail-cf-slx-8-w-rift, canyon-grail-cfr-axs, canyon-grail-cfr-xplr, canyon-grizl-6-al, canyon-grizl-cf-6, canyon-grizl-cf-8-escape-eclips, canyon-grizl-cf-8-w-rift, cervelo-spero-5-force-axs-xo-mullet, cervelo-spero-5-red-xplr-axs, cervelo-spero-rival-xplr-axs, colnago-g4-x-sram-force-xplr-1x13, colnago-g4-x-sram-red-xplr-axs, cube-nuroad-c-62-sl, cube-nuroad-c-62-slt, factor-ls-custom-build, factor-ostro-gravel-force-xplr-axs, factor-ostro-gravel-red-xplr-axs, focus-atlas-8-8, focus-atlas-8-9, giant-revolt-advanced-pro-0, giant-revolt-x-advanced-pro, look-765-gravel-apex, look-765-gravel-rs-force-axs, look-765-gravel-rs-rival-axs, merida-endurance-gr-8000, merida-silex-5000, merida-silex-8000-2026, open-u-p-2-0-force-xplr-axs, open-u-p-p-e-r-2-0-red-xplr-axs, orbea-terra-m30, orbea-terra-race-m10-m20ltd, orbea-terra-race-m30, pinarello-dogma-gr-red-xplr-axs, pinarello-grevil-f5, pinarello-grevil-f7, pinarello-grevil-f9, ridley-astr-rs-red-xplr-axs, ridley-kanzo-adventure-rival-xplr-axs, ridley-kanzo-fast-2-0-force-xplr-axs, ridley-kanzo-fast-2-0-red-xplr-axs, ridley-kanzo-fast-rival-axs, rose-backroad-cf-grx-di2-force-axs, rose-backroad-ff-force-axs-xplr, rose-backroad-ff-red-xplr-axs, rose-backroad-ff-rival-axs, scott-addict-gravel-10, scott-addict-gravel-20, scott-addict-gravel-rc, specialized-crux-pro, specialized-diverge-comp, specialized-diverge-e5-comp, specialized-diverge-expert-axs, specialized-diverge-pro-ltd, specialized-diverge-str-expert, specialized-s-works-crux, trek-checkmate-slr-7-axs, trek-checkmate-slr-9-axs, trek-checkpoint-sl-6-axs, trek-checkpoint-sl-7-axs, wilier-rave-slr-force-axs, wilier-rave-slr-id2-force-xplr-axs, wilier-rave-slr-id2-red-xplr-axs, wilier-rave-slr-red-xplr-axs",TRUE,Title,Default Title,VM-G-SWISSSTOPDISC35R,0,shopify,99,continue,manual,29.99,,TRUE,TRUE,active
shimano-rt-cl900-160-140mm,Shimano RT-CL900 (160/140mm),<p><strong>Kompatibilität:</strong> Gravel — passend laut VeloMatch-Kompatibilitätsmatrix.</p>,Shimano,,Bremsscheibe,"vm-kat-bremsscheibe, 3t-exploro-ultra-custom-build, 3t-extrema-italia-custom-build, 3t-primo2-wpnt-custom-build, 3t-racemax-wpnt-custom-build, 3t-racemax2-italia-custom-build, 3t-ultra2-italia-custom-build, bmc-kaius-01-one, bmc-kaius-01-three, bmc-kaius-01-three-gen1, bmc-kaius-01-two, bmc-kaius-01-two-gen1, bmc-urs-01, bmc-urs-lt-one, cannondale-superx-1, cannondale-superx-2, cannondale-superx-lab71, cannondale-topstone-1, cannondale-topstone-carbon-1-lefty-axs, cannondale-topstone-carbon-2-axs-1x, cannondale-topstone-carbon-3, cannondale-topstone-carbon-ltd-di2, canyon-grail-cf-7, canyon-grail-cf-8-1by, canyon-grail-cf-sl-7-aero, canyon-grail-cf-slx-8-axs, canyon-grail-cf-slx-8-w-rift, canyon-grail-cfr-axs, canyon-grail-cfr-xplr, canyon-grizl-5, canyon-grizl-6-al, canyon-grizl-cf-6, canyon-grizl-cf-7, canyon-grizl-cf-8-escape-eclips, canyon-grizl-cf-8-w-rift, cervelo-spero-5-force-axs-xo-mullet, cervelo-spero-5-frameset, cervelo-spero-5-red-xplr-axs, cervelo-spero-grx, cervelo-spero-rival-xplr-axs, colnago-g3-x-shimano-grx, colnago-g4-x-frameset, colnago-g4-x-shimano-grx-1x12, colnago-g4-x-shimano-grx-2x12, colnago-g4-x-sram-force-xplr-1x13, colnago-g4-x-sram-red-xplr-axs, cube-nuroad-c-62-pro, cube-nuroad-c-62-sl, cube-nuroad-c-62-slt, cube-nuroad-one, cube-nuroad-one-fe, cube-nuroad-pro, cube-nuroad-race, cube-nuroad-slx, factor-ls-custom-build, factor-ostro-gravel-force-xplr-axs, factor-ostro-gravel-frameset, factor-ostro-gravel-grx-di2-1x, factor-ostro-gravel-red-xplr-axs, focus-atlas-6-8, focus-atlas-6-9, focus-atlas-8-7, focus-atlas-8-8, focus-atlas-8-8-8-7-bis-my2025, focus-atlas-8-9, giant-revolt-1, giant-revolt-2, giant-revolt-advanced-0, giant-revolt-advanced-2, giant-revolt-advanced-pro-0, giant-revolt-advanced-pro-1, giant-revolt-x, giant-revolt-x-advanced-pro, look-765-gravel-apex, look-765-gravel-rs-force-axs, look-765-gravel-rs-frameset, look-765-gravel-rs-grx, look-765-gravel-rs-rival-axs, merida-endurance-gr-8000, merida-silex-10k, merida-silex-200, merida-silex-5000, merida-silex-700, merida-silex-7000, merida-silex-8000-2025, merida-silex-8000-2026, merida-silex-9000, open-u-p-2-0-adventure-frameset, open-u-p-2-0-force-xplr-axs, open-u-p-grx800-vorgaenger, open-u-p-p-e-r-2-0-frameset, open-u-p-p-e-r-2-0-red-xplr-axs, open-wi-de-2-0-frameset, open-wi-de-frameset-vorgaenger, orbea-terra-h30-h40, orbea-terra-m20-m21e, orbea-terra-m30, orbea-terra-m40-grx-mech, orbea-terra-race-m10-m20ltd, orbea-terra-race-m20-grx, orbea-terra-race-m30, pinarello-dogma-gr-red-xplr-axs, pinarello-grevil-f1, pinarello-grevil-f3, pinarello-grevil-f5, pinarello-grevil-f7, pinarello-grevil-f9, ridley-astr-grx-di2, ridley-astr-rs-red-xplr-axs, ridley-grifn-grx, ridley-kanzo-adventure-grx-1x12, ridley-kanzo-adventure-rival-xplr-axs, ridley-kanzo-fast-2-0-force-xplr-axs, ridley-kanzo-fast-2-0-red-xplr-axs, ridley-kanzo-fast-grx-1x12, ridley-kanzo-fast-rival-axs, rose-backroad-al, rose-backroad-cf-grx-di2-force-axs, rose-backroad-cf-grx-rx820, rose-backroad-ff-classified-2x12, rose-backroad-ff-force-axs-xplr, rose-backroad-ff-grx-rx825-di2, rose-backroad-ff-red-xplr-axs, rose-backroad-ff-rival-axs, scott-addict-gravel-10, scott-addict-gravel-15, scott-addict-gravel-20, scott-addict-gravel-30, scott-addict-gravel-40, scott-addict-gravel-rc, specialized-crux-comp, specialized-crux-dsw-comp, specialized-crux-pro, specialized-diverge-comp, specialized-diverge-e5-comp, specialized-diverge-expert-axs, specialized-diverge-pro-ltd, specialized-diverge-sport-grx, specialized-diverge-str-comp, specialized-diverge-str-expert, specialized-s-works-crux, trek-checkmate-slr-7-axs, trek-checkmate-slr-9-axs, trek-checkpoint-alr-3, trek-checkpoint-alr-5, trek-checkpoint-sl-5, trek-checkpoint-sl-6-axs, trek-checkpoint-sl-7-axs, wilier-jaroon-grx-1x12, wilier-jaroon-grx-2x11, wilier-rave-slr-force-axs, wilier-rave-slr-id2-force-xplr-axs, wilier-rave-slr-id2-grx-di2-1x, wilier-rave-slr-id2-red-xplr-axs, wilier-rave-slr-red-xplr-axs",TRUE,Title,Default Title,VM-G-SHIMANORTCL90016,0,shopify,99,continue,manual,,,TRUE,TRUE,active
shimano-rt-cl800-ultegra-160mm-cl,Shimano RT-CL800 Ultegra 160mm CL,<p><strong>Kompatibilität:</strong> Gravel — passend laut VeloMatch-Kompatibilitätsmatrix.</p>,Shimano,,Bremsscheibe,"vm-kat-bremsscheibe, 3t-exploro-ultra-custom-build, 3t-extrema-italia-custom-build, 3t-primo2-wpnt-custom-build, 3t-racemax-wpnt-custom-build, 3t-racemax2-italia-custom-build, 3t-ultra2-italia-custom-build, bmc-kaius-01-one, bmc-kaius-01-three, bmc-kaius-01-three-gen1, bmc-kaius-01-two, bmc-kaius-01-two-gen1, bmc-urs-01, bmc-urs-lt-one, cannondale-superx-1, cannondale-superx-2, cannondale-superx-lab71, cannondale-topstone-1, cannondale-topstone-carbon-1-lefty-axs, cannondale-topstone-carbon-2-axs-1x, cannondale-topstone-carbon-3, cannondale-topstone-carbon-ltd-di2, canyon-grail-cf-7, canyon-grail-cf-8-1by, canyon-grail-cf-sl-7-aero, canyon-grail-cf-slx-8-axs, canyon-grail-cf-slx-8-w-rift, canyon-grail-cfr-axs, canyon-grail-cfr-xplr, canyon-grizl-5, canyon-grizl-6-al, canyon-grizl-cf-6, canyon-grizl-cf-7, canyon-grizl-cf-8-escape-eclips, canyon-grizl-cf-8-w-rift, cervelo-spero-5-force-axs-xo-mullet, cervelo-spero-5-frameset, cervelo-spero-5-red-xplr-axs, cervelo-spero-grx, cervelo-spero-rival-xplr-axs, colnago-g3-x-shimano-grx, colnago-g4-x-frameset, colnago-g4-x-shimano-grx-1x12, colnago-g4-x-shimano-grx-2x12, colnago-g4-x-sram-force-xplr-1x13, colnago-g4-x-sram-red-xplr-axs, cube-nuroad-c-62-pro, cube-nuroad-c-62-sl, cube-nuroad-c-62-slt, cube-nuroad-one, cube-nuroad-one-fe, cube-nuroad-pro, cube-nuroad-race, cube-nuroad-slx, factor-ls-custom-build, factor-ostro-gravel-force-xplr-axs, factor-ostro-gravel-frameset, factor-ostro-gravel-grx-di2-1x, factor-ostro-gravel-red-xplr-axs, focus-atlas-6-8, focus-atlas-6-9, focus-atlas-8-7, focus-atlas-8-8, focus-atlas-8-8-8-7-bis-my2025, focus-atlas-8-9, giant-revolt-1, giant-revolt-2, giant-revolt-advanced-0, giant-revolt-advanced-2, giant-revolt-advanced-pro-0, giant-revolt-advanced-pro-1, giant-revolt-x, giant-revolt-x-advanced-pro, look-765-gravel-apex, look-765-gravel-rs-force-axs, look-765-gravel-rs-frameset, look-765-gravel-rs-grx, look-765-gravel-rs-rival-axs, merida-endurance-gr-8000, merida-silex-10k, merida-silex-200, merida-silex-5000, merida-silex-700, merida-silex-7000, merida-silex-8000-2025, merida-silex-8000-2026, merida-silex-9000, open-u-p-2-0-adventure-frameset, open-u-p-2-0-force-xplr-axs, open-u-p-grx800-vorgaenger, open-u-p-p-e-r-2-0-frameset, open-u-p-p-e-r-2-0-red-xplr-axs, open-wi-de-2-0-frameset, open-wi-de-frameset-vorgaenger, orbea-terra-h30-h40, orbea-terra-m20-m21e, orbea-terra-m30, orbea-terra-m40-grx-mech, orbea-terra-race-m10-m20ltd, orbea-terra-race-m20-grx, orbea-terra-race-m30, pinarello-dogma-gr-red-xplr-axs, pinarello-grevil-f1, pinarello-grevil-f3, pinarello-grevil-f5, pinarello-grevil-f7, pinarello-grevil-f9, ridley-astr-grx-di2, ridley-astr-rs-red-xplr-axs, ridley-grifn-grx, ridley-kanzo-adventure-grx-1x12, ridley-kanzo-adventure-rival-xplr-axs, ridley-kanzo-fast-2-0-force-xplr-axs, ridley-kanzo-fast-2-0-red-xplr-axs, ridley-kanzo-fast-grx-1x12, ridley-kanzo-fast-rival-axs, rose-backroad-al, rose-backroad-cf-grx-di2-force-axs, rose-backroad-cf-grx-rx820, rose-backroad-ff-classified-2x12, rose-backroad-ff-force-axs-xplr, rose-backroad-ff-grx-rx825-di2, rose-backroad-ff-red-xplr-axs, rose-backroad-ff-rival-axs, scott-addict-gravel-10, scott-addict-gravel-15, scott-addict-gravel-20, scott-addict-gravel-30, scott-addict-gravel-40, scott-addict-gravel-rc, specialized-crux-comp, specialized-crux-dsw-comp, specialized-crux-pro, specialized-diverge-comp, specialized-diverge-e5-comp, specialized-diverge-expert-axs, specialized-diverge-pro-ltd, specialized-diverge-sport-grx, specialized-diverge-str-comp, specialized-diverge-str-expert, specialized-s-works-crux, trek-checkmate-slr-7-axs, trek-checkmate-slr-9-axs, trek-checkpoint-alr-3, trek-checkpoint-alr-5, trek-checkpoint-sl-5, trek-checkpoint-sl-6-axs, trek-checkpoint-sl-7-axs, wilier-jaroon-grx-1x12, wilier-jaroon-grx-2x11, wilier-rave-slr-force-axs, wilier-rave-slr-id2-force-xplr-axs, wilier-rave-slr-id2-grx-di2-1x, wilier-rave-slr-id2-red-xplr-axs, wilier-rave-slr-red-xplr-axs",TRUE,Title,Default Title,VM-G-SHIMANORTCL800UL,0,shopify,99,continue,manual,34.99,,TRUE,TRUE,active
shimano-rt-mt800-xt-180mm-center-lock,Shimano RT-MT800 XT 180mm Center Lock,<p><strong>Kompatibilität:</strong> Gravel — passend laut VeloMatch-Kompatibilitätsmatrix.</p>,Shimano,,Bremsscheibe,"vm-kat-bremsscheibe, 3t-exploro-ultra-custom-build, 3t-extrema-italia-custom-build, 3t-primo2-wpnt-custom-build, 3t-racemax-wpnt-custom-build, 3t-racemax2-italia-custom-build, 3t-ultra2-italia-custom-build, bmc-kaius-01-one, bmc-kaius-01-three, bmc-kaius-01-three-gen1, bmc-kaius-01-two, bmc-kaius-01-two-gen1, bmc-urs-01, bmc-urs-lt-one, cannondale-superx-1, cannondale-superx-2, cannondale-superx-lab71, cannondale-topstone-1, cannondale-topstone-carbon-1-lefty-axs, cannondale-topstone-carbon-2-axs-1x, cannondale-topstone-carbon-3, cannondale-topstone-carbon-ltd-di2, canyon-grail-cf-7, canyon-grail-cf-8-1by, canyon-grail-cf-sl-7-aero, canyon-grail-cf-slx-8-axs, canyon-grail-cf-slx-8-w-rift, canyon-grail-cfr-axs, canyon-grail-cfr-xplr, canyon-grizl-5, canyon-grizl-6-al, canyon-grizl-cf-6, canyon-grizl-cf-7, canyon-grizl-cf-8-escape-eclips, canyon-grizl-cf-8-w-rift, cervelo-spero-5-force-axs-xo-mullet, cervelo-spero-5-frameset, cervelo-spero-5-red-xplr-axs, cervelo-spero-grx, cervelo-spero-rival-xplr-axs, colnago-g3-x-shimano-grx, colnago-g4-x-frameset, colnago-g4-x-shimano-grx-1x12, colnago-g4-x-shimano-grx-2x12, colnago-g4-x-sram-force-xplr-1x13, colnago-g4-x-sram-red-xplr-axs, cube-nuroad-c-62-pro, cube-nuroad-c-62-sl, cube-nuroad-c-62-slt, cube-nuroad-one, cube-nuroad-one-fe, cube-nuroad-pro, cube-nuroad-race, cube-nuroad-slx, factor-ls-custom-build, factor-ostro-gravel-force-xplr-axs, factor-ostro-gravel-frameset, factor-ostro-gravel-grx-di2-1x, factor-ostro-gravel-red-xplr-axs, focus-atlas-6-8, focus-atlas-6-9, focus-atlas-8-7, focus-atlas-8-8, focus-atlas-8-8-8-7-bis-my2025, focus-atlas-8-9, giant-revolt-1, giant-revolt-2, giant-revolt-advanced-0, giant-revolt-advanced-2, giant-revolt-advanced-pro-0, giant-revolt-advanced-pro-1, giant-revolt-x, giant-revolt-x-advanced-pro, look-765-gravel-apex, look-765-gravel-rs-force-axs, look-765-gravel-rs-frameset, look-765-gravel-rs-grx, look-765-gravel-rs-rival-axs, merida-endurance-gr-8000, merida-silex-10k, merida-silex-200, merida-silex-5000, merida-silex-700, merida-silex-7000, merida-silex-8000-2025, merida-silex-8000-2026, merida-silex-9000, open-u-p-2-0-adventure-frameset, open-u-p-2-0-force-xplr-axs, open-u-p-grx800-vorgaenger, open-u-p-p-e-r-2-0-frameset, open-u-p-p-e-r-2-0-red-xplr-axs, open-wi-de-2-0-frameset, open-wi-de-frameset-vorgaenger, orbea-terra-h30-h40, orbea-terra-m20-m21e, orbea-terra-m30, orbea-terra-m40-grx-mech, orbea-terra-race-m10-m20ltd, orbea-terra-race-m20-grx, orbea-terra-race-m30, pinarello-dogma-gr-red-xplr-axs, pinarello-grevil-f1, pinarello-grevil-f3, pinarello-grevil-f5, pinarello-grevil-f7, pinarello-grevil-f9, ridley-astr-grx-di2, ridley-astr-rs-red-xplr-axs, ridley-grifn-grx, ridley-kanzo-adventure-grx-1x12, ridley-kanzo-adventure-rival-xplr-axs, ridley-kanzo-fast-2-0-force-xplr-axs, ridley-kanzo-fast-2-0-red-xplr-axs, ridley-kanzo-fast-grx-1x12, ridley-kanzo-fast-rival-axs, rose-backroad-al, rose-backroad-cf-grx-di2-force-axs, rose-backroad-cf-grx-rx820, rose-backroad-ff-classified-2x12, rose-backroad-ff-force-axs-xplr, rose-backroad-ff-grx-rx825-di2, rose-backroad-ff-red-xplr-axs, rose-backroad-ff-rival-axs, scott-addict-gravel-10, scott-addict-gravel-15, scott-addict-gravel-20, scott-addict-gravel-30, scott-addict-gravel-40, scott-addict-gravel-rc, specialized-crux-comp, specialized-crux-dsw-comp, specialized-crux-pro, specialized-diverge-comp, specialized-diverge-e5-comp, specialized-diverge-expert-axs, specialized-diverge-pro-ltd, specialized-diverge-sport-grx, specialized-diverge-str-comp, specialized-diverge-str-expert, specialized-s-works-crux, trek-checkmate-slr-7-axs, trek-checkmate-slr-9-axs, trek-checkpoint-alr-3, trek-checkpoint-alr-5, trek-checkpoint-sl-5, trek-checkpoint-sl-6-axs, trek-checkpoint-sl-7-axs, wilier-jaroon-grx-1x12, wilier-jaroon-grx-2x11, wilier-rave-slr-force-axs, wilier-rave-slr-id2-force-xplr-axs, wilier-rave-slr-id2-grx-di2-1x, wilier-rave-slr-id2-red-xplr-axs, wilier-rave-slr-red-xplr-axs",TRUE,Title,Default Title,VM-G-SHIMANORTMT800XT,0,shopify,99,continue,manual,39.99,,TRUE,TRUE,active
shimano-rt54-160-180mm,Shimano RT54 (160/180mm),<p><strong>Kompatibilität:</strong> Gravel — passend laut VeloMatch-Kompatibilitätsmatrix.</p>,Shimano,,Bremsscheibe,"vm-kat-bremsscheibe, 3t-exploro-ultra-custom-build, 3t-extrema-italia-custom-build, 3t-primo2-wpnt-custom-build, 3t-racemax-wpnt-custom-build, 3t-racemax2-italia-custom-build, 3t-ultra2-italia-custom-build, bmc-kaius-01-one, bmc-kaius-01-three, bmc-kaius-01-three-gen1, bmc-kaius-01-two, bmc-kaius-01-two-gen1, bmc-urs-01, bmc-urs-lt-one, cannondale-superx-1, cannondale-superx-2, cannondale-superx-lab71, cannondale-topstone-1, cannondale-topstone-carbon-1-lefty-axs, cannondale-topstone-carbon-2-axs-1x, cannondale-topstone-carbon-3, cannondale-topstone-carbon-ltd-di2, canyon-grail-cf-7, canyon-grail-cf-8-1by, canyon-grail-cf-sl-7-aero, canyon-grail-cf-slx-8-axs, canyon-grail-cf-slx-8-w-rift, canyon-grail-cfr-axs, canyon-grail-cfr-xplr, canyon-grizl-5, canyon-grizl-6-al, canyon-grizl-cf-6, canyon-grizl-cf-7, canyon-grizl-cf-8-escape-eclips, canyon-grizl-cf-8-w-rift, cervelo-spero-5-force-axs-xo-mullet, cervelo-spero-5-frameset, cervelo-spero-5-red-xplr-axs, cervelo-spero-grx, cervelo-spero-rival-xplr-axs, colnago-g3-x-shimano-grx, colnago-g4-x-frameset, colnago-g4-x-shimano-grx-1x12, colnago-g4-x-shimano-grx-2x12, colnago-g4-x-sram-force-xplr-1x13, colnago-g4-x-sram-red-xplr-axs, cube-nuroad-c-62-pro, cube-nuroad-c-62-sl, cube-nuroad-c-62-slt, cube-nuroad-one, cube-nuroad-one-fe, cube-nuroad-pro, cube-nuroad-race, cube-nuroad-slx, factor-ls-custom-build, factor-ostro-gravel-force-xplr-axs, factor-ostro-gravel-frameset, factor-ostro-gravel-grx-di2-1x, factor-ostro-gravel-red-xplr-axs, focus-atlas-6-8, focus-atlas-6-9, focus-atlas-8-7, focus-atlas-8-8, focus-atlas-8-8-8-7-bis-my2025, focus-atlas-8-9, giant-revolt-1, giant-revolt-2, giant-revolt-advanced-0, giant-revolt-advanced-2, giant-revolt-advanced-pro-0, giant-revolt-advanced-pro-1, giant-revolt-x, giant-revolt-x-advanced-pro, look-765-gravel-apex, look-765-gravel-rs-force-axs, look-765-gravel-rs-frameset, look-765-gravel-rs-grx, look-765-gravel-rs-rival-axs, merida-endurance-gr-8000, merida-silex-10k, merida-silex-200, merida-silex-5000, merida-silex-700, merida-silex-7000, merida-silex-8000-2025, merida-silex-8000-2026, merida-silex-9000, open-u-p-2-0-adventure-frameset, open-u-p-2-0-force-xplr-axs, open-u-p-grx800-vorgaenger, open-u-p-p-e-r-2-0-frameset, open-u-p-p-e-r-2-0-red-xplr-axs, open-wi-de-2-0-frameset, open-wi-de-frameset-vorgaenger, orbea-terra-h30-h40, orbea-terra-m20-m21e, orbea-terra-m30, orbea-terra-m40-grx-mech, orbea-terra-race-m10-m20ltd, orbea-terra-race-m20-grx, orbea-terra-race-m30, pinarello-dogma-gr-red-xplr-axs, pinarello-grevil-f1, pinarello-grevil-f3, pinarello-grevil-f5, pinarello-grevil-f7, pinarello-grevil-f9, ridley-astr-grx-di2, ridley-astr-rs-red-xplr-axs, ridley-grifn-grx, ridley-kanzo-adventure-grx-1x12, ridley-kanzo-adventure-rival-xplr-axs, ridley-kanzo-fast-2-0-force-xplr-axs, ridley-kanzo-fast-2-0-red-xplr-axs, ridley-kanzo-fast-grx-1x12, ridley-kanzo-fast-rival-axs, rose-backroad-al, rose-backroad-cf-grx-di2-force-axs, rose-backroad-cf-grx-rx820, rose-backroad-ff-classified-2x12, rose-backroad-ff-force-axs-xplr, rose-backroad-ff-grx-rx825-di2, rose-backroad-ff-red-xplr-axs, rose-backroad-ff-rival-axs, scott-addict-gravel-10, scott-addict-gravel-15, scott-addict-gravel-20, scott-addict-gravel-30, scott-addict-gravel-40, scott-addict-gravel-rc, specialized-crux-comp, specialized-crux-dsw-comp, specialized-crux-pro, specialized-diverge-comp, specialized-diverge-e5-comp, specialized-diverge-expert-axs, specialized-diverge-pro-ltd, specialized-diverge-sport-grx, specialized-diverge-str-comp, specialized-diverge-str-expert, specialized-s-works-crux, trek-checkmate-slr-7-axs, trek-checkmate-slr-9-axs, trek-checkpoint-alr-3, trek-checkpoint-alr-5, trek-checkpoint-sl-5, trek-checkpoint-sl-6-axs, trek-checkpoint-sl-7-axs, wilier-jaroon-grx-1x12, wilier-jaroon-grx-2x11, wilier-rave-slr-force-axs, wilier-rave-slr-id2-force-xplr-axs, wilier-rave-slr-id2-grx-di2-1x, wilier-rave-slr-id2-red-xplr-axs, wilier-rave-slr-red-xplr-axs",TRUE,Title,Default Title,VM-G-SHIMANORT5416018,0,shopify,99,continue,manual,,,TRUE,TRUE,active
sram-hs2-180mm-center-lock,SRAM HS2 180mm Center Lock,<p><strong>Kompatibilität:</strong> Gravel — passend laut VeloMatch-Kompatibilitätsmatrix.</p>,SRAM,,Bremsscheibe,"vm-kat-bremsscheibe, 3t-exploro-ultra-custom-build, 3t-extrema-italia-custom-build, 3t-primo2-wpnt-custom-build, 3t-racemax-wpnt-custom-build, 3t-racemax2-italia-custom-build, 3t-ultra2-italia-custom-build, bmc-kaius-01-one, bmc-kaius-01-three, bmc-kaius-01-three-gen1, bmc-kaius-01-two, bmc-kaius-01-two-gen1, bmc-urs-01, bmc-urs-lt-one, cannondale-superx-1, cannondale-superx-2, cannondale-superx-lab71, cannondale-topstone-1, cannondale-topstone-carbon-1-lefty-axs, cannondale-topstone-carbon-2-axs-1x, cannondale-topstone-carbon-3, cannondale-topstone-carbon-ltd-di2, canyon-grail-cf-7, canyon-grail-cf-8-1by, canyon-grail-cf-sl-7-aero, canyon-grail-cf-slx-8-axs, canyon-grail-cf-slx-8-w-rift, canyon-grail-cfr-axs, canyon-grail-cfr-xplr, canyon-grizl-5, canyon-grizl-6-al, canyon-grizl-cf-6, canyon-grizl-cf-7, canyon-grizl-cf-8-escape-eclips, canyon-grizl-cf-8-w-rift, cervelo-spero-5-force-axs-xo-mullet, cervelo-spero-5-frameset, cervelo-spero-5-red-xplr-axs, cervelo-spero-grx, cervelo-spero-rival-xplr-axs, colnago-g3-x-shimano-grx, colnago-g4-x-frameset, colnago-g4-x-shimano-grx-1x12, colnago-g4-x-shimano-grx-2x12, colnago-g4-x-sram-force-xplr-1x13, colnago-g4-x-sram-red-xplr-axs, cube-nuroad-c-62-pro, cube-nuroad-c-62-sl, cube-nuroad-c-62-slt, cube-nuroad-one, cube-nuroad-one-fe, cube-nuroad-pro, cube-nuroad-race, cube-nuroad-slx, factor-ls-custom-build, factor-ostro-gravel-force-xplr-axs, factor-ostro-gravel-frameset, factor-ostro-gravel-grx-di2-1x, factor-ostro-gravel-red-xplr-axs, focus-atlas-6-8, focus-atlas-6-9, focus-atlas-8-7, focus-atlas-8-8, focus-atlas-8-8-8-7-bis-my2025, focus-atlas-8-9, giant-revolt-1, giant-revolt-2, giant-revolt-advanced-0, giant-revolt-advanced-2, giant-revolt-advanced-pro-0, giant-revolt-advanced-pro-1, giant-revolt-x, giant-revolt-x-advanced-pro, look-765-gravel-apex, look-765-gravel-rs-force-axs, look-765-gravel-rs-frameset, look-765-gravel-rs-grx, look-765-gravel-rs-rival-axs, merida-endurance-gr-8000, merida-silex-10k, merida-silex-200, merida-silex-5000, merida-silex-700, merida-silex-7000, merida-silex-8000-2025, merida-silex-8000-2026, merida-silex-9000, open-u-p-2-0-adventure-frameset, open-u-p-2-0-force-xplr-axs, open-u-p-grx800-vorgaenger, open-u-p-p-e-r-2-0-frameset, open-u-p-p-e-r-2-0-red-xplr-axs, open-wi-de-2-0-frameset, open-wi-de-frameset-vorgaenger, orbea-terra-h30-h40, orbea-terra-m20-m21e, orbea-terra-m30, orbea-terra-m40-grx-mech, orbea-terra-race-m10-m20ltd, orbea-terra-race-m20-grx, orbea-terra-race-m30, pinarello-dogma-gr-red-xplr-axs, pinarello-grevil-f1, pinarello-grevil-f3, pinarello-grevil-f5, pinarello-grevil-f7, pinarello-grevil-f9, ridley-astr-grx-di2, ridley-astr-rs-red-xplr-axs, ridley-grifn-grx, ridley-kanzo-adventure-grx-1x12, ridley-kanzo-adventure-rival-xplr-axs, ridley-kanzo-fast-2-0-force-xplr-axs, ridley-kanzo-fast-2-0-red-xplr-axs, ridley-kanzo-fast-grx-1x12, ridley-kanzo-fast-rival-axs, rose-backroad-al, rose-backroad-cf-grx-di2-force-axs, rose-backroad-cf-grx-rx820, rose-backroad-ff-classified-2x12, rose-backroad-ff-force-axs-xplr, rose-backroad-ff-grx-rx825-di2, rose-backroad-ff-red-xplr-axs, rose-backroad-ff-rival-axs, scott-addict-gravel-10, scott-addict-gravel-15, scott-addict-gravel-20, scott-addict-gravel-30, scott-addict-gravel-40, scott-addict-gravel-rc, specialized-crux-comp, specialized-crux-dsw-comp, specialized-crux-pro, specialized-diverge-comp, specialized-diverge-e5-comp, specialized-diverge-expert-axs, specialized-diverge-pro-ltd, specialized-diverge-sport-grx, specialized-diverge-str-comp, specialized-diverge-str-expert, specialized-s-works-crux, trek-checkmate-slr-7-axs, trek-checkmate-slr-9-axs, trek-checkpoint-alr-3, trek-checkpoint-alr-5, trek-checkpoint-sl-5, trek-checkpoint-sl-6-axs, trek-checkpoint-sl-7-axs, wilier-jaroon-grx-1x12, wilier-jaroon-grx-2x11, wilier-rave-slr-force-axs, wilier-rave-slr-id2-force-xplr-axs, wilier-rave-slr-id2-grx-di2-1x, wilier-rave-slr-id2-red-xplr-axs, wilier-rave-slr-red-xplr-axs",TRUE,Title,Default Title,VM-G-SRAMHS2180MMCENT,0,shopify,99,continue,manual,49.99,,TRUE,TRUE,active
schwalbe-g-one-rs-pro-700x35c-tlr,Schwalbe G-One RS Pro 700x35c TLR,<p><strong>Kompatibilität:</strong> Gravel — passend laut VeloMatch-Kompatibilitätsmatrix.</p>,Schwalbe,,Reifen,"vm-kat-reifen, 3t-exploro-ultra-custom-build, 3t-extrema-italia-custom-build, 3t-primo2-wpnt-custom-build, 3t-racemax-wpnt-custom-build, 3t-racemax2-italia-custom-build, 3t-ultra2-italia-custom-build, bmc-kaius-01-one, bmc-kaius-01-three, bmc-kaius-01-three-gen1, bmc-kaius-01-two, bmc-kaius-01-two-gen1, bmc-urs-01, bmc-urs-lt-one, cannondale-superx-1, cannondale-superx-2, cannondale-superx-lab71, cannondale-topstone-1, cannondale-topstone-carbon-1-lefty-axs, cannondale-topstone-carbon-2-axs-1x, cannondale-topstone-carbon-3, cannondale-topstone-carbon-ltd-di2, canyon-grail-cf-7, canyon-grail-cf-8-1by, canyon-grail-cf-sl-7-aero, canyon-grail-cf-slx-8-axs, canyon-grail-cf-slx-8-w-rift, canyon-grail-cfr-axs, canyon-grail-cfr-xplr, canyon-grizl-5, canyon-grizl-6-al, canyon-grizl-cf-6, canyon-grizl-cf-7, canyon-grizl-cf-8-escape-eclips, canyon-grizl-cf-8-w-rift, cervelo-spero-5-force-axs-xo-mullet, cervelo-spero-5-frameset, cervelo-spero-5-red-xplr-axs, cervelo-spero-grx, cervelo-spero-rival-xplr-axs, colnago-g3-x-shimano-grx, colnago-g4-x-frameset, colnago-g4-x-shimano-grx-1x12, colnago-g4-x-shimano-grx-2x12, colnago-g4-x-sram-force-xplr-1x13, colnago-g4-x-sram-red-xplr-axs, cube-nuroad-c-62-pro, cube-nuroad-c-62-sl, cube-nuroad-c-62-slt, cube-nuroad-one, cube-nuroad-one-fe, cube-nuroad-pro, cube-nuroad-race, cube-nuroad-slx, factor-ls-custom-build, factor-ostro-gravel-force-xplr-axs, factor-ostro-gravel-frameset, factor-ostro-gravel-grx-di2-1x, factor-ostro-gravel-red-xplr-axs, focus-atlas-6-8, focus-atlas-6-9, focus-atlas-8-7, focus-atlas-8-8, focus-atlas-8-8-8-7-bis-my2025, focus-atlas-8-9, giant-revolt-1, giant-revolt-2, giant-revolt-advanced-0, giant-revolt-advanced-2, giant-revolt-advanced-pro-0, giant-revolt-advanced-pro-1, giant-revolt-x, giant-revolt-x-advanced-pro, look-765-gravel-apex, look-765-gravel-rs-force-axs, look-765-gravel-rs-frameset, look-765-gravel-rs-grx, look-765-gravel-rs-rival-axs, merida-endurance-gr-8000, merida-silex-10k, merida-silex-200, merida-silex-5000, merida-silex-700, merida-silex-7000, merida-silex-8000-2025, merida-silex-8000-2026, merida-silex-9000, open-u-p-2-0-adventure-frameset, open-u-p-2-0-force-xplr-axs, open-u-p-grx800-vorgaenger, open-u-p-p-e-r-2-0-frameset, open-u-p-p-e-r-2-0-red-xplr-axs, open-wi-de-2-0-frameset, open-wi-de-frameset-vorgaenger, orbea-terra-h30-h40, orbea-terra-m20-m21e, orbea-terra-m30, orbea-terra-m40-grx-mech, orbea-terra-race-m10-m20ltd, orbea-terra-race-m20-grx, orbea-terra-race-m30, pinarello-dogma-gr-red-xplr-axs, pinarello-grevil-f1, pinarello-grevil-f3, pinarello-grevil-f5, pinarello-grevil-f7, pinarello-grevil-f9, ridley-astr-grx-di2, ridley-astr-rs-red-xplr-axs, ridley-grifn-grx, ridley-kanzo-adventure-grx-1x12, ridley-kanzo-adventure-rival-xplr-axs, ridley-kanzo-fast-2-0-force-xplr-axs, ridley-kanzo-fast-2-0-red-xplr-axs, ridley-kanzo-fast-grx-1x12, ridley-kanzo-fast-rival-axs, rose-backroad-al, rose-backroad-cf-grx-di2-force-axs, rose-backroad-cf-grx-rx820, rose-backroad-ff-classified-2x12, rose-backroad-ff-force-axs-xplr, rose-backroad-ff-grx-rx825-di2, rose-backroad-ff-red-xplr-axs, rose-backroad-ff-rival-axs, scott-addict-gravel-10, scott-addict-gravel-15, scott-addict-gravel-20, scott-addict-gravel-30, scott-addict-gravel-40, scott-addict-gravel-rc, specialized-crux-comp, specialized-crux-dsw-comp, specialized-crux-pro, specialized-diverge-comp, specialized-diverge-e5-comp, specialized-diverge-expert-axs, specialized-diverge-pro-ltd, specialized-diverge-sport-grx, specialized-diverge-str-comp, specialized-diverge-str-expert, specialized-s-works-crux, trek-checkmate-slr-7-axs, trek-checkmate-slr-9-axs, trek-checkpoint-alr-3, trek-checkpoint-alr-5, trek-checkpoint-sl-5, trek-checkpoint-sl-6-axs, trek-checkpoint-sl-7-axs, wilier-jaroon-grx-1x12, wilier-jaroon-grx-2x11, wilier-rave-slr-force-axs, wilier-rave-slr-id2-force-xplr-axs, wilier-rave-slr-id2-grx-di2-1x, wilier-rave-slr-id2-red-xplr-axs, wilier-rave-slr-red-xplr-axs",TRUE,Title,Default Title,VM-G-SCHWALBEGONERSPR,0,shopify,99,continue,manual,74.99,,TRUE,TRUE,active
schwalbe-g-one-rs-pro-700x35c-tlr2,Schwalbe G-One RS Pro 700x35c TLR,<p><strong>Kompatibilität:</strong> Gravel — passend laut VeloMatch-Kompatibilitätsmatrix.</p>,Schwalbe,,Reifen,"vm-kat-reifen, 3t-exploro-ultra-custom-build, 3t-extrema-italia-custom-build, 3t-primo2-wpnt-custom-build, 3t-racemax-wpnt-custom-build, 3t-racemax2-italia-custom-build, 3t-ultra2-italia-custom-build, bmc-kaius-01-one, bmc-kaius-01-three, bmc-kaius-01-three-gen1, bmc-kaius-01-two, bmc-kaius-01-two-gen1, bmc-urs-01, bmc-urs-lt-one, cannondale-superx-1, cannondale-superx-2, cannondale-superx-lab71, cannondale-topstone-1, cannondale-topstone-carbon-1-lefty-axs, cannondale-topstone-carbon-2-axs-1x, cannondale-topstone-carbon-3, cannondale-topstone-carbon-ltd-di2, canyon-grail-cf-7, canyon-grail-cf-8-1by, canyon-grail-cf-sl-7-aero, canyon-grail-cf-slx-8-axs, canyon-grail-cf-slx-8-w-rift, canyon-grail-cfr-axs, canyon-grail-cfr-xplr, canyon-grizl-5, canyon-grizl-6-al, canyon-grizl-cf-6, canyon-grizl-cf-7, canyon-grizl-cf-8-escape-eclips, canyon-grizl-cf-8-w-rift, cervelo-spero-5-force-axs-xo-mullet, cervelo-spero-5-frameset, cervelo-spero-5-red-xplr-axs, cervelo-spero-grx, cervelo-spero-rival-xplr-axs, colnago-g3-x-shimano-grx, colnago-g4-x-frameset, colnago-g4-x-shimano-grx-1x12, colnago-g4-x-shimano-grx-2x12, colnago-g4-x-sram-force-xplr-1x13, colnago-g4-x-sram-red-xplr-axs, cube-nuroad-c-62-pro, cube-nuroad-c-62-sl, cube-nuroad-c-62-slt, cube-nuroad-one, cube-nuroad-one-fe, cube-nuroad-pro, cube-nuroad-race, cube-nuroad-slx, factor-ls-custom-build, factor-ostro-gravel-force-xplr-axs, factor-ostro-gravel-frameset, factor-ostro-gravel-grx-di2-1x, factor-ostro-gravel-red-xplr-axs, focus-atlas-6-8, focus-atlas-6-9, focus-atlas-8-7, focus-atlas-8-8, focus-atlas-8-8-8-7-bis-my2025, focus-atlas-8-9, giant-revolt-1, giant-revolt-2, giant-revolt-advanced-0, giant-revolt-advanced-2, giant-revolt-advanced-pro-0, giant-revolt-advanced-pro-1, giant-revolt-x, giant-revolt-x-advanced-pro, look-765-gravel-apex, look-765-gravel-rs-force-axs, look-765-gravel-rs-frameset, look-765-gravel-rs-grx, look-765-gravel-rs-rival-axs, merida-endurance-gr-8000, merida-silex-10k, merida-silex-200, merida-silex-5000, merida-silex-700, merida-silex-7000, merida-silex-8000-2025, merida-silex-8000-2026, merida-silex-9000, open-u-p-2-0-adventure-frameset, open-u-p-2-0-force-xplr-axs, open-u-p-grx800-vorgaenger, open-u-p-p-e-r-2-0-frameset, open-u-p-p-e-r-2-0-red-xplr-axs, open-wi-de-2-0-frameset, open-wi-de-frameset-vorgaenger, orbea-terra-h30-h40, orbea-terra-m20-m21e, orbea-terra-m30, orbea-terra-m40-grx-mech, orbea-terra-race-m10-m20ltd, orbea-terra-race-m20-grx, orbea-terra-race-m30, pinarello-dogma-gr-red-xplr-axs, pinarello-grevil-f1, pinarello-grevil-f3, pinarello-grevil-f5, pinarello-grevil-f7, pinarello-grevil-f9, ridley-astr-grx-di2, ridley-astr-rs-red-xplr-axs, ridley-grifn-grx, ridley-kanzo-adventure-grx-1x12, ridley-kanzo-adventure-rival-xplr-axs, ridley-kanzo-fast-2-0-force-xplr-axs, ridley-kanzo-fast-2-0-red-xplr-axs, ridley-kanzo-fast-grx-1x12, ridley-kanzo-fast-rival-axs, rose-backroad-al, rose-backroad-cf-grx-di2-force-axs, rose-backroad-cf-grx-rx820, rose-backroad-ff-classified-2x12, rose-backroad-ff-force-axs-xplr, rose-backroad-ff-grx-rx825-di2, rose-backroad-ff-red-xplr-axs, rose-backroad-ff-rival-axs, scott-addict-gravel-10, scott-addict-gravel-15, scott-addict-gravel-20, scott-addict-gravel-30, scott-addict-gravel-40, scott-addict-gravel-rc, specialized-crux-comp, specialized-crux-dsw-comp, specialized-crux-pro, specialized-diverge-comp, specialized-diverge-e5-comp, specialized-diverge-expert-axs, specialized-diverge-pro-ltd, specialized-diverge-sport-grx, specialized-diverge-str-comp, specialized-diverge-str-expert, specialized-s-works-crux, trek-checkmate-slr-7-axs, trek-checkmate-slr-9-axs, trek-checkpoint-alr-3, trek-checkpoint-alr-5, trek-checkpoint-sl-5, trek-checkpoint-sl-6-axs, trek-checkpoint-sl-7-axs, wilier-jaroon-grx-1x12, wilier-jaroon-grx-2x11, wilier-rave-slr-force-axs, wilier-rave-slr-id2-force-xplr-axs, wilier-rave-slr-id2-grx-di2-1x, wilier-rave-slr-id2-red-xplr-axs, wilier-rave-slr-red-xplr-axs",TRUE,Title,Default Title,VM-G-SCHWALBEGONERSPR2,0,shopify,99,continue,manual,74.99,,TRUE,TRUE,active
pirelli-cinturato-gravel-rc-700x40c-tlr,Pirelli Cinturato Gravel RC 700x40c TLR,<p><strong>Kompatibilität:</strong> Gravel — passend laut VeloMatch-Kompatibilitätsmatrix.</p>,Pirelli,,Reifen,"vm-kat-reifen, 3t-exploro-ultra-custom-build, 3t-extrema-italia-custom-build, 3t-primo2-wpnt-custom-build, 3t-racemax-wpnt-custom-build, 3t-racemax2-italia-custom-build, 3t-ultra2-italia-custom-build, bmc-kaius-01-one, bmc-kaius-01-three, bmc-kaius-01-three-gen1, bmc-kaius-01-two, bmc-kaius-01-two-gen1, bmc-urs-01, bmc-urs-lt-one, cannondale-superx-1, cannondale-superx-2, cannondale-superx-lab71, cannondale-topstone-1, cannondale-topstone-carbon-1-lefty-axs, cannondale-topstone-carbon-2-axs-1x, cannondale-topstone-carbon-3, cannondale-topstone-carbon-ltd-di2, canyon-grail-cf-7, canyon-grail-cf-8-1by, canyon-grail-cf-sl-7-aero, canyon-grail-cf-slx-8-axs, canyon-grail-cf-slx-8-w-rift, canyon-grail-cfr-axs, canyon-grail-cfr-xplr, canyon-grizl-5, canyon-grizl-6-al, canyon-grizl-cf-6, canyon-grizl-cf-7, canyon-grizl-cf-8-escape-eclips, canyon-grizl-cf-8-w-rift, cervelo-spero-5-force-axs-xo-mullet, cervelo-spero-5-frameset, cervelo-spero-5-red-xplr-axs, cervelo-spero-grx, cervelo-spero-rival-xplr-axs, colnago-g3-x-shimano-grx, colnago-g4-x-frameset, colnago-g4-x-shimano-grx-1x12, colnago-g4-x-shimano-grx-2x12, colnago-g4-x-sram-force-xplr-1x13, colnago-g4-x-sram-red-xplr-axs, cube-nuroad-c-62-pro, cube-nuroad-c-62-sl, cube-nuroad-c-62-slt, cube-nuroad-one, cube-nuroad-one-fe, cube-nuroad-pro, cube-nuroad-race, cube-nuroad-slx, factor-ls-custom-build, factor-ostro-gravel-force-xplr-axs, factor-ostro-gravel-frameset, factor-ostro-gravel-grx-di2-1x, factor-ostro-gravel-red-xplr-axs, focus-atlas-6-8, focus-atlas-6-9, focus-atlas-8-7, focus-atlas-8-8, focus-atlas-8-8-8-7-bis-my2025, focus-atlas-8-9, giant-revolt-1, giant-revolt-2, giant-revolt-advanced-0, giant-revolt-advanced-2, giant-revolt-advanced-pro-0, giant-revolt-advanced-pro-1, giant-revolt-x, giant-revolt-x-advanced-pro, look-765-gravel-apex, look-765-gravel-rs-force-axs, look-765-gravel-rs-frameset, look-765-gravel-rs-grx, look-765-gravel-rs-rival-axs, merida-endurance-gr-8000, merida-silex-10k, merida-silex-200, merida-silex-5000, merida-silex-700, merida-silex-7000, merida-silex-8000-2025, merida-silex-8000-2026, merida-silex-9000, open-u-p-2-0-adventure-frameset, open-u-p-2-0-force-xplr-axs, open-u-p-grx800-vorgaenger, open-u-p-p-e-r-2-0-frameset, open-u-p-p-e-r-2-0-red-xplr-axs, open-wi-de-2-0-frameset, open-wi-de-frameset-vorgaenger, orbea-terra-h30-h40, orbea-terra-m20-m21e, orbea-terra-m30, orbea-terra-m40-grx-mech, orbea-terra-race-m10-m20ltd, orbea-terra-race-m20-grx, orbea-terra-race-m30, pinarello-dogma-gr-red-xplr-axs, pinarello-grevil-f1, pinarello-grevil-f3, pinarello-grevil-f5, pinarello-grevil-f7, pinarello-grevil-f9, ridley-astr-grx-di2, ridley-astr-rs-red-xplr-axs, ridley-grifn-grx, ridley-kanzo-adventure-grx-1x12, ridley-kanzo-adventure-rival-xplr-axs, ridley-kanzo-fast-2-0-force-xplr-axs, ridley-kanzo-fast-2-0-red-xplr-axs, ridley-kanzo-fast-grx-1x12, ridley-kanzo-fast-rival-axs, rose-backroad-al, rose-backroad-cf-grx-di2-force-axs, rose-backroad-cf-grx-rx820, rose-backroad-ff-classified-2x12, rose-backroad-ff-force-axs-xplr, rose-backroad-ff-grx-rx825-di2, rose-backroad-ff-red-xplr-axs, rose-backroad-ff-rival-axs, scott-addict-gravel-10, scott-addict-gravel-15, scott-addict-gravel-20, scott-addict-gravel-30, scott-addict-gravel-40, scott-addict-gravel-rc, specialized-crux-comp, specialized-crux-dsw-comp, specialized-crux-pro, specialized-diverge-comp, specialized-diverge-e5-comp, specialized-diverge-expert-axs, specialized-diverge-pro-ltd, specialized-diverge-sport-grx, specialized-diverge-str-comp, specialized-diverge-str-expert, specialized-s-works-crux, trek-checkmate-slr-7-axs, trek-checkmate-slr-9-axs, trek-checkpoint-alr-3, trek-checkpoint-alr-5, trek-checkpoint-sl-5, trek-checkpoint-sl-6-axs, trek-checkpoint-sl-7-axs, wilier-jaroon-grx-1x12, wilier-jaroon-grx-2x11, wilier-rave-slr-force-axs, wilier-rave-slr-id2-force-xplr-axs, wilier-rave-slr-id2-grx-di2-1x, wilier-rave-slr-id2-red-xplr-axs, wilier-rave-slr-red-xplr-axs",TRUE,Title,Default Title,VM-G-PIRELLICINTURATO,0,shopify,99,continue,manual,64.99,,TRUE,TRUE,active
vittoria-terreno-dry-700x40c-tlr,Vittoria Terreno Dry 700x40c TLR,<p><strong>Kompatibilität:</strong> Gravel — passend laut VeloMatch-Kompatibilitätsmatrix.</p>,Vittoria,,Reifen,"vm-kat-reifen, 3t-exploro-ultra-custom-build, 3t-extrema-italia-custom-build, 3t-primo2-wpnt-custom-build, 3t-racemax-wpnt-custom-build, 3t-racemax2-italia-custom-build, 3t-ultra2-italia-custom-build, bmc-kaius-01-one, bmc-kaius-01-three, bmc-kaius-01-three-gen1, bmc-kaius-01-two, bmc-kaius-01-two-gen1, bmc-urs-01, bmc-urs-lt-one, cannondale-superx-1, cannondale-superx-2, cannondale-superx-lab71, cannondale-topstone-1, cannondale-topstone-carbon-1-lefty-axs, cannondale-topstone-carbon-2-axs-1x, cannondale-topstone-carbon-3, cannondale-topstone-carbon-ltd-di2, canyon-grail-cf-7, canyon-grail-cf-8-1by, canyon-grail-cf-sl-7-aero, canyon-grail-cf-slx-8-axs, canyon-grail-cf-slx-8-w-rift, canyon-grail-cfr-axs, canyon-grail-cfr-xplr, canyon-grizl-5, canyon-grizl-6-al, canyon-grizl-cf-6, canyon-grizl-cf-7, canyon-grizl-cf-8-escape-eclips, canyon-grizl-cf-8-w-rift, cervelo-spero-5-force-axs-xo-mullet, cervelo-spero-5-frameset, cervelo-spero-5-red-xplr-axs, cervelo-spero-grx, cervelo-spero-rival-xplr-axs, colnago-g3-x-shimano-grx, colnago-g4-x-frameset, colnago-g4-x-shimano-grx-1x12, colnago-g4-x-shimano-grx-2x12, colnago-g4-x-sram-force-xplr-1x13, colnago-g4-x-sram-red-xplr-axs, cube-nuroad-c-62-pro, cube-nuroad-c-62-sl, cube-nuroad-c-62-slt, cube-nuroad-one, cube-nuroad-one-fe, cube-nuroad-pro, cube-nuroad-race, cube-nuroad-slx, factor-ls-custom-build, factor-ostro-gravel-force-xplr-axs, factor-ostro-gravel-frameset, factor-ostro-gravel-grx-di2-1x, factor-ostro-gravel-red-xplr-axs, focus-atlas-6-8, focus-atlas-6-9, focus-atlas-8-7, focus-atlas-8-8, focus-atlas-8-8-8-7-bis-my2025, focus-atlas-8-9, giant-revolt-1, giant-revolt-2, giant-revolt-advanced-0, giant-revolt-advanced-2, giant-revolt-advanced-pro-0, giant-revolt-advanced-pro-1, giant-revolt-x, giant-revolt-x-advanced-pro, look-765-gravel-apex, look-765-gravel-rs-force-axs, look-765-gravel-rs-frameset, look-765-gravel-rs-grx, look-765-gravel-rs-rival-axs, merida-endurance-gr-8000, merida-silex-10k, merida-silex-200, merida-silex-5000, merida-silex-700, merida-silex-7000, merida-silex-8000-2025, merida-silex-8000-2026, merida-silex-9000, open-u-p-2-0-adventure-frameset, open-u-p-2-0-force-xplr-axs, open-u-p-grx800-vorgaenger, open-u-p-p-e-r-2-0-frameset, open-u-p-p-e-r-2-0-red-xplr-axs, open-wi-de-2-0-frameset, open-wi-de-frameset-vorgaenger, orbea-terra-h30-h40, orbea-terra-m20-m21e, orbea-terra-m30, orbea-terra-m40-grx-mech, orbea-terra-race-m10-m20ltd, orbea-terra-race-m20-grx, orbea-terra-race-m30, pinarello-dogma-gr-red-xplr-axs, pinarello-grevil-f1, pinarello-grevil-f3, pinarello-grevil-f5, pinarello-grevil-f7, pinarello-grevil-f9, ridley-astr-grx-di2, ridley-astr-rs-red-xplr-axs, ridley-grifn-grx, ridley-kanzo-adventure-grx-1x12, ridley-kanzo-adventure-rival-xplr-axs, ridley-kanzo-fast-2-0-force-xplr-axs, ridley-kanzo-fast-2-0-red-xplr-axs, ridley-kanzo-fast-grx-1x12, ridley-kanzo-fast-rival-axs, rose-backroad-al, rose-backroad-cf-grx-di2-force-axs, rose-backroad-cf-grx-rx820, rose-backroad-ff-classified-2x12, rose-backroad-ff-force-axs-xplr, rose-backroad-ff-grx-rx825-di2, rose-backroad-ff-red-xplr-axs, rose-backroad-ff-rival-axs, scott-addict-gravel-10, scott-addict-gravel-15, scott-addict-gravel-20, scott-addict-gravel-30, scott-addict-gravel-40, scott-addict-gravel-rc, specialized-crux-comp, specialized-crux-dsw-comp, specialized-crux-pro, specialized-diverge-comp, specialized-diverge-e5-comp, specialized-diverge-expert-axs, specialized-diverge-pro-ltd, specialized-diverge-sport-grx, specialized-diverge-str-comp, specialized-diverge-str-expert, specialized-s-works-crux, trek-checkmate-slr-7-axs, trek-checkmate-slr-9-axs, trek-checkpoint-alr-3, trek-checkpoint-alr-5, trek-checkpoint-sl-5, trek-checkpoint-sl-6-axs, trek-checkpoint-sl-7-axs, wilier-jaroon-grx-1x12, wilier-jaroon-grx-2x11, wilier-rave-slr-force-axs, wilier-rave-slr-id2-force-xplr-axs, wilier-rave-slr-id2-grx-di2-1x, wilier-rave-slr-id2-red-xplr-axs, wilier-rave-slr-red-xplr-axs",TRUE,Title,Default Title,VM-G-VITTORIATERRENOD,0,shopify,99,continue,manual,59.99,,TRUE,TRUE,active
schwalbe-g-one-rs-pro-700x35c-tlr3,Schwalbe G-One RS Pro 700x35c TLR,<p><strong>Kompatibilität:</strong> Gravel — passend laut VeloMatch-Kompatibilitätsmatrix.</p>,Schwalbe,,Reifen,"vm-kat-reifen, 3t-exploro-ultra-custom-build, 3t-extrema-italia-custom-build, 3t-primo2-wpnt-custom-build, 3t-racemax-wpnt-custom-build, 3t-racemax2-italia-custom-build, 3t-ultra2-italia-custom-build, bmc-kaius-01-one, bmc-kaius-01-three, bmc-kaius-01-two, bmc-urs-01, cannondale-superx-1, cannondale-superx-2, cannondale-superx-lab71, cannondale-topstone-1, cannondale-topstone-carbon-1-lefty-axs, cannondale-topstone-carbon-2-axs-1x, cannondale-topstone-carbon-3, cannondale-topstone-carbon-ltd-di2, canyon-grizl-5, canyon-grizl-6-al, canyon-grizl-cf-6, canyon-grizl-cf-7, canyon-grizl-cf-8-escape-eclips, canyon-grizl-cf-8-w-rift, cervelo-spero-5-force-axs-xo-mullet, cervelo-spero-5-frameset, cervelo-spero-5-red-xplr-axs, cervelo-spero-grx, cervelo-spero-rival-xplr-axs, colnago-g4-x-frameset, colnago-g4-x-shimano-grx-1x12, colnago-g4-x-shimano-grx-2x12, colnago-g4-x-sram-force-xplr-1x13, colnago-g4-x-sram-red-xplr-axs, cube-nuroad-c-62-pro, cube-nuroad-c-62-sl, cube-nuroad-c-62-slt, cube-nuroad-one, cube-nuroad-one-fe, cube-nuroad-pro, cube-nuroad-race, cube-nuroad-slx, factor-ostro-gravel-force-xplr-axs, factor-ostro-gravel-frameset, factor-ostro-gravel-grx-di2-1x, factor-ostro-gravel-red-xplr-axs, focus-atlas-6-8, focus-atlas-6-9, focus-atlas-8-7, focus-atlas-8-8, focus-atlas-8-8-8-7-bis-my2025, focus-atlas-8-9, giant-revolt-1, giant-revolt-2, giant-revolt-advanced-0, giant-revolt-advanced-2, giant-revolt-advanced-pro-0, giant-revolt-advanced-pro-1, giant-revolt-x, giant-revolt-x-advanced-pro, merida-silex-10k, merida-silex-200, merida-silex-5000, merida-silex-700, merida-silex-7000, merida-silex-8000-2025, merida-silex-8000-2026, merida-silex-9000, open-u-p-2-0-adventure-frameset, open-u-p-2-0-force-xplr-axs, open-u-p-p-e-r-2-0-frameset, open-u-p-p-e-r-2-0-red-xplr-axs, open-wi-de-2-0-frameset, open-wi-de-frameset-vorgaenger, orbea-terra-h30-h40, orbea-terra-m20-m21e, orbea-terra-m30, orbea-terra-m40-grx-mech, orbea-terra-race-m10-m20ltd, orbea-terra-race-m20-grx, orbea-terra-race-m30, pinarello-dogma-gr-red-xplr-axs, pinarello-grevil-f1, pinarello-grevil-f3, pinarello-grevil-f5, pinarello-grevil-f7, pinarello-grevil-f9, ridley-astr-grx-di2, ridley-astr-rs-red-xplr-axs, ridley-kanzo-adventure-grx-1x12, ridley-kanzo-adventure-rival-xplr-axs, ridley-kanzo-fast-2-0-force-xplr-axs, ridley-kanzo-fast-2-0-red-xplr-axs, rose-backroad-al, rose-backroad-cf-grx-di2-force-axs, rose-backroad-cf-grx-rx820, rose-backroad-ff-classified-2x12, rose-backroad-ff-force-axs-xplr, rose-backroad-ff-grx-rx825-di2, rose-backroad-ff-red-xplr-axs, rose-backroad-ff-rival-axs, specialized-crux-comp, specialized-crux-dsw-comp, specialized-crux-pro, specialized-diverge-comp, specialized-diverge-e5-comp, specialized-diverge-expert-axs, specialized-diverge-pro-ltd, specialized-diverge-sport-grx, specialized-diverge-str-comp, specialized-diverge-str-expert, specialized-s-works-crux, trek-checkmate-slr-7-axs, trek-checkmate-slr-9-axs, trek-checkpoint-alr-3, trek-checkpoint-alr-5, trek-checkpoint-sl-5, trek-checkpoint-sl-6-axs, trek-checkpoint-sl-7-axs, wilier-jaroon-grx-1x12, wilier-jaroon-grx-2x11, wilier-rave-slr-id2-force-xplr-axs, wilier-rave-slr-id2-grx-di2-1x, wilier-rave-slr-id2-red-xplr-axs",TRUE,Title,Default Title,VM-G-SCHWALBEGONERSPR3,0,shopify,99,continue,manual,74.99,,TRUE,TRUE,active
schwalbe-g-one-bite-700x45c-tlr,Schwalbe G-One Bite 700x45c TLR,<p><strong>Kompatibilität:</strong> Gravel — passend laut VeloMatch-Kompatibilitätsmatrix.</p>,Schwalbe,,Reifen,"vm-kat-reifen, 3t-exploro-ultra-custom-build, 3t-extrema-italia-custom-build, 3t-primo2-wpnt-custom-build, 3t-racemax-wpnt-custom-build, 3t-racemax2-italia-custom-build, 3t-ultra2-italia-custom-build, bmc-kaius-01-one, bmc-kaius-01-three, bmc-kaius-01-two, bmc-urs-01, cannondale-superx-1, cannondale-superx-2, cannondale-superx-lab71, cannondale-topstone-1, cannondale-topstone-carbon-1-lefty-axs, cannondale-topstone-carbon-2-axs-1x, cannondale-topstone-carbon-3, cannondale-topstone-carbon-ltd-di2, canyon-grizl-5, canyon-grizl-6-al, canyon-grizl-cf-6, canyon-grizl-cf-7, canyon-grizl-cf-8-escape-eclips, canyon-grizl-cf-8-w-rift, cervelo-spero-5-force-axs-xo-mullet, cervelo-spero-5-frameset, cervelo-spero-5-red-xplr-axs, cervelo-spero-grx, cervelo-spero-rival-xplr-axs, colnago-g4-x-frameset, colnago-g4-x-shimano-grx-1x12, colnago-g4-x-shimano-grx-2x12, colnago-g4-x-sram-force-xplr-1x13, colnago-g4-x-sram-red-xplr-axs, cube-nuroad-c-62-pro, cube-nuroad-c-62-sl, cube-nuroad-c-62-slt, cube-nuroad-one, cube-nuroad-one-fe, cube-nuroad-pro, cube-nuroad-race, cube-nuroad-slx, factor-ostro-gravel-force-xplr-axs, factor-ostro-gravel-frameset, factor-ostro-gravel-grx-di2-1x, factor-ostro-gravel-red-xplr-axs, focus-atlas-6-8, focus-atlas-6-9, focus-atlas-8-7, focus-atlas-8-8, focus-atlas-8-8-8-7-bis-my2025, focus-atlas-8-9, giant-revolt-1, giant-revolt-2, giant-revolt-advanced-0, giant-revolt-advanced-2, giant-revolt-advanced-pro-0, giant-revolt-advanced-pro-1, giant-revolt-x, giant-revolt-x-advanced-pro, merida-silex-10k, merida-silex-200, merida-silex-5000, merida-silex-700, merida-silex-7000, merida-silex-8000-2025, merida-silex-8000-2026, merida-silex-9000, open-u-p-2-0-adventure-frameset, open-u-p-2-0-force-xplr-axs, open-u-p-p-e-r-2-0-frameset, open-u-p-p-e-r-2-0-red-xplr-axs, open-wi-de-2-0-frameset, open-wi-de-frameset-vorgaenger, orbea-terra-h30-h40, orbea-terra-m20-m21e, orbea-terra-m30, orbea-terra-m40-grx-mech, orbea-terra-race-m10-m20ltd, orbea-terra-race-m20-grx, orbea-terra-race-m30, pinarello-dogma-gr-red-xplr-axs, pinarello-grevil-f1, pinarello-grevil-f3, pinarello-grevil-f5, pinarello-grevil-f7, pinarello-grevil-f9, ridley-astr-grx-di2, ridley-astr-rs-red-xplr-axs, ridley-kanzo-adventure-grx-1x12, ridley-kanzo-adventure-rival-xplr-axs, ridley-kanzo-fast-2-0-force-xplr-axs, ridley-kanzo-fast-2-0-red-xplr-axs, rose-backroad-al, rose-backroad-cf-grx-di2-force-axs, rose-backroad-cf-grx-rx820, rose-backroad-ff-classified-2x12, rose-backroad-ff-force-axs-xplr, rose-backroad-ff-grx-rx825-di2, rose-backroad-ff-red-xplr-axs, rose-backroad-ff-rival-axs, specialized-crux-comp, specialized-crux-dsw-comp, specialized-crux-pro, specialized-diverge-comp, specialized-diverge-e5-comp, specialized-diverge-expert-axs, specialized-diverge-pro-ltd, specialized-diverge-sport-grx, specialized-diverge-str-comp, specialized-diverge-str-expert, specialized-s-works-crux, trek-checkmate-slr-7-axs, trek-checkmate-slr-9-axs, trek-checkpoint-alr-3, trek-checkpoint-alr-5, trek-checkpoint-sl-5, trek-checkpoint-sl-6-axs, trek-checkpoint-sl-7-axs, wilier-jaroon-grx-1x12, wilier-jaroon-grx-2x11, wilier-rave-slr-id2-force-xplr-axs, wilier-rave-slr-id2-grx-di2-1x, wilier-rave-slr-id2-red-xplr-axs",TRUE,Title,Default Title,VM-G-SCHWALBEGONEBITE,0,shopify,99,continue,manual,64.99,,TRUE,TRUE,active
maxxis-rambler-reaver-45mm,Maxxis Rambler/Reaver 45mm,<p><strong>Kompatibilität:</strong> Gravel — passend laut VeloMatch-Kompatibilitätsmatrix.</p>,Maxxis,,Reifen,"vm-kat-reifen, 3t-exploro-ultra-custom-build, 3t-extrema-italia-custom-build, 3t-primo2-wpnt-custom-build, 3t-racemax-wpnt-custom-build, 3t-racemax2-italia-custom-build, 3t-ultra2-italia-custom-build, bmc-kaius-01-one, bmc-kaius-01-three, bmc-kaius-01-two, bmc-urs-01, cannondale-superx-1, cannondale-superx-2, cannondale-superx-lab71, cannondale-topstone-1, cannondale-topstone-carbon-1-lefty-axs, cannondale-topstone-carbon-2-axs-1x, cannondale-topstone-carbon-3, cannondale-topstone-carbon-ltd-di2, canyon-grizl-5, canyon-grizl-6-al, canyon-grizl-cf-6, canyon-grizl-cf-7, canyon-grizl-cf-8-escape-eclips, canyon-grizl-cf-8-w-rift, cervelo-spero-5-force-axs-xo-mullet, cervelo-spero-5-frameset, cervelo-spero-5-red-xplr-axs, cervelo-spero-grx, cervelo-spero-rival-xplr-axs, colnago-g4-x-frameset, colnago-g4-x-shimano-grx-1x12, colnago-g4-x-shimano-grx-2x12, colnago-g4-x-sram-force-xplr-1x13, colnago-g4-x-sram-red-xplr-axs, cube-nuroad-c-62-pro, cube-nuroad-c-62-sl, cube-nuroad-c-62-slt, cube-nuroad-one, cube-nuroad-one-fe, cube-nuroad-pro, cube-nuroad-race, cube-nuroad-slx, factor-ostro-gravel-force-xplr-axs, factor-ostro-gravel-frameset, factor-ostro-gravel-grx-di2-1x, factor-ostro-gravel-red-xplr-axs, focus-atlas-6-8, focus-atlas-6-9, focus-atlas-8-7, focus-atlas-8-8, focus-atlas-8-8-8-7-bis-my2025, focus-atlas-8-9, giant-revolt-1, giant-revolt-2, giant-revolt-advanced-0, giant-revolt-advanced-2, giant-revolt-advanced-pro-0, giant-revolt-advanced-pro-1, giant-revolt-x, giant-revolt-x-advanced-pro, merida-silex-10k, merida-silex-200, merida-silex-5000, merida-silex-700, merida-silex-7000, merida-silex-8000-2025, merida-silex-8000-2026, merida-silex-9000, open-u-p-2-0-adventure-frameset, open-u-p-2-0-force-xplr-axs, open-u-p-p-e-r-2-0-frameset, open-u-p-p-e-r-2-0-red-xplr-axs, open-wi-de-2-0-frameset, open-wi-de-frameset-vorgaenger, orbea-terra-h30-h40, orbea-terra-m20-m21e, orbea-terra-m30, orbea-terra-m40-grx-mech, orbea-terra-race-m10-m20ltd, orbea-terra-race-m20-grx, orbea-terra-race-m30, pinarello-dogma-gr-red-xplr-axs, pinarello-grevil-f1, pinarello-grevil-f3, pinarello-grevil-f5, pinarello-grevil-f7, pinarello-grevil-f9, ridley-astr-grx-di2, ridley-astr-rs-red-xplr-axs, ridley-kanzo-adventure-grx-1x12, ridley-kanzo-adventure-rival-xplr-axs, ridley-kanzo-fast-2-0-force-xplr-axs, ridley-kanzo-fast-2-0-red-xplr-axs, rose-backroad-al, rose-backroad-cf-grx-di2-force-axs, rose-backroad-cf-grx-rx820, rose-backroad-ff-classified-2x12, rose-backroad-ff-force-axs-xplr, rose-backroad-ff-grx-rx825-di2, rose-backroad-ff-red-xplr-axs, rose-backroad-ff-rival-axs, specialized-crux-comp, specialized-crux-dsw-comp, specialized-crux-pro, specialized-diverge-comp, specialized-diverge-e5-comp, specialized-diverge-expert-axs, specialized-diverge-pro-ltd, specialized-diverge-sport-grx, specialized-diverge-str-comp, specialized-diverge-str-expert, specialized-s-works-crux, trek-checkmate-slr-7-axs, trek-checkmate-slr-9-axs, trek-checkpoint-alr-3, trek-checkpoint-alr-5, trek-checkpoint-sl-5, trek-checkpoint-sl-6-axs, trek-checkpoint-sl-7-axs, wilier-jaroon-grx-1x12, wilier-jaroon-grx-2x11, wilier-rave-slr-id2-force-xplr-axs, wilier-rave-slr-id2-grx-di2-1x, wilier-rave-slr-id2-red-xplr-axs",TRUE,Title,Default Title,VM-G-MAXXISRAMBLERREA,0,shopify,99,continue,manual,,,TRUE,TRUE,active
continental-terra-speed-700x40c-tlr,Continental Terra Speed 700x40c TLR,<p><strong>Kompatibilität:</strong> Gravel — passend laut VeloMatch-Kompatibilitätsmatrix.</p>,Continental,,Reifen,"vm-kat-reifen, 3t-exploro-ultra-custom-build, 3t-extrema-italia-custom-build, 3t-primo2-wpnt-custom-build, 3t-racemax-wpnt-custom-build, 3t-racemax2-italia-custom-build, 3t-ultra2-italia-custom-build, bmc-kaius-01-one, bmc-kaius-01-three, bmc-kaius-01-two, bmc-urs-01, cannondale-superx-1, cannondale-superx-2, cannondale-superx-lab71, cannondale-topstone-1, cannondale-topstone-carbon-1-lefty-axs, cannondale-topstone-carbon-2-axs-1x, cannondale-topstone-carbon-3, cannondale-topstone-carbon-ltd-di2, canyon-grizl-5, canyon-grizl-6-al, canyon-grizl-cf-6, canyon-grizl-cf-7, canyon-grizl-cf-8-escape-eclips, canyon-grizl-cf-8-w-rift, cervelo-spero-5-force-axs-xo-mullet, cervelo-spero-5-frameset, cervelo-spero-5-red-xplr-axs, cervelo-spero-grx, cervelo-spero-rival-xplr-axs, colnago-g4-x-frameset, colnago-g4-x-shimano-grx-1x12, colnago-g4-x-shimano-grx-2x12, colnago-g4-x-sram-force-xplr-1x13, colnago-g4-x-sram-red-xplr-axs, cube-nuroad-c-62-pro, cube-nuroad-c-62-sl, cube-nuroad-c-62-slt, cube-nuroad-one, cube-nuroad-one-fe, cube-nuroad-pro, cube-nuroad-race, cube-nuroad-slx, factor-ostro-gravel-force-xplr-axs, factor-ostro-gravel-frameset, factor-ostro-gravel-grx-di2-1x, factor-ostro-gravel-red-xplr-axs, focus-atlas-6-8, focus-atlas-6-9, focus-atlas-8-7, focus-atlas-8-8, focus-atlas-8-8-8-7-bis-my2025, focus-atlas-8-9, giant-revolt-1, giant-revolt-2, giant-revolt-advanced-0, giant-revolt-advanced-2, giant-revolt-advanced-pro-0, giant-revolt-advanced-pro-1, giant-revolt-x, giant-revolt-x-advanced-pro, merida-silex-10k, merida-silex-200, merida-silex-5000, merida-silex-700, merida-silex-7000, merida-silex-8000-2025, merida-silex-8000-2026, merida-silex-9000, open-u-p-2-0-adventure-frameset, open-u-p-2-0-force-xplr-axs, open-u-p-p-e-r-2-0-frameset, open-u-p-p-e-r-2-0-red-xplr-axs, open-wi-de-2-0-frameset, open-wi-de-frameset-vorgaenger, orbea-terra-h30-h40, orbea-terra-m20-m21e, orbea-terra-m30, orbea-terra-m40-grx-mech, orbea-terra-race-m10-m20ltd, orbea-terra-race-m20-grx, orbea-terra-race-m30, pinarello-dogma-gr-red-xplr-axs, pinarello-grevil-f1, pinarello-grevil-f3, pinarello-grevil-f5, pinarello-grevil-f7, pinarello-grevil-f9, ridley-astr-grx-di2, ridley-astr-rs-red-xplr-axs, ridley-kanzo-adventure-grx-1x12, ridley-kanzo-adventure-rival-xplr-axs, ridley-kanzo-fast-2-0-force-xplr-axs, ridley-kanzo-fast-2-0-red-xplr-axs, rose-backroad-al, rose-backroad-cf-grx-di2-force-axs, rose-backroad-cf-grx-rx820, rose-backroad-ff-classified-2x12, rose-backroad-ff-force-axs-xplr, rose-backroad-ff-grx-rx825-di2, rose-backroad-ff-red-xplr-axs, rose-backroad-ff-rival-axs, specialized-crux-comp, specialized-crux-dsw-comp, specialized-crux-pro, specialized-diverge-comp, specialized-diverge-e5-comp, specialized-diverge-expert-axs, specialized-diverge-pro-ltd, specialized-diverge-sport-grx, specialized-diverge-str-comp, specialized-diverge-str-expert, specialized-s-works-crux, trek-checkmate-slr-7-axs, trek-checkmate-slr-9-axs, trek-checkpoint-alr-3, trek-checkpoint-alr-5, trek-checkpoint-sl-5, trek-checkpoint-sl-6-axs, trek-checkpoint-sl-7-axs, wilier-jaroon-grx-1x12, wilier-jaroon-grx-2x11, wilier-rave-slr-id2-force-xplr-axs, wilier-rave-slr-id2-grx-di2-1x, wilier-rave-slr-id2-red-xplr-axs",TRUE,Title,Default Title,VM-G-CONTINENTALTERRA,0,shopify,99,continue,manual,64.99,,TRUE,TRUE,active
schwalbe-g-one-overland-700x50c-tlr,Schwalbe G-One Overland 700x50c TLR,<p><strong>Kompatibilität:</strong> Gravel — passend laut VeloMatch-Kompatibilitätsmatrix.</p>,Schwalbe,,Reifen,"vm-kat-reifen, 3t-extrema-italia-custom-build, 3t-racemax2-italia-custom-build, 3t-ultra2-italia-custom-build, bmc-kaius-01-one, bmc-kaius-01-three, bmc-kaius-01-two, cannondale-topstone-carbon-2-axs-1x, cannondale-topstone-carbon-3, cannondale-topstone-carbon-ltd-di2, canyon-grizl-5, canyon-grizl-6-al, canyon-grizl-cf-6, canyon-grizl-cf-7, canyon-grizl-cf-8-escape-eclips, canyon-grizl-cf-8-w-rift, focus-atlas-8-8-8-7-bis-my2025, giant-revolt-1, giant-revolt-2, giant-revolt-advanced-0, giant-revolt-advanced-2, giant-revolt-advanced-pro-0, giant-revolt-advanced-pro-1, giant-revolt-x, giant-revolt-x-advanced-pro, open-wi-de-2-0-frameset, orbea-terra-h30-h40, pinarello-dogma-gr-red-xplr-axs, pinarello-grevil-f1, pinarello-grevil-f3, pinarello-grevil-f5, pinarello-grevil-f7, pinarello-grevil-f9, ridley-kanzo-adventure-grx-1x12, ridley-kanzo-adventure-rival-xplr-axs, ridley-kanzo-fast-2-0-force-xplr-axs, ridley-kanzo-fast-2-0-red-xplr-axs, rose-backroad-al, rose-backroad-cf-grx-di2-force-axs, rose-backroad-cf-grx-rx820, specialized-crux-comp, specialized-crux-dsw-comp, specialized-crux-pro, specialized-diverge-comp, specialized-diverge-e5-comp, specialized-diverge-expert-axs, specialized-diverge-pro-ltd, specialized-diverge-sport-grx, specialized-s-works-crux, trek-checkpoint-alr-3, trek-checkpoint-alr-5, trek-checkpoint-sl-5, trek-checkpoint-sl-6-axs, trek-checkpoint-sl-7-axs, wilier-rave-slr-id2-force-xplr-axs, wilier-rave-slr-id2-grx-di2-1x, wilier-rave-slr-id2-red-xplr-axs",TRUE,Title,Default Title,VM-G-SCHWALBEGONEOVER,0,shopify,99,continue,manual,64.99,,TRUE,TRUE,active
vittoria-terreno-t50-mixed-700x50c-tlr,Vittoria Terreno T50 Mixed 700x50c TLR,<p><strong>Kompatibilität:</strong> Gravel — passend laut VeloMatch-Kompatibilitätsmatrix.</p>,Vittoria,,Reifen,"vm-kat-reifen, 3t-extrema-italia-custom-build, 3t-racemax2-italia-custom-build, 3t-ultra2-italia-custom-build, bmc-kaius-01-one, bmc-kaius-01-three, bmc-kaius-01-two, cannondale-topstone-carbon-2-axs-1x, cannondale-topstone-carbon-3, cannondale-topstone-carbon-ltd-di2, canyon-grizl-5, canyon-grizl-6-al, canyon-grizl-cf-6, canyon-grizl-cf-7, canyon-grizl-cf-8-escape-eclips, canyon-grizl-cf-8-w-rift, focus-atlas-8-8-8-7-bis-my2025, giant-revolt-1, giant-revolt-2, giant-revolt-advanced-0, giant-revolt-advanced-2, giant-revolt-advanced-pro-0, giant-revolt-advanced-pro-1, giant-revolt-x, giant-revolt-x-advanced-pro, open-wi-de-2-0-frameset, orbea-terra-h30-h40, pinarello-dogma-gr-red-xplr-axs, pinarello-grevil-f1, pinarello-grevil-f3, pinarello-grevil-f5, pinarello-grevil-f7, pinarello-grevil-f9, ridley-kanzo-adventure-grx-1x12, ridley-kanzo-adventure-rival-xplr-axs, ridley-kanzo-fast-2-0-force-xplr-axs, ridley-kanzo-fast-2-0-red-xplr-axs, rose-backroad-al, rose-backroad-cf-grx-di2-force-axs, rose-backroad-cf-grx-rx820, specialized-crux-comp, specialized-crux-dsw-comp, specialized-crux-pro, specialized-diverge-comp, specialized-diverge-e5-comp, specialized-diverge-expert-axs, specialized-diverge-pro-ltd, specialized-diverge-sport-grx, specialized-s-works-crux, trek-checkpoint-alr-3, trek-checkpoint-alr-5, trek-checkpoint-sl-5, trek-checkpoint-sl-6-axs, trek-checkpoint-sl-7-axs, wilier-rave-slr-id2-force-xplr-axs, wilier-rave-slr-id2-grx-di2-1x, wilier-rave-slr-id2-red-xplr-axs",TRUE,Title,Default Title,VM-G-VITTORIATERRENOT,0,shopify,99,continue,manual,64.99,,TRUE,TRUE,active
continental-dubnital-700x50c-tlr,Continental Dubnital 700x50c TLR,<p><strong>Kompatibilität:</strong> Gravel — passend laut VeloMatch-Kompatibilitätsmatrix.</p>,Continental,,Reifen,"vm-kat-reifen, 3t-extrema-italia-custom-build, 3t-racemax2-italia-custom-build, 3t-ultra2-italia-custom-build, bmc-kaius-01-one, bmc-kaius-01-three, bmc-kaius-01-two, cannondale-topstone-carbon-2-axs-1x, cannondale-topstone-carbon-3, cannondale-topstone-carbon-ltd-di2, canyon-grizl-5, canyon-grizl-6-al, canyon-grizl-cf-6, canyon-grizl-cf-7, canyon-grizl-cf-8-escape-eclips, canyon-grizl-cf-8-w-rift, focus-atlas-8-8-8-7-bis-my2025, giant-revolt-1, giant-revolt-2, giant-revolt-advanced-0, giant-revolt-advanced-2, giant-revolt-advanced-pro-0, giant-revolt-advanced-pro-1, giant-revolt-x, giant-revolt-x-advanced-pro, open-wi-de-2-0-frameset, orbea-terra-h30-h40, pinarello-dogma-gr-red-xplr-axs, pinarello-grevil-f1, pinarello-grevil-f3, pinarello-grevil-f5, pinarello-grevil-f7, pinarello-grevil-f9, ridley-kanzo-adventure-grx-1x12, ridley-kanzo-adventure-rival-xplr-axs, ridley-kanzo-fast-2-0-force-xplr-axs, ridley-kanzo-fast-2-0-red-xplr-axs, rose-backroad-al, rose-backroad-cf-grx-di2-force-axs, rose-backroad-cf-grx-rx820, specialized-crux-comp, specialized-crux-dsw-comp, specialized-crux-pro, specialized-diverge-comp, specialized-diverge-e5-comp, specialized-diverge-expert-axs, specialized-diverge-pro-ltd, specialized-diverge-sport-grx, specialized-s-works-crux, trek-checkpoint-alr-3, trek-checkpoint-alr-5, trek-checkpoint-sl-5, trek-checkpoint-sl-6-axs, trek-checkpoint-sl-7-axs, wilier-rave-slr-id2-force-xplr-axs, wilier-rave-slr-id2-grx-di2-1x, wilier-rave-slr-id2-red-xplr-axs",TRUE,Title,Default Title,VM-G-CONTINENTALDUBNI,0,shopify,99,continue,manual,69.99,,TRUE,TRUE,active
dropper-federstuetze-ab-werk,Dropper-/Federstütze ab Werk,<p><strong>Kompatibilität:</strong> Gravel — passend laut VeloMatch-Kompatibilitätsmatrix.</p>,Dropper-/Federstütze,,Sattelstütze,"vm-kat-sattelstuetze, 3t-racemax-wpnt-custom-build, 3t-racemax2-italia-custom-build, bmc-kaius-01-two-gen1, bmc-urs-lt-one",TRUE,Title,Default Title,VM-G-DROPPERFEDERSTUE,0,shopify,99,continue,manual,,,TRUE,TRUE,active
sram-gx-eagle-12-fach-mullet,SRAM GX Eagle 12-fach (Mullet),<p><strong>Kompatibilität:</strong> Gravel — passend laut VeloMatch-Kompatibilitätsmatrix.</p>,SRAM,,Kette,"vm-kat-kette, 3t-exploro-ultra-custom-build, 3t-extrema-italia-custom-build, 3t-ultra2-italia-custom-build, bmc-urs-lt-one, cannondale-topstone-carbon-1-lefty-axs, cannondale-topstone-carbon-2-axs-1x, cervelo-spero-5-force-axs-xo-mullet, focus-atlas-8-8, merida-silex-8000-2026, specialized-diverge-comp, specialized-diverge-str-expert",TRUE,Title,Default Title,VM-G-SRAMGXEAGLE12FAC,0,shopify,99,continue,manual,34.99,,TRUE,TRUE,active
sram-gx-eagle-t-type-flattop-12-fach,SRAM GX Eagle T-Type Flattop 12-fach,<p><strong>Kompatibilität:</strong> Gravel — passend laut VeloMatch-Kompatibilitätsmatrix.</p>,SRAM,,Kette,"vm-kat-kette, 3t-exploro-ultra-custom-build, 3t-extrema-italia-custom-build, 3t-ultra2-italia-custom-build, bmc-urs-lt-one, cannondale-topstone-carbon-1-lefty-axs, cannondale-topstone-carbon-2-axs-1x, cervelo-spero-5-force-axs-xo-mullet, focus-atlas-8-8, merida-silex-8000-2026, specialized-diverge-comp, specialized-diverge-str-expert",TRUE,Title,Default Title,VM-G-SRAMGXEAGLETTYPE,0,shopify,99,continue,manual,44.99,,TRUE,TRUE,active
sram-gx-eagle-xg-1275-10-52-12s,SRAM GX Eagle XG-1275 10-52 12s,<p><strong>Kompatibilität:</strong> Gravel — passend laut VeloMatch-Kompatibilitätsmatrix.</p>,SRAM,,Kassette,"vm-kat-kassette, 3t-exploro-ultra-custom-build, 3t-extrema-italia-custom-build, 3t-ultra2-italia-custom-build, bmc-urs-lt-one, cannondale-topstone-carbon-1-lefty-axs, cannondale-topstone-carbon-2-axs-1x, cervelo-spero-5-force-axs-xo-mullet, focus-atlas-8-8, merida-silex-8000-2026, specialized-diverge-comp, specialized-diverge-str-expert",TRUE,Title,Default Title,VM-G-SRAMGXEAGLEXG127,0,shopify,99,continue,manual,129.99,,TRUE,TRUE,active
sram-gx-eagle-xs-1275-t-type-10-52,SRAM GX Eagle XS-1275 T-Type 10-52,<p><strong>Kompatibilität:</strong> Gravel — passend laut VeloMatch-Kompatibilitätsmatrix.</p>,SRAM,,Kassette,"vm-kat-kassette, 3t-exploro-ultra-custom-build, 3t-extrema-italia-custom-build, 3t-ultra2-italia-custom-build, bmc-urs-lt-one, cannondale-topstone-carbon-1-lefty-axs, cannondale-topstone-carbon-2-axs-1x, cervelo-spero-5-force-axs-xo-mullet, focus-atlas-8-8, merida-silex-8000-2026, specialized-diverge-comp, specialized-diverge-str-expert",TRUE,Title,Default Title,VM-G-SRAMGXEAGLEXS127,0,shopify,99,continue,manual,179.99,,TRUE,TRUE,active
sram-gx-eagle-xg-1275-10-52-12s2,SRAM GX Eagle XG-1275 10-52 12s,<p><strong>Kompatibilität:</strong> Gravel — passend laut VeloMatch-Kompatibilitätsmatrix.</p>,SRAM,,Kassette,"vm-kat-kassette, 3t-exploro-ultra-custom-build, 3t-extrema-italia-custom-build, 3t-ultra2-italia-custom-build, bmc-urs-lt-one, cannondale-topstone-carbon-1-lefty-axs, cannondale-topstone-carbon-2-axs-1x, cervelo-spero-5-force-axs-xo-mullet, focus-atlas-8-8, merida-silex-8000-2026, specialized-diverge-comp, specialized-diverge-str-expert",TRUE,Title,Default Title,VM-G-SRAMGXEAGLEXG1272,0,shopify,99,continue,manual,129.99,,TRUE,TRUE,active
sram-powerlock-12-fach-flattop-4-st,SRAM PowerLock 12-fach Flattop (4 St.),<p><strong>Kompatibilität:</strong> Gravel — passend laut VeloMatch-Kompatibilitätsmatrix.</p>,SRAM,,Kettenschloss,"vm-kat-kettenschloss, 3t-exploro-ultra-custom-build, 3t-extrema-italia-custom-build, 3t-ultra2-italia-custom-build, bmc-urs-lt-one, cannondale-topstone-carbon-1-lefty-axs, cannondale-topstone-carbon-2-axs-1x, cervelo-spero-5-force-axs-xo-mullet, focus-atlas-8-8, merida-silex-8000-2026, specialized-diverge-comp, specialized-diverge-str-expert",TRUE,Title,Default Title,VM-G-SRAMPOWERLOCK12F,0,shopify,99,continue,manual,11.99,,TRUE,TRUE,active
sram-force-xplr-axs-dub-wide-40-42-44t,SRAM Force XPLR AXS DUB Wide (40/42/44T),<p><strong>Kompatibilität:</strong> Gravel — passend laut VeloMatch-Kompatibilitätsmatrix.</p>,SRAM,,Kurbelgarnitur,"vm-kat-kurbelgarnitur, 3t-exploro-ultra-custom-build, 3t-extrema-italia-custom-build, 3t-ultra2-italia-custom-build, bmc-urs-lt-one, cannondale-topstone-carbon-1-lefty-axs, cannondale-topstone-carbon-2-axs-1x, cervelo-spero-5-force-axs-xo-mullet, focus-atlas-8-8, merida-silex-8000-2026, specialized-diverge-comp, specialized-diverge-str-expert",TRUE,Title,Default Title,VM-G-SRAMFORCEXPLRAXS,0,shopify,99,continue,manual,299.99,,TRUE,TRUE,active
sram-force-xplr-axs-dub-wide-40-42-44t2,SRAM Force XPLR AXS DUB Wide (40/42/44T),<p><strong>Kompatibilität:</strong> Gravel — passend laut VeloMatch-Kompatibilitätsmatrix.</p>,SRAM,,Kurbelgarnitur,"vm-kat-kurbelgarnitur, 3t-exploro-ultra-custom-build, 3t-extrema-italia-custom-build, 3t-ultra2-italia-custom-build, bmc-urs-lt-one, cannondale-topstone-carbon-1-lefty-axs, cannondale-topstone-carbon-2-axs-1x, cervelo-spero-5-force-axs-xo-mullet, focus-atlas-8-8, merida-silex-8000-2026, specialized-diverge-comp, specialized-diverge-str-expert",TRUE,Title,Default Title,VM-G-SRAMFORCEXPLRAXS2,0,shopify,99,continue,manual,299.99,,TRUE,TRUE,active
sram-gx-eagle-t-type-axs-transmission,SRAM GX Eagle T-Type AXS (Transmission),<p><strong>Kompatibilität:</strong> Gravel — passend laut VeloMatch-Kompatibilitätsmatrix.</p>,SRAM,,Schaltwerk,"vm-kat-schaltwerk, 3t-exploro-ultra-custom-build, 3t-extrema-italia-custom-build, 3t-ultra2-italia-custom-build, bmc-urs-lt-one, cannondale-topstone-carbon-1-lefty-axs, cannondale-topstone-carbon-2-axs-1x, cervelo-spero-5-force-axs-xo-mullet, focus-atlas-8-8, merida-silex-8000-2026, specialized-diverge-comp, specialized-diverge-str-expert",TRUE,Title,Default Title,VM-G-SRAMGXEAGLETTYPE2,0,shopify,99,continue,manual,399.99,,TRUE,TRUE,active
sram-gx-eagle-t-type-axs-transmission2,SRAM GX Eagle T-Type AXS (Transmission),<p><strong>Kompatibilität:</strong> Gravel — passend laut VeloMatch-Kompatibilitätsmatrix.</p>,SRAM,,Schaltwerk,"vm-kat-schaltwerk, 3t-exploro-ultra-custom-build, 3t-extrema-italia-custom-build, 3t-ultra2-italia-custom-build, bmc-urs-lt-one, cannondale-topstone-carbon-1-lefty-axs, cannondale-topstone-carbon-2-axs-1x, cervelo-spero-5-force-axs-xo-mullet, focus-atlas-8-8, merida-silex-8000-2026, specialized-diverge-comp, specialized-diverge-str-expert",TRUE,Title,Default Title,VM-G-SRAMGXEAGLETTYPE3,0,shopify,99,continue,manual,399.99,,TRUE,TRUE,active
sram-red-force-rival-axs-organic-paar2,SRAM Red/Force/Rival AXS Organic (Paar),<p><strong>Kompatibilität:</strong> Gravel — passend laut VeloMatch-Kompatibilitätsmatrix.</p>,SRAM,,Bremsbelag,"vm-kat-bremsbelag, 3t-exploro-ultra-custom-build, 3t-extrema-italia-custom-build, 3t-ultra2-italia-custom-build, bmc-urs-lt-one, cannondale-topstone-carbon-1-lefty-axs, cannondale-topstone-carbon-2-axs-1x, cervelo-spero-5-force-axs-xo-mullet, focus-atlas-8-8, merida-silex-8000-2026, specialized-diverge-comp, specialized-diverge-str-expert",TRUE,Title,Default Title,VM-G-SRAMREDFORCERIVA2,0,shopify,99,continue,manual,29.99,,TRUE,TRUE,active
wtb-raddler-resolute-55mm,WTB Raddler / Resolute 55mm,<p><strong>Kompatibilität:</strong> Gravel — passend laut VeloMatch-Kompatibilitätsmatrix.</p>,WTB,,Reifen,"vm-kat-reifen, 3t-extrema-italia-custom-build, 3t-ultra2-italia-custom-build, open-wi-de-2-0-frameset, ridley-kanzo-fast-2-0-force-xplr-axs, ridley-kanzo-fast-2-0-red-xplr-axs, specialized-crux-comp, specialized-crux-dsw-comp, specialized-crux-pro, specialized-s-works-crux",TRUE,Title,Default Title,VM-G-WTBRADDLERRESOLU,0,shopify,99,continue,manual,,,TRUE,TRUE,active
maxxis-rambler-700x45c-tlr,Maxxis Rambler 700x45c TLR,<p><strong>Kompatibilität:</strong> Gravel — passend laut VeloMatch-Kompatibilitätsmatrix.</p>,Maxxis,,Reifen,"vm-kat-reifen, 3t-extrema-italia-custom-build, 3t-ultra2-italia-custom-build, open-wi-de-2-0-frameset, ridley-kanzo-fast-2-0-force-xplr-axs, ridley-kanzo-fast-2-0-red-xplr-axs, specialized-crux-comp, specialized-crux-dsw-comp, specialized-crux-pro, specialized-s-works-crux",TRUE,Title,Default Title,VM-G-MAXXISRAMBLER700,0,shopify,99,continue,manual,59.99,,TRUE,TRUE,active
vittoria-barzo-29x2-1-tlr-mtb,"Vittoria Barzo 29x2,1"" TLR (MTB)",<p><strong>Kompatibilität:</strong> Gravel — passend laut VeloMatch-Kompatibilitätsmatrix.</p>,Vittoria,,Reifen,"vm-kat-reifen, 3t-extrema-italia-custom-build, 3t-ultra2-italia-custom-build, open-wi-de-2-0-frameset, ridley-kanzo-fast-2-0-force-xplr-axs, ridley-kanzo-fast-2-0-red-xplr-axs",TRUE,Title,Default Title,VM-G-VITTORIABARZO29X,0,shopify,99,continue,manual,64.99,,TRUE,TRUE,active
vittoria-barzo-29x2-1-tlr-mtb2,"Vittoria Barzo 29x2,1"" TLR (MTB)",<p><strong>Kompatibilität:</strong> Gravel — passend laut VeloMatch-Kompatibilitätsmatrix.</p>,Vittoria,,Reifen,"vm-kat-reifen, 3t-extrema-italia-custom-build, 3t-ultra2-italia-custom-build, open-wi-de-2-0-frameset, ridley-kanzo-fast-2-0-force-xplr-axs, ridley-kanzo-fast-2-0-red-xplr-axs",TRUE,Title,Default Title,VM-G-VITTORIABARZO29X2,0,shopify,99,continue,manual,64.99,,TRUE,TRUE,active
ritchey-wcs-carbon-27-2mm-rund,"Ritchey WCS Carbon 27,2mm Rund",<p><strong>Kompatibilität:</strong> Gravel — passend laut VeloMatch-Kompatibilitätsmatrix.</p>,Ritchey,,Sattelstütze,"vm-kat-sattelstuetze, 3t-exploro-ultra-custom-build, 3t-extrema-italia-custom-build, 3t-primo2-wpnt-custom-build, 3t-ultra2-italia-custom-build, cannondale-topstone-1, cannondale-topstone-carbon-1-lefty-axs, cannondale-topstone-carbon-2-axs-1x, cannondale-topstone-carbon-3, cannondale-topstone-carbon-ltd-di2, canyon-grizl-5, canyon-grizl-6-al, canyon-grizl-cf-6, canyon-grizl-cf-7, canyon-grizl-cf-8-escape-eclips, canyon-grizl-cf-8-w-rift, cervelo-spero-grx, cervelo-spero-rival-xplr-axs, focus-atlas-6-8, focus-atlas-6-9, focus-atlas-8-7, focus-atlas-8-8, focus-atlas-8-8-8-7-bis-my2025, focus-atlas-8-9, look-765-gravel-apex, look-765-gravel-rs-force-axs, look-765-gravel-rs-frameset, look-765-gravel-rs-grx, look-765-gravel-rs-rival-axs, merida-endurance-gr-8000, merida-silex-10k, merida-silex-200, merida-silex-5000, merida-silex-700, merida-silex-7000, merida-silex-8000-2025, merida-silex-8000-2026, merida-silex-9000, open-u-p-2-0-adventure-frameset, open-u-p-2-0-force-xplr-axs, open-u-p-grx800-vorgaenger, open-u-p-p-e-r-2-0-frameset, open-u-p-p-e-r-2-0-red-xplr-axs, open-wi-de-2-0-frameset, open-wi-de-frameset-vorgaenger, orbea-terra-h30-h40, orbea-terra-m20-m21e, orbea-terra-m30, orbea-terra-m40-grx-mech, orbea-terra-race-m10-m20ltd, orbea-terra-race-m20-grx, orbea-terra-race-m30, ridley-grifn-grx, ridley-kanzo-adventure-grx-1x12, ridley-kanzo-adventure-rival-xplr-axs, specialized-crux-comp, specialized-crux-dsw-comp, specialized-crux-pro, specialized-diverge-comp, specialized-diverge-e5-comp, specialized-diverge-expert-axs, specialized-diverge-pro-ltd, specialized-diverge-sport-grx, specialized-s-works-crux, trek-checkpoint-alr-3, trek-checkpoint-alr-5, trek-checkpoint-sl-5, trek-checkpoint-sl-6-axs, trek-checkpoint-sl-7-axs, wilier-jaroon-grx-1x12, wilier-jaroon-grx-2x11",TRUE,Title,Default Title,VM-G-RITCHEYWCSCARBON,0,shopify,99,continue,manual,119.99,,TRUE,TRUE,active
sram-red-e1-flattop-13-fach2,SRAM Red E1 Flattop 13-fach,<p><strong>Kompatibilität:</strong> Gravel — passend laut VeloMatch-Kompatibilitätsmatrix.</p>,SRAM,,Kette,"vm-kat-kette, 3t-primo2-wpnt-custom-build, bmc-kaius-01-three-gen1, bmc-kaius-01-two-gen1, canyon-grail-cf-slx-8-axs, canyon-grail-cf-slx-8-w-rift, canyon-grail-cfr-axs, canyon-grizl-6-al, canyon-grizl-cf-6, canyon-grizl-cf-8-escape-eclips, factor-ls-custom-build, giant-revolt-x-advanced-pro, look-765-gravel-apex, look-765-gravel-rs-force-axs, look-765-gravel-rs-rival-axs, merida-endurance-gr-8000, merida-silex-5000, ridley-kanzo-adventure-rival-xplr-axs, ridley-kanzo-fast-rival-axs, rose-backroad-cf-grx-di2-force-axs, rose-backroad-ff-force-axs-xplr, rose-backroad-ff-rival-axs, scott-addict-gravel-10, scott-addict-gravel-20, specialized-diverge-e5-comp, wilier-rave-slr-force-axs",TRUE,Title,Default Title,VM-G-SRAMREDE1FLATTOP2,0,shopify,99,continue,manual,49.99,,TRUE,TRUE,active
sram-force-d1-flattop-12-fach,SRAM Force D1 Flattop 12-fach,<p><strong>Kompatibilität:</strong> Gravel — passend laut VeloMatch-Kompatibilitätsmatrix.</p>,SRAM,,Kette,"vm-kat-kette, 3t-primo2-wpnt-custom-build, bmc-kaius-01-three-gen1, bmc-kaius-01-two-gen1, canyon-grail-cf-slx-8-axs, canyon-grail-cf-slx-8-w-rift, canyon-grail-cfr-axs, canyon-grizl-6-al, canyon-grizl-cf-6, canyon-grizl-cf-8-escape-eclips, factor-ls-custom-build, giant-revolt-x-advanced-pro, look-765-gravel-apex, look-765-gravel-rs-force-axs, look-765-gravel-rs-rival-axs, merida-endurance-gr-8000, merida-silex-5000, ridley-kanzo-adventure-rival-xplr-axs, ridley-kanzo-fast-rival-axs, rose-backroad-cf-grx-di2-force-axs, rose-backroad-ff-force-axs-xplr, rose-backroad-ff-rival-axs, scott-addict-gravel-10, scott-addict-gravel-20, specialized-diverge-e5-comp, wilier-rave-slr-force-axs",TRUE,Title,Default Title,VM-G-SRAMFORCED1FLATT,0,shopify,99,continue,manual,29.99,,TRUE,TRUE,active
sram-rival-d1-flattop-12-fach,SRAM Rival D1 Flattop 12-fach,<p><strong>Kompatibilität:</strong> Gravel — passend laut VeloMatch-Kompatibilitätsmatrix.</p>,SRAM,,Kette,"vm-kat-kette, 3t-primo2-wpnt-custom-build, bmc-kaius-01-three-gen1, bmc-kaius-01-two-gen1, canyon-grail-cf-slx-8-axs, canyon-grail-cf-slx-8-w-rift, canyon-grail-cfr-axs, canyon-grizl-6-al, canyon-grizl-cf-6, canyon-grizl-cf-8-escape-eclips, factor-ls-custom-build, giant-revolt-x-advanced-pro, look-765-gravel-apex, look-765-gravel-rs-force-axs, look-765-gravel-rs-rival-axs, merida-endurance-gr-8000, merida-silex-5000, ridley-kanzo-adventure-rival-xplr-axs, ridley-kanzo-fast-rival-axs, rose-backroad-cf-grx-di2-force-axs, rose-backroad-ff-force-axs-xplr, rose-backroad-ff-rival-axs, scott-addict-gravel-10, scott-addict-gravel-20, specialized-diverge-e5-comp, wilier-rave-slr-force-axs",TRUE,Title,Default Title,VM-G-SRAMRIVALD1FLATT,0,shopify,99,continue,manual,22.99,,TRUE,TRUE,active
sram-force-d1-flattop-12-fach2,SRAM Force D1 Flattop 12-fach,<p><strong>Kompatibilität:</strong> Gravel — passend laut VeloMatch-Kompatibilitätsmatrix.</p>,SRAM,,Kette,"vm-kat-kette, 3t-primo2-wpnt-custom-build, bmc-kaius-01-three-gen1, bmc-kaius-01-two-gen1, canyon-grail-cf-slx-8-axs, canyon-grail-cf-slx-8-w-rift, canyon-grail-cfr-axs, canyon-grizl-6-al, canyon-grizl-cf-6, canyon-grizl-cf-8-escape-eclips, factor-ls-custom-build, giant-revolt-x-advanced-pro, look-765-gravel-apex, look-765-gravel-rs-force-axs, look-765-gravel-rs-rival-axs, merida-endurance-gr-8000, merida-silex-5000, ridley-kanzo-adventure-rival-xplr-axs, ridley-kanzo-fast-rival-axs, rose-backroad-cf-grx-di2-force-axs, rose-backroad-ff-force-axs-xplr, rose-backroad-ff-rival-axs, scott-addict-gravel-10, scott-addict-gravel-20, specialized-diverge-e5-comp, wilier-rave-slr-force-axs",TRUE,Title,Default Title,VM-G-SRAMFORCED1FLATT2,0,shopify,99,continue,manual,29.99,,TRUE,TRUE,active
sram-red-xg-1391-e1-xplr-10-46-13s2,SRAM Red XG-1391-E1 XPLR 10-46 13s,<p><strong>Kompatibilität:</strong> Gravel — passend laut VeloMatch-Kompatibilitätsmatrix.</p>,SRAM,,Kassette,"vm-kat-kassette, 3t-primo2-wpnt-custom-build, bmc-kaius-01-three-gen1, bmc-kaius-01-two-gen1, canyon-grail-cf-slx-8-axs, canyon-grail-cf-slx-8-w-rift, canyon-grail-cfr-axs, canyon-grizl-6-al, canyon-grizl-cf-6, canyon-grizl-cf-8-escape-eclips, factor-ls-custom-build, giant-revolt-x-advanced-pro, look-765-gravel-apex, look-765-gravel-rs-force-axs, look-765-gravel-rs-rival-axs, merida-endurance-gr-8000, merida-silex-5000, ridley-kanzo-adventure-rival-xplr-axs, ridley-kanzo-fast-rival-axs, rose-backroad-cf-grx-di2-force-axs, rose-backroad-ff-force-axs-xplr, rose-backroad-ff-rival-axs, scott-addict-gravel-10, scott-addict-gravel-20, specialized-diverge-e5-comp, wilier-rave-slr-force-axs",TRUE,Title,Default Title,VM-G-SRAMREDXG1391E1X2,0,shopify,99,continue,manual,379.99,,TRUE,TRUE,active
sram-force-xg-1270-10-36-12s,SRAM Force XG-1270 10-36 12s,<p><strong>Kompatibilität:</strong> Gravel — passend laut VeloMatch-Kompatibilitätsmatrix.</p>,SRAM,,Kassette,"vm-kat-kassette, 3t-primo2-wpnt-custom-build, bmc-kaius-01-three-gen1, bmc-kaius-01-two-gen1, canyon-grail-cf-slx-8-axs, canyon-grail-cf-slx-8-w-rift, canyon-grail-cfr-axs, canyon-grizl-6-al, canyon-grizl-cf-6, canyon-grizl-cf-8-escape-eclips, factor-ls-custom-build, giant-revolt-x-advanced-pro, look-765-gravel-apex, look-765-gravel-rs-force-axs, look-765-gravel-rs-rival-axs, merida-endurance-gr-8000, merida-silex-5000, ridley-kanzo-adventure-rival-xplr-axs, ridley-kanzo-fast-rival-axs, rose-backroad-cf-grx-di2-force-axs, rose-backroad-ff-force-axs-xplr, rose-backroad-ff-rival-axs, scott-addict-gravel-10, scott-addict-gravel-20, specialized-diverge-e5-comp, wilier-rave-slr-force-axs",TRUE,Title,Default Title,VM-G-SRAMFORCEXG12701,0,shopify,99,continue,manual,99.99,,TRUE,TRUE,active
sram-rival-xg-1250-10-44-12s,SRAM Rival XG-1250 10-44 12s,<p><strong>Kompatibilität:</strong> Gravel — passend laut VeloMatch-Kompatibilitätsmatrix.</p>,SRAM,,Kassette,"vm-kat-kassette, 3t-primo2-wpnt-custom-build, bmc-kaius-01-three-gen1, bmc-kaius-01-two-gen1, canyon-grail-cf-slx-8-axs, canyon-grail-cf-slx-8-w-rift, canyon-grail-cfr-axs, canyon-grizl-6-al, canyon-grizl-cf-6, canyon-grizl-cf-8-escape-eclips, factor-ls-custom-build, giant-revolt-x-advanced-pro, look-765-gravel-apex, look-765-gravel-rs-force-axs, look-765-gravel-rs-rival-axs, merida-endurance-gr-8000, merida-silex-5000, ridley-kanzo-adventure-rival-xplr-axs, ridley-kanzo-fast-rival-axs, rose-backroad-cf-grx-di2-force-axs, rose-backroad-ff-force-axs-xplr, rose-backroad-ff-rival-axs, scott-addict-gravel-10, scott-addict-gravel-20, specialized-diverge-e5-comp, wilier-rave-slr-force-axs",TRUE,Title,Default Title,VM-G-SRAMRIVALXG12501,0,shopify,99,continue,manual,59.99,,TRUE,TRUE,active
sram-apex-xg-1251-xplr-11-44-12s,SRAM Apex XG-1251 XPLR 11-44 12s,<p><strong>Kompatibilität:</strong> Gravel — passend laut VeloMatch-Kompatibilitätsmatrix.</p>,SRAM,,Kassette,"vm-kat-kassette, 3t-primo2-wpnt-custom-build, bmc-kaius-01-three-gen1, bmc-kaius-01-two-gen1, canyon-grail-cf-slx-8-axs, canyon-grail-cf-slx-8-w-rift, canyon-grail-cfr-axs, canyon-grizl-6-al, canyon-grizl-cf-6, canyon-grizl-cf-8-escape-eclips, factor-ls-custom-build, giant-revolt-x-advanced-pro, look-765-gravel-apex, look-765-gravel-rs-force-axs, look-765-gravel-rs-rival-axs, merida-endurance-gr-8000, merida-silex-5000, ridley-kanzo-adventure-rival-xplr-axs, ridley-kanzo-fast-rival-axs, rose-backroad-cf-grx-di2-force-axs, rose-backroad-ff-force-axs-xplr, rose-backroad-ff-rival-axs, scott-addict-gravel-10, scott-addict-gravel-20, specialized-diverge-e5-comp, wilier-rave-slr-force-axs",TRUE,Title,Default Title,VM-G-SRAMAPEXXG1251XP,0,shopify,99,continue,manual,49.99,,TRUE,TRUE,active
sram-powerlock-12-fach-flattop-4-st2,SRAM PowerLock 12-fach Flattop (4 St.),<p><strong>Kompatibilität:</strong> Gravel — passend laut VeloMatch-Kompatibilitätsmatrix.</p>,SRAM,,Kettenschloss,"vm-kat-kettenschloss, 3t-primo2-wpnt-custom-build, bmc-kaius-01-three-gen1, bmc-kaius-01-two-gen1, canyon-grail-cf-slx-8-axs, canyon-grail-cf-slx-8-w-rift, canyon-grail-cfr-axs, canyon-grizl-6-al, canyon-grizl-cf-6, canyon-grizl-cf-8-escape-eclips, factor-ls-custom-build, giant-revolt-x-advanced-pro, look-765-gravel-apex, look-765-gravel-rs-force-axs, look-765-gravel-rs-rival-axs, merida-endurance-gr-8000, merida-silex-5000, ridley-kanzo-adventure-rival-xplr-axs, ridley-kanzo-fast-rival-axs, rose-backroad-cf-grx-di2-force-axs, rose-backroad-ff-force-axs-xplr, rose-backroad-ff-rival-axs, scott-addict-gravel-10, scott-addict-gravel-20, specialized-diverge-e5-comp, wilier-rave-slr-force-axs",TRUE,Title,Default Title,VM-G-SRAMPOWERLOCK12F2,0,shopify,99,continue,manual,11.99,,TRUE,TRUE,active
sram-rival-xplr-axs-dub-wide-40t2,SRAM Rival XPLR AXS DUB Wide (40T),<p><strong>Kompatibilität:</strong> Gravel — passend laut VeloMatch-Kompatibilitätsmatrix.</p>,SRAM,,Kurbelgarnitur,"vm-kat-kurbelgarnitur, 3t-primo2-wpnt-custom-build, bmc-kaius-01-three-gen1, bmc-kaius-01-two-gen1, canyon-grail-cf-slx-8-axs, canyon-grail-cf-slx-8-w-rift, canyon-grail-cfr-axs, canyon-grizl-6-al, canyon-grizl-cf-6, canyon-grizl-cf-8-escape-eclips, factor-ls-custom-build, giant-revolt-x-advanced-pro, look-765-gravel-apex, look-765-gravel-rs-force-axs, look-765-gravel-rs-rival-axs, merida-endurance-gr-8000, merida-silex-5000, ridley-kanzo-adventure-rival-xplr-axs, ridley-kanzo-fast-rival-axs, rose-backroad-cf-grx-di2-force-axs, rose-backroad-ff-force-axs-xplr, rose-backroad-ff-rival-axs, scott-addict-gravel-10, scott-addict-gravel-20, specialized-diverge-e5-comp, wilier-rave-slr-force-axs",TRUE,Title,Default Title,VM-G-SRAMRIVALXPLRAXS2,0,shopify,99,continue,manual,199.99,,TRUE,TRUE,active
sram-force-xplr-etap-axs-1x13-full-mount2,SRAM Force XPLR eTap AXS 1x13 (Full Mount),<p><strong>Kompatibilität:</strong> Gravel — passend laut VeloMatch-Kompatibilitätsmatrix.</p>,SRAM,,Schaltwerk,"vm-kat-schaltwerk, 3t-primo2-wpnt-custom-build, bmc-kaius-01-three-gen1, bmc-kaius-01-two-gen1, canyon-grail-cf-slx-8-axs, canyon-grail-cf-slx-8-w-rift, canyon-grail-cfr-axs, canyon-grizl-6-al, canyon-grizl-cf-6, canyon-grizl-cf-8-escape-eclips, factor-ls-custom-build, giant-revolt-x-advanced-pro, look-765-gravel-apex, look-765-gravel-rs-force-axs, look-765-gravel-rs-rival-axs, merida-endurance-gr-8000, merida-silex-5000, ridley-kanzo-adventure-rival-xplr-axs, ridley-kanzo-fast-rival-axs, rose-backroad-cf-grx-di2-force-axs, rose-backroad-ff-force-axs-xplr, rose-backroad-ff-rival-axs, scott-addict-gravel-10, scott-addict-gravel-20, specialized-diverge-e5-comp, wilier-rave-slr-force-axs",TRUE,Title,Default Title,VM-G-SRAMFORCEXPLRETA2,0,shopify,99,continue,manual,499.99,,TRUE,TRUE,active
sram-red-force-rival-etap-axs-wide,SRAM Red/Force/Rival eTap AXS Wide,<p><strong>Kompatibilität:</strong> Gravel — passend laut VeloMatch-Kompatibilitätsmatrix.</p>,SRAM,,Umwerfer,"vm-kat-umwerfer, 3t-primo2-wpnt-custom-build, bmc-kaius-01-three-gen1, bmc-kaius-01-two-gen1, canyon-grail-cf-slx-8-axs, canyon-grail-cf-slx-8-w-rift, canyon-grail-cfr-axs, canyon-grizl-6-al, canyon-grizl-cf-6, canyon-grizl-cf-8-escape-eclips, factor-ls-custom-build, giant-revolt-x-advanced-pro, look-765-gravel-apex, look-765-gravel-rs-force-axs, look-765-gravel-rs-rival-axs, merida-endurance-gr-8000, merida-silex-5000, ridley-kanzo-adventure-rival-xplr-axs, rose-backroad-cf-grx-di2-force-axs, rose-backroad-ff-force-axs-xplr, rose-backroad-ff-rival-axs, scott-addict-gravel-10, scott-addict-gravel-20, specialized-diverge-e5-comp, wilier-rave-slr-force-axs",TRUE,Title,Default Title,VM-G-SRAMREDFORCERIVA3,0,shopify,99,continue,manual,,,TRUE,TRUE,active
sram-dub-t47,SRAM DUB T47,<p><strong>Kompatibilität:</strong> Gravel — passend laut VeloMatch-Kompatibilitätsmatrix.</p>,SRAM,,Innenlager,"vm-kat-innenlager, bmc-kaius-01-one, bmc-kaius-01-three, bmc-kaius-01-two, canyon-grizl-6-al, colnago-g4-x-sram-force-xplr-1x13, colnago-g4-x-sram-red-xplr-axs, look-765-gravel-apex, look-765-gravel-rs-force-axs, look-765-gravel-rs-rival-axs, open-u-p-2-0-force-xplr-axs, open-u-p-p-e-r-2-0-red-xplr-axs, ridley-kanzo-fast-2-0-force-xplr-axs, ridley-kanzo-fast-2-0-red-xplr-axs, trek-checkmate-slr-7-axs, trek-checkmate-slr-9-axs, trek-checkpoint-sl-6-axs, trek-checkpoint-sl-7-axs",TRUE,Title,Default Title,VM-G-SRAMDUBT47,0,shopify,99,continue,manual,39.99,,TRUE,TRUE,active
sram-dub-t472,SRAM DUB T47,<p><strong>Kompatibilität:</strong> Gravel — passend laut VeloMatch-Kompatibilitätsmatrix.</p>,SRAM,,Innenlager,"vm-kat-innenlager, bmc-kaius-01-one, bmc-kaius-01-three, bmc-kaius-01-two, canyon-grizl-6-al, colnago-g4-x-sram-force-xplr-1x13, colnago-g4-x-sram-red-xplr-axs, look-765-gravel-apex, look-765-gravel-rs-force-axs, look-765-gravel-rs-rival-axs, open-u-p-2-0-force-xplr-axs, open-u-p-p-e-r-2-0-red-xplr-axs, ridley-kanzo-fast-2-0-force-xplr-axs, ridley-kanzo-fast-2-0-red-xplr-axs, trek-checkmate-slr-7-axs, trek-checkmate-slr-9-axs, trek-checkpoint-sl-6-axs, trek-checkpoint-sl-7-axs",TRUE,Title,Default Title,VM-G-SRAMDUBT472,0,shopify,99,continue,manual,39.99,,TRUE,TRUE,active
sram-dub-pf-road-86-5-bb92,SRAM DUB PF Road 86.5 (BB92),<p><strong>Kompatibilität:</strong> Gravel — passend laut VeloMatch-Kompatibilitätsmatrix.</p>,SRAM,,Innenlager,"vm-kat-innenlager, bmc-kaius-01-three-gen1, bmc-kaius-01-two-gen1, bmc-urs-01, bmc-urs-lt-one, scott-addict-gravel-10, scott-addict-gravel-20, scott-addict-gravel-rc",TRUE,Title,Default Title,VM-G-SRAMDUBPFROAD865,0,shopify,99,continue,manual,29.99,,TRUE,TRUE,active
ceramicspeed-t47a-asymmetrisch-sram-dub,CeramicSpeed T47a asymmetrisch SRAM DUB,<p><strong>Kompatibilität:</strong> Gravel — passend laut VeloMatch-Kompatibilitätsmatrix.</p>,CeramicSpeed,,Innenlager,"vm-kat-innenlager, bmc-kaius-01-three-gen1, bmc-kaius-01-two-gen1, bmc-urs-01, bmc-urs-lt-one, canyon-grail-cf-sl-7-aero, canyon-grail-cf-slx-8-axs, canyon-grail-cf-slx-8-w-rift, canyon-grail-cfr-axs, canyon-grail-cfr-xplr, canyon-grizl-cf-6, canyon-grizl-cf-8-escape-eclips, canyon-grizl-cf-8-w-rift, cube-nuroad-c-62-sl, cube-nuroad-c-62-slt, giant-revolt-advanced-pro-0, giant-revolt-x-advanced-pro, merida-endurance-gr-8000, ridley-astr-rs-red-xplr-axs, ridley-kanzo-adventure-rival-xplr-axs, ridley-kanzo-fast-rival-axs, rose-backroad-cf-grx-di2-force-axs, rose-backroad-ff-force-axs-xplr, rose-backroad-ff-red-xplr-axs, rose-backroad-ff-rival-axs, scott-addict-gravel-10, scott-addict-gravel-20, scott-addict-gravel-rc",TRUE,Title,Default Title,VM-G-CERAMICSPEEDT47A,0,shopify,99,continue,manual,179.99,,TRUE,TRUE,active
sram-dub-bsa-68mm,SRAM DUB BSA 68mm,<p><strong>Kompatibilität:</strong> Gravel — passend laut VeloMatch-Kompatibilitätsmatrix.</p>,SRAM,,Innenlager,"vm-kat-innenlager, cannondale-superx-1, cannondale-superx-lab71, cannondale-topstone-carbon-1-lefty-axs, cannondale-topstone-carbon-2-axs-1x, focus-atlas-8-8, focus-atlas-8-9, merida-silex-5000, merida-silex-8000-2026, orbea-terra-m30, orbea-terra-race-m10-m20ltd, orbea-terra-race-m30, specialized-crux-pro, specialized-diverge-comp, specialized-diverge-e5-comp, specialized-diverge-expert-axs, specialized-diverge-pro-ltd, specialized-diverge-str-expert, specialized-s-works-crux",TRUE,Title,Default Title,VM-G-SRAMDUBBSA68MM,0,shopify,99,continue,manual,29.99,,TRUE,TRUE,active
sram-dub-bsa-68mm2,SRAM DUB BSA 68mm,<p><strong>Kompatibilität:</strong> Gravel — passend laut VeloMatch-Kompatibilitätsmatrix.</p>,SRAM,,Innenlager,"vm-kat-innenlager, cannondale-superx-1, cannondale-superx-lab71, cannondale-topstone-carbon-1-lefty-axs, cannondale-topstone-carbon-2-axs-1x, focus-atlas-8-8, focus-atlas-8-9, merida-silex-5000, merida-silex-8000-2026, orbea-terra-m30, orbea-terra-race-m10-m20ltd, orbea-terra-race-m30, specialized-crux-pro, specialized-diverge-comp, specialized-diverge-e5-comp, specialized-diverge-expert-axs, specialized-diverge-pro-ltd, specialized-diverge-str-expert, specialized-s-works-crux",TRUE,Title,Default Title,VM-G-SRAMDUBBSA68MM2,0,shopify,99,continue,manual,29.99,,TRUE,TRUE,active
shimano-cn-m8100-xt-grx-12-fach,Shimano CN-M8100 XT/GRX 12-fach,<p><strong>Kompatibilität:</strong> Gravel — passend laut VeloMatch-Kompatibilitätsmatrix.</p>,Shimano,,Kette,"vm-kat-kette, cannondale-superx-2, cannondale-topstone-1, cannondale-topstone-carbon-3, cannondale-topstone-carbon-ltd-di2, canyon-grail-cf-7, canyon-grail-cf-8-1by, canyon-grizl-cf-7, cervelo-spero-grx, colnago-g4-x-shimano-grx-1x12, colnago-g4-x-shimano-grx-2x12, cube-nuroad-c-62-pro, cube-nuroad-race, cube-nuroad-slx, factor-ostro-gravel-grx-di2-1x, focus-atlas-6-8, focus-atlas-6-9, focus-atlas-8-7, focus-atlas-8-8-8-7-bis-my2025, giant-revolt-1, giant-revolt-advanced-0, giant-revolt-advanced-2, giant-revolt-advanced-pro-1, giant-revolt-x, look-765-gravel-rs-grx, merida-silex-10k, merida-silex-200, merida-silex-7000, merida-silex-8000-2025, merida-silex-9000, orbea-terra-h30-h40, orbea-terra-m20-m21e, orbea-terra-m40-grx-mech, orbea-terra-race-m20-grx, pinarello-grevil-f1, pinarello-grevil-f3, ridley-astr-grx-di2, ridley-grifn-grx, ridley-kanzo-adventure-grx-1x12, ridley-kanzo-fast-grx-1x12, rose-backroad-al, rose-backroad-cf-grx-rx820, rose-backroad-ff-classified-2x12, rose-backroad-ff-grx-rx825-di2, scott-addict-gravel-15, scott-addict-gravel-30, specialized-crux-comp, specialized-crux-dsw-comp, specialized-diverge-sport-grx, specialized-diverge-str-comp, trek-checkpoint-alr-5, trek-checkpoint-sl-5, wilier-jaroon-grx-1x12, wilier-rave-slr-id2-grx-di2-1x",TRUE,Title,Default Title,VM-G-SHIMANOCNM8100XT,0,shopify,99,continue,manual,24.99,,TRUE,TRUE,active
shimano-cn-m7100-slx-12-fach,Shimano CN-M7100 SLX 12-fach,<p><strong>Kompatibilität:</strong> Gravel — passend laut VeloMatch-Kompatibilitätsmatrix.</p>,Shimano,,Kette,"vm-kat-kette, cannondale-superx-2, cannondale-topstone-1, cannondale-topstone-carbon-3, cannondale-topstone-carbon-ltd-di2, canyon-grail-cf-7, canyon-grail-cf-8-1by, canyon-grizl-cf-7, cervelo-spero-grx, colnago-g4-x-shimano-grx-1x12, colnago-g4-x-shimano-grx-2x12, cube-nuroad-c-62-pro, cube-nuroad-race, cube-nuroad-slx, factor-ostro-gravel-grx-di2-1x, focus-atlas-6-8, focus-atlas-6-9, focus-atlas-8-7, focus-atlas-8-8-8-7-bis-my2025, giant-revolt-1, giant-revolt-advanced-0, giant-revolt-advanced-2, giant-revolt-advanced-pro-1, giant-revolt-x, look-765-gravel-rs-grx, merida-silex-10k, merida-silex-200, merida-silex-7000, merida-silex-8000-2025, merida-silex-9000, orbea-terra-h30-h40, orbea-terra-m20-m21e, orbea-terra-m40-grx-mech, orbea-terra-race-m20-grx, pinarello-grevil-f1, pinarello-grevil-f3, ridley-astr-grx-di2, ridley-grifn-grx, ridley-kanzo-adventure-grx-1x12, ridley-kanzo-fast-grx-1x12, rose-backroad-al, rose-backroad-cf-grx-rx820, rose-backroad-ff-grx-rx825-di2, scott-addict-gravel-15, scott-addict-gravel-30, specialized-crux-comp, specialized-crux-dsw-comp, specialized-diverge-sport-grx, specialized-diverge-str-comp, trek-checkpoint-alr-5, trek-checkpoint-sl-5, wilier-jaroon-grx-1x12, wilier-rave-slr-id2-grx-di2-1x",TRUE,Title,Default Title,VM-G-SHIMANOCNM7100SL,0,shopify,99,continue,manual,19.99,,TRUE,TRUE,active
shimano-cn-m6100-deore-12-fach,Shimano CN-M6100 Deore 12-fach,<p><strong>Kompatibilität:</strong> Gravel — passend laut VeloMatch-Kompatibilitätsmatrix.</p>,Shimano,,Kette,"vm-kat-kette, cannondale-superx-2, cannondale-topstone-1, cannondale-topstone-carbon-3, cannondale-topstone-carbon-ltd-di2, canyon-grail-cf-7, canyon-grail-cf-8-1by, canyon-grizl-cf-7, cervelo-spero-grx, colnago-g4-x-shimano-grx-1x12, colnago-g4-x-shimano-grx-2x12, cube-nuroad-c-62-pro, cube-nuroad-race, cube-nuroad-slx, factor-ostro-gravel-grx-di2-1x, focus-atlas-6-8, focus-atlas-6-9, focus-atlas-8-7, focus-atlas-8-8-8-7-bis-my2025, giant-revolt-1, giant-revolt-advanced-0, giant-revolt-advanced-2, giant-revolt-advanced-pro-1, giant-revolt-x, look-765-gravel-rs-grx, merida-silex-10k, merida-silex-200, merida-silex-7000, merida-silex-8000-2025, merida-silex-9000, orbea-terra-h30-h40, orbea-terra-m20-m21e, orbea-terra-m40-grx-mech, orbea-terra-race-m20-grx, pinarello-grevil-f1, pinarello-grevil-f3, ridley-astr-grx-di2, ridley-grifn-grx, ridley-kanzo-adventure-grx-1x12, ridley-kanzo-fast-grx-1x12, rose-backroad-al, rose-backroad-cf-grx-rx820, rose-backroad-ff-grx-rx825-di2, scott-addict-gravel-15, scott-addict-gravel-30, specialized-crux-comp, specialized-crux-dsw-comp, specialized-diverge-sport-grx, specialized-diverge-str-comp, trek-checkpoint-alr-5, trek-checkpoint-sl-5, wilier-jaroon-grx-1x12, wilier-rave-slr-id2-grx-di2-1x",TRUE,Title,Default Title,VM-G-SHIMANOCNM6100DE,0,shopify,99,continue,manual,16.99,,TRUE,TRUE,active
shimano-cn-m8100-xt-grx-12-fach2,Shimano CN-M8100 XT/GRX 12-fach,<p><strong>Kompatibilität:</strong> Gravel — passend laut VeloMatch-Kompatibilitätsmatrix.</p>,Shimano,,Kette,"vm-kat-kette, cannondale-superx-2, cannondale-topstone-1, cannondale-topstone-carbon-3, cannondale-topstone-carbon-ltd-di2, canyon-grail-cf-8-1by, canyon-grizl-cf-7, cervelo-spero-grx, colnago-g4-x-shimano-grx-1x12, cube-nuroad-c-62-pro, cube-nuroad-slx, factor-ostro-gravel-grx-di2-1x, focus-atlas-6-8, focus-atlas-6-9, focus-atlas-8-7, focus-atlas-8-8-8-7-bis-my2025, giant-revolt-1, giant-revolt-advanced-0, giant-revolt-advanced-pro-1, giant-revolt-x, merida-silex-10k, merida-silex-200, merida-silex-7000, merida-silex-9000, orbea-terra-h30-h40, orbea-terra-m20-m21e, orbea-terra-m40-grx-mech, orbea-terra-race-m20-grx, pinarello-grevil-f1, pinarello-grevil-f3, ridley-astr-grx-di2, ridley-grifn-grx, ridley-kanzo-adventure-grx-1x12, ridley-kanzo-fast-grx-1x12, rose-backroad-al, rose-backroad-cf-grx-rx820, rose-backroad-ff-grx-rx825-di2, scott-addict-gravel-30, specialized-crux-comp, specialized-crux-dsw-comp, specialized-diverge-sport-grx, specialized-diverge-str-comp, trek-checkpoint-alr-5, trek-checkpoint-sl-5, wilier-jaroon-grx-1x12, wilier-rave-slr-id2-grx-di2-1x",TRUE,Title,Default Title,VM-G-SHIMANOCNM8100XT2,0,shopify,99,continue,manual,24.99,,TRUE,TRUE,active
shimano-cs-m8100-xt-10-51-12s,Shimano CS-M8100 XT 10-51 12s,<p><strong>Kompatibilität:</strong> Gravel — passend laut VeloMatch-Kompatibilitätsmatrix.</p>,Shimano,,Kassette,"vm-kat-kassette, cannondale-superx-2, cannondale-topstone-1, cannondale-topstone-carbon-3, cannondale-topstone-carbon-ltd-di2, canyon-grail-cf-8-1by, canyon-grizl-cf-7, cervelo-spero-grx, colnago-g4-x-shimano-grx-1x12, cube-nuroad-c-62-pro, cube-nuroad-slx, factor-ostro-gravel-grx-di2-1x, focus-atlas-6-8, focus-atlas-6-9, focus-atlas-8-7, focus-atlas-8-8-8-7-bis-my2025, giant-revolt-1, giant-revolt-advanced-0, giant-revolt-advanced-pro-1, giant-revolt-x, merida-silex-10k, merida-silex-200, merida-silex-7000, merida-silex-9000, orbea-terra-h30-h40, orbea-terra-m20-m21e, orbea-terra-m40-grx-mech, orbea-terra-race-m20-grx, pinarello-grevil-f1, pinarello-grevil-f3, ridley-astr-grx-di2, ridley-grifn-grx, ridley-kanzo-adventure-grx-1x12, ridley-kanzo-fast-grx-1x12, rose-backroad-al, rose-backroad-cf-grx-rx820, rose-backroad-ff-grx-rx825-di2, scott-addict-gravel-30, specialized-crux-comp, specialized-crux-dsw-comp, specialized-diverge-sport-grx, specialized-diverge-str-comp, trek-checkpoint-alr-5, trek-checkpoint-sl-5, wilier-jaroon-grx-1x12, wilier-rave-slr-id2-grx-di2-1x",TRUE,Title,Default Title,VM-G-SHIMANOCSM8100XT,0,shopify,99,continue,manual,149.99,,TRUE,TRUE,active
shimano-cs-m7100-slx-10-51-12s,Shimano CS-M7100 SLX 10-51 12s,<p><strong>Kompatibilität:</strong> Gravel — passend laut VeloMatch-Kompatibilitätsmatrix.</p>,Shimano,,Kassette,"vm-kat-kassette, cannondale-superx-2, cannondale-topstone-1, cannondale-topstone-carbon-3, cannondale-topstone-carbon-ltd-di2, canyon-grail-cf-8-1by, canyon-grizl-cf-7, cervelo-spero-grx, colnago-g4-x-shimano-grx-1x12, cube-nuroad-c-62-pro, cube-nuroad-slx, factor-ostro-gravel-grx-di2-1x, focus-atlas-6-8, focus-atlas-6-9, focus-atlas-8-7, focus-atlas-8-8-8-7-bis-my2025, giant-revolt-1, giant-revolt-advanced-0, giant-revolt-advanced-pro-1, giant-revolt-x, merida-silex-10k, merida-silex-200, merida-silex-7000, merida-silex-9000, orbea-terra-h30-h40, orbea-terra-m20-m21e, orbea-terra-m40-grx-mech, orbea-terra-race-m20-grx, pinarello-grevil-f1, pinarello-grevil-f3, ridley-astr-grx-di2, ridley-grifn-grx, ridley-kanzo-adventure-grx-1x12, ridley-kanzo-fast-grx-1x12, rose-backroad-al, rose-backroad-cf-grx-rx820, rose-backroad-ff-grx-rx825-di2, scott-addict-gravel-30, specialized-crux-comp, specialized-crux-dsw-comp, specialized-diverge-sport-grx, specialized-diverge-str-comp, trek-checkpoint-alr-5, trek-checkpoint-sl-5, wilier-jaroon-grx-1x12, wilier-rave-slr-id2-grx-di2-1x",TRUE,Title,Default Title,VM-G-SHIMANOCSM7100SL,0,shopify,99,continue,manual,89.99,,TRUE,TRUE,active
shimano-cs-m6100-deore-10-51-12s,Shimano CS-M6100 Deore 10-51 12s,<p><strong>Kompatibilität:</strong> Gravel — passend laut VeloMatch-Kompatibilitätsmatrix.</p>,Shimano,,Kassette,"vm-kat-kassette, cannondale-superx-2, cannondale-topstone-1, cannondale-topstone-carbon-3, cannondale-topstone-carbon-ltd-di2, canyon-grail-cf-8-1by, canyon-grizl-cf-7, cervelo-spero-grx, colnago-g4-x-shimano-grx-1x12, cube-nuroad-c-62-pro, cube-nuroad-slx, factor-ostro-gravel-grx-di2-1x, focus-atlas-6-8, focus-atlas-6-9, focus-atlas-8-7, focus-atlas-8-8-8-7-bis-my2025, giant-revolt-1, giant-revolt-advanced-0, giant-revolt-advanced-pro-1, giant-revolt-x, merida-silex-10k, merida-silex-200, merida-silex-7000, merida-silex-9000, orbea-terra-h30-h40, orbea-terra-m20-m21e, orbea-terra-m40-grx-mech, orbea-terra-race-m20-grx, pinarello-grevil-f1, pinarello-grevil-f3, ridley-astr-grx-di2, ridley-grifn-grx, ridley-kanzo-adventure-grx-1x12, ridley-kanzo-fast-grx-1x12, rose-backroad-al, rose-backroad-cf-grx-rx820, rose-backroad-ff-grx-rx825-di2, scott-addict-gravel-30, specialized-crux-comp, specialized-crux-dsw-comp, specialized-diverge-sport-grx, specialized-diverge-str-comp, trek-checkpoint-alr-5, trek-checkpoint-sl-5, wilier-jaroon-grx-1x12, wilier-rave-slr-id2-grx-di2-1x",TRUE,Title,Default Title,VM-G-SHIMANOCSM6100DE,0,shopify,99,continue,manual,69.99,,TRUE,TRUE,active
shimano-sm-cn910-12-quick-link-2-st,Shimano SM-CN910-12 Quick-Link (2 St.),<p><strong>Kompatibilität:</strong> Gravel — passend laut VeloMatch-Kompatibilitätsmatrix.</p>,Shimano,,Kettenschloss,"vm-kat-kettenschloss, cannondale-superx-2, cannondale-topstone-1, cannondale-topstone-carbon-3, cannondale-topstone-carbon-ltd-di2, canyon-grail-cf-7, canyon-grail-cf-8-1by, canyon-grizl-cf-7, cervelo-spero-grx, colnago-g4-x-shimano-grx-1x12, colnago-g4-x-shimano-grx-2x12, cube-nuroad-c-62-pro, cube-nuroad-race, cube-nuroad-slx, factor-ostro-gravel-grx-di2-1x, focus-atlas-6-8, focus-atlas-6-9, focus-atlas-8-7, focus-atlas-8-8-8-7-bis-my2025, giant-revolt-1, giant-revolt-advanced-0, giant-revolt-advanced-2, giant-revolt-advanced-pro-1, giant-revolt-x, look-765-gravel-rs-grx, merida-silex-10k, merida-silex-200, merida-silex-7000, merida-silex-8000-2025, merida-silex-9000, orbea-terra-h30-h40, orbea-terra-m20-m21e, orbea-terra-m40-grx-mech, orbea-terra-race-m20-grx, pinarello-grevil-f1, pinarello-grevil-f3, ridley-astr-grx-di2, ridley-grifn-grx, ridley-kanzo-adventure-grx-1x12, ridley-kanzo-fast-grx-1x12, rose-backroad-al, rose-backroad-cf-grx-rx820, rose-backroad-ff-classified-2x12, rose-backroad-ff-grx-rx825-di2, scott-addict-gravel-15, scott-addict-gravel-30, specialized-crux-comp, specialized-crux-dsw-comp, specialized-diverge-sport-grx, specialized-diverge-str-comp, trek-checkpoint-alr-5, trek-checkpoint-sl-5, wilier-jaroon-grx-1x12, wilier-rave-slr-id2-grx-di2-1x",TRUE,Title,Default Title,VM-G-SHIMANOSMCN91012,0,shopify,99,continue,manual,9.99,,TRUE,TRUE,active
shimano-sm-bb9200-bsa-68mm,Shimano SM-BB9200 BSA 68mm,<p><strong>Kompatibilität:</strong> Gravel — passend laut VeloMatch-Kompatibilitätsmatrix.</p>,Shimano,,Innenlager,"vm-kat-innenlager, cannondale-superx-2, cannondale-topstone-1, cannondale-topstone-carbon-3, cannondale-topstone-carbon-ltd-di2, cube-nuroad-one, cube-nuroad-one-fe, cube-nuroad-pro, cube-nuroad-race, cube-nuroad-slx, focus-atlas-6-8, focus-atlas-6-9, focus-atlas-8-7, merida-silex-10k, merida-silex-200, merida-silex-700, merida-silex-7000, merida-silex-8000-2025, merida-silex-9000, orbea-terra-h30-h40, orbea-terra-m20-m21e, orbea-terra-m40-grx-mech, orbea-terra-race-m20-grx, rose-backroad-al, specialized-crux-comp, specialized-crux-dsw-comp, specialized-diverge-sport-grx, specialized-diverge-str-comp, trek-checkpoint-alr-3, trek-checkpoint-alr-5, wilier-jaroon-grx-1x12, wilier-jaroon-grx-2x11",TRUE,Title,Default Title,VM-G-SHIMANOSMBB9200B,0,shopify,99,continue,manual,44.99,,TRUE,TRUE,active
shimano-bb-rs500-pb-press-fit-bb86,Shimano BB-RS500-PB Press-Fit BB86,<p><strong>Kompatibilität:</strong> Gravel — passend laut VeloMatch-Kompatibilitätsmatrix.</p>,Shimano,,Innenlager,"vm-kat-innenlager, cannondale-superx-2, cannondale-topstone-1, cannondale-topstone-carbon-3, cannondale-topstone-carbon-ltd-di2, cube-nuroad-one, cube-nuroad-one-fe, cube-nuroad-pro, cube-nuroad-race, cube-nuroad-slx, focus-atlas-6-8, focus-atlas-6-9, focus-atlas-8-7, merida-silex-10k, merida-silex-200, merida-silex-700, merida-silex-7000, merida-silex-8000-2025, merida-silex-9000, orbea-terra-h30-h40, orbea-terra-m20-m21e, orbea-terra-m40-grx-mech, orbea-terra-race-m20-grx, rose-backroad-al, specialized-crux-comp, specialized-crux-dsw-comp, specialized-diverge-sport-grx, specialized-diverge-str-comp, trek-checkpoint-alr-3, trek-checkpoint-alr-5, wilier-jaroon-grx-1x12, wilier-jaroon-grx-2x11",TRUE,Title,Default Title,VM-G-SHIMANOBBRS500PB,0,shopify,99,continue,manual,19.99,,TRUE,TRUE,active
ceramicspeed-bsa,CeramicSpeed BSA,<p><strong>Kompatibilität:</strong> Gravel — passend laut VeloMatch-Kompatibilitätsmatrix.</p>,CeramicSpeed,,Innenlager,"vm-kat-innenlager, cannondale-superx-2, cannondale-topstone-1, cannondale-topstone-carbon-3, cannondale-topstone-carbon-ltd-di2, cube-nuroad-one, cube-nuroad-one-fe, cube-nuroad-pro, cube-nuroad-race, cube-nuroad-slx, focus-atlas-6-8, focus-atlas-6-9, focus-atlas-8-7, merida-silex-10k, merida-silex-200, merida-silex-700, merida-silex-7000, merida-silex-8000-2025, merida-silex-9000, orbea-terra-h30-h40, orbea-terra-m20-m21e, orbea-terra-m40-grx-mech, orbea-terra-race-m20-grx, rose-backroad-al, specialized-crux-comp, specialized-crux-dsw-comp, specialized-diverge-sport-grx, specialized-diverge-str-comp, trek-checkpoint-alr-3, trek-checkpoint-alr-5, wilier-jaroon-grx-1x12, wilier-jaroon-grx-2x11",TRUE,Title,Default Title,VM-G-CERAMICSPEEDBSA,0,shopify,99,continue,manual,,,TRUE,TRUE,active
shimano-grx-fc-rx820-1-1x12-40-42t,Shimano GRX FC-RX820-1 1x12 (40/42T),<p><strong>Kompatibilität:</strong> Gravel — passend laut VeloMatch-Kompatibilitätsmatrix.</p>,Shimano,,Kurbelgarnitur,"vm-kat-kurbelgarnitur, cannondale-superx-2, cannondale-topstone-1, cannondale-topstone-carbon-3, cannondale-topstone-carbon-ltd-di2, canyon-grail-cf-8-1by, canyon-grizl-cf-7, cervelo-spero-grx, colnago-g4-x-shimano-grx-1x12, cube-nuroad-c-62-pro, cube-nuroad-slx, factor-ostro-gravel-grx-di2-1x, focus-atlas-6-8, focus-atlas-6-9, focus-atlas-8-7, focus-atlas-8-8-8-7-bis-my2025, giant-revolt-1, giant-revolt-advanced-0, giant-revolt-advanced-pro-1, giant-revolt-x, merida-silex-10k, merida-silex-200, merida-silex-7000, merida-silex-9000, orbea-terra-h30-h40, orbea-terra-m20-m21e, orbea-terra-m40-grx-mech, orbea-terra-race-m20-grx, pinarello-grevil-f1, pinarello-grevil-f3, ridley-astr-grx-di2, ridley-grifn-grx, ridley-kanzo-adventure-grx-1x12, ridley-kanzo-fast-grx-1x12, rose-backroad-al, rose-backroad-cf-grx-rx820, rose-backroad-ff-grx-rx825-di2, scott-addict-gravel-30, specialized-crux-comp, specialized-crux-dsw-comp, specialized-diverge-sport-grx, specialized-diverge-str-comp, trek-checkpoint-alr-5, trek-checkpoint-sl-5, wilier-jaroon-grx-1x12, wilier-rave-slr-id2-grx-di2-1x",TRUE,Title,Default Title,VM-G-SHIMANOGRXFCRX82,0,shopify,99,continue,manual,159.99,,TRUE,TRUE,active
shimano-grx-fc-rx610-1-1x12-40t,Shimano GRX FC-RX610-1 1x12 (40T),<p><strong>Kompatibilität:</strong> Gravel — passend laut VeloMatch-Kompatibilitätsmatrix.</p>,Shimano,,Kurbelgarnitur,"vm-kat-kurbelgarnitur, cannondale-superx-2, cannondale-topstone-1, cannondale-topstone-carbon-3, cannondale-topstone-carbon-ltd-di2, canyon-grail-cf-8-1by, canyon-grizl-cf-7, cervelo-spero-grx, colnago-g4-x-shimano-grx-1x12, cube-nuroad-c-62-pro, cube-nuroad-slx, factor-ostro-gravel-grx-di2-1x, focus-atlas-6-8, focus-atlas-6-9, focus-atlas-8-7, focus-atlas-8-8-8-7-bis-my2025, giant-revolt-1, giant-revolt-advanced-0, giant-revolt-advanced-pro-1, giant-revolt-x, merida-silex-10k, merida-silex-200, merida-silex-7000, merida-silex-9000, orbea-terra-h30-h40, orbea-terra-m20-m21e, orbea-terra-m40-grx-mech, orbea-terra-race-m20-grx, pinarello-grevil-f1, pinarello-grevil-f3, ridley-astr-grx-di2, ridley-grifn-grx, ridley-kanzo-adventure-grx-1x12, ridley-kanzo-fast-grx-1x12, rose-backroad-al, rose-backroad-cf-grx-rx820, rose-backroad-ff-grx-rx825-di2, scott-addict-gravel-30, specialized-crux-comp, specialized-crux-dsw-comp, specialized-diverge-sport-grx, specialized-diverge-str-comp, trek-checkpoint-alr-5, trek-checkpoint-sl-5, wilier-jaroon-grx-1x12, wilier-rave-slr-id2-grx-di2-1x",TRUE,Title,Default Title,VM-G-SHIMANOGRXFCRX61,0,shopify,99,continue,manual,119.99,,TRUE,TRUE,active
shimano-grx-rd-rx822-1x12-mech,Shimano GRX RD-RX822 1x12 mech.,<p><strong>Kompatibilität:</strong> Gravel — passend laut VeloMatch-Kompatibilitätsmatrix.</p>,Shimano,,Schaltwerk,"vm-kat-schaltwerk, cannondale-superx-2, cannondale-topstone-1, cannondale-topstone-carbon-3, cannondale-topstone-carbon-ltd-di2, canyon-grail-cf-8-1by, canyon-grizl-cf-7, cervelo-spero-grx, colnago-g4-x-shimano-grx-1x12, cube-nuroad-c-62-pro, cube-nuroad-slx, factor-ostro-gravel-grx-di2-1x, focus-atlas-6-8, focus-atlas-6-9, focus-atlas-8-7, focus-atlas-8-8-8-7-bis-my2025, giant-revolt-1, giant-revolt-advanced-0, giant-revolt-advanced-pro-1, giant-revolt-x, merida-silex-10k, merida-silex-200, merida-silex-7000, merida-silex-9000, orbea-terra-h30-h40, orbea-terra-m20-m21e, orbea-terra-m40-grx-mech, orbea-terra-race-m20-grx, pinarello-grevil-f1, pinarello-grevil-f3, ridley-astr-grx-di2, ridley-grifn-grx, ridley-kanzo-adventure-grx-1x12, ridley-kanzo-fast-grx-1x12, rose-backroad-al, rose-backroad-cf-grx-rx820, rose-backroad-ff-grx-rx825-di2, scott-addict-gravel-30, specialized-crux-comp, specialized-crux-dsw-comp, specialized-diverge-sport-grx, specialized-diverge-str-comp, trek-checkpoint-alr-5, trek-checkpoint-sl-5, wilier-jaroon-grx-1x12, wilier-rave-slr-id2-grx-di2-1x",TRUE,Title,Default Title,VM-G-SHIMANOGRXRDRX82,0,shopify,99,continue,manual,119.99,,TRUE,TRUE,active
shimano-grx-rd-rx827-di2-1x12,Shimano GRX RD-RX827 Di2 1x12,<p><strong>Kompatibilität:</strong> Gravel — passend laut VeloMatch-Kompatibilitätsmatrix.</p>,Shimano,,Schaltwerk,"vm-kat-schaltwerk, cannondale-superx-2, cannondale-topstone-1, cannondale-topstone-carbon-3, cannondale-topstone-carbon-ltd-di2, canyon-grail-cf-8-1by, canyon-grizl-cf-7, cervelo-spero-grx, colnago-g4-x-shimano-grx-1x12, cube-nuroad-c-62-pro, cube-nuroad-slx, factor-ostro-gravel-grx-di2-1x, focus-atlas-6-8, focus-atlas-6-9, focus-atlas-8-7, focus-atlas-8-8-8-7-bis-my2025, giant-revolt-1, giant-revolt-advanced-0, giant-revolt-advanced-pro-1, giant-revolt-x, merida-silex-10k, merida-silex-200, merida-silex-7000, merida-silex-9000, orbea-terra-h30-h40, orbea-terra-m20-m21e, orbea-terra-m40-grx-mech, orbea-terra-race-m20-grx, pinarello-grevil-f1, pinarello-grevil-f3, ridley-astr-grx-di2, ridley-grifn-grx, ridley-kanzo-adventure-grx-1x12, ridley-kanzo-fast-grx-1x12, rose-backroad-al, rose-backroad-cf-grx-rx820, rose-backroad-ff-grx-rx825-di2, scott-addict-gravel-30, specialized-crux-comp, specialized-crux-dsw-comp, specialized-diverge-sport-grx, specialized-diverge-str-comp, trek-checkpoint-alr-5, trek-checkpoint-sl-5, wilier-jaroon-grx-1x12, wilier-rave-slr-id2-grx-di2-1x",TRUE,Title,Default Title,VM-G-SHIMANOGRXRDRX822,0,shopify,99,continue,manual,379.99,,TRUE,TRUE,active
shimano-l05a-resin-plus-kuehlrippen-paar,Shimano L05A Resin + Kühlrippen (Paar),<p><strong>Kompatibilität:</strong> Gravel — passend laut VeloMatch-Kompatibilitätsmatrix.</p>,Shimano,,Bremsbelag,"vm-kat-bremsbelag, cannondale-superx-2, cannondale-topstone-1, cannondale-topstone-carbon-3, cannondale-topstone-carbon-ltd-di2, canyon-grail-cf-8-1by, canyon-grizl-cf-7, cervelo-spero-grx, colnago-g4-x-shimano-grx-1x12, cube-nuroad-c-62-pro, cube-nuroad-slx, factor-ostro-gravel-grx-di2-1x, focus-atlas-6-8, focus-atlas-6-9, focus-atlas-8-7, focus-atlas-8-8-8-7-bis-my2025, giant-revolt-1, giant-revolt-advanced-0, giant-revolt-advanced-pro-1, giant-revolt-x, merida-silex-10k, merida-silex-200, merida-silex-7000, merida-silex-9000, orbea-terra-h30-h40, orbea-terra-m20-m21e, orbea-terra-m40-grx-mech, orbea-terra-race-m20-grx, pinarello-grevil-f1, pinarello-grevil-f3, ridley-astr-grx-di2, ridley-grifn-grx, ridley-kanzo-adventure-grx-1x12, ridley-kanzo-fast-grx-1x12, rose-backroad-al, rose-backroad-cf-grx-rx820, rose-backroad-ff-grx-rx825-di2, scott-addict-gravel-30, specialized-crux-comp, specialized-crux-dsw-comp, specialized-diverge-sport-grx, specialized-diverge-str-comp, trek-checkpoint-alr-5, trek-checkpoint-sl-5, wilier-jaroon-grx-1x12, wilier-rave-slr-id2-grx-di2-1x",TRUE,Title,Default Title,VM-G-SHIMANOL05ARESIN,0,shopify,99,continue,manual,24.99,,TRUE,TRUE,active
shimano-k05s-resin-paar,Shimano K05S Resin (Paar),<p><strong>Kompatibilität:</strong> Gravel — passend laut VeloMatch-Kompatibilitätsmatrix.</p>,Shimano,,Bremsbelag,"vm-kat-bremsbelag, cannondale-superx-2, cannondale-topstone-1, cannondale-topstone-carbon-3, cannondale-topstone-carbon-ltd-di2, canyon-grail-cf-8-1by, canyon-grizl-cf-7, cervelo-spero-grx, colnago-g4-x-shimano-grx-1x12, cube-nuroad-c-62-pro, cube-nuroad-slx, factor-ostro-gravel-grx-di2-1x, focus-atlas-6-8, focus-atlas-6-9, focus-atlas-8-7, focus-atlas-8-8-8-7-bis-my2025, giant-revolt-1, giant-revolt-advanced-0, giant-revolt-advanced-pro-1, giant-revolt-x, merida-silex-10k, merida-silex-200, merida-silex-7000, merida-silex-9000, orbea-terra-h30-h40, orbea-terra-m20-m21e, orbea-terra-m40-grx-mech, orbea-terra-race-m20-grx, pinarello-grevil-f1, pinarello-grevil-f3, ridley-astr-grx-di2, ridley-grifn-grx, ridley-kanzo-adventure-grx-1x12, ridley-kanzo-fast-grx-1x12, rose-backroad-al, rose-backroad-cf-grx-rx820, rose-backroad-ff-grx-rx825-di2, scott-addict-gravel-30, specialized-crux-comp, specialized-crux-dsw-comp, specialized-diverge-sport-grx, specialized-diverge-str-comp, trek-checkpoint-alr-5, trek-checkpoint-sl-5, wilier-jaroon-grx-1x12, wilier-rave-slr-id2-grx-di2-1x",TRUE,Title,Default Title,VM-G-SHIMANOK05SRESIN,0,shopify,99,continue,manual,14.99,,TRUE,TRUE,active
shimano-l04c-metall-paar,Shimano L04C Metall (Paar),<p><strong>Kompatibilität:</strong> Gravel — passend laut VeloMatch-Kompatibilitätsmatrix.</p>,Shimano,,Bremsbelag,"vm-kat-bremsbelag, cannondale-superx-2, cannondale-topstone-1, cannondale-topstone-carbon-3, cannondale-topstone-carbon-ltd-di2, canyon-grail-cf-8-1by, canyon-grizl-cf-7, cervelo-spero-grx, colnago-g4-x-shimano-grx-1x12, cube-nuroad-c-62-pro, cube-nuroad-slx, factor-ostro-gravel-grx-di2-1x, focus-atlas-6-8, focus-atlas-6-9, focus-atlas-8-7, focus-atlas-8-8-8-7-bis-my2025, giant-revolt-1, giant-revolt-advanced-0, giant-revolt-advanced-pro-1, giant-revolt-x, merida-silex-10k, merida-silex-200, merida-silex-7000, merida-silex-9000, orbea-terra-h30-h40, orbea-terra-m20-m21e, orbea-terra-m40-grx-mech, orbea-terra-race-m20-grx, pinarello-grevil-f1, pinarello-grevil-f3, ridley-astr-grx-di2, ridley-grifn-grx, ridley-kanzo-adventure-grx-1x12, ridley-kanzo-fast-grx-1x12, rose-backroad-al, rose-backroad-cf-grx-rx820, rose-backroad-ff-grx-rx825-di2, scott-addict-gravel-30, specialized-crux-comp, specialized-crux-dsw-comp, specialized-diverge-sport-grx, specialized-diverge-str-comp, trek-checkpoint-alr-5, trek-checkpoint-sl-5, wilier-jaroon-grx-1x12, wilier-rave-slr-id2-grx-di2-1x",TRUE,Title,Default Title,VM-G-SHIMANOL04CMETAL,0,shopify,99,continue,manual,34.99,,TRUE,TRUE,active
swissstop-disc-34-rs-shimano-paar,"SwissStop Disc 34 RS (Shimano, Paar)",<p><strong>Kompatibilität:</strong> Gravel — passend laut VeloMatch-Kompatibilitätsmatrix.</p>,SwissStop,,Bremsbelag,"vm-kat-bremsbelag, cannondale-superx-2, cannondale-topstone-1, cannondale-topstone-carbon-3, cannondale-topstone-carbon-ltd-di2, canyon-grail-cf-7, canyon-grail-cf-8-1by, canyon-grizl-cf-7, cervelo-spero-grx, colnago-g4-x-shimano-grx-1x12, colnago-g4-x-shimano-grx-2x12, cube-nuroad-c-62-pro, cube-nuroad-race, cube-nuroad-slx, factor-ostro-gravel-grx-di2-1x, focus-atlas-6-8, focus-atlas-6-9, focus-atlas-8-7, focus-atlas-8-8-8-7-bis-my2025, giant-revolt-1, giant-revolt-advanced-0, giant-revolt-advanced-2, giant-revolt-advanced-pro-1, giant-revolt-x, look-765-gravel-rs-grx, merida-silex-10k, merida-silex-200, merida-silex-7000, merida-silex-8000-2025, merida-silex-9000, orbea-terra-h30-h40, orbea-terra-m20-m21e, orbea-terra-m40-grx-mech, orbea-terra-race-m20-grx, pinarello-grevil-f1, pinarello-grevil-f3, ridley-astr-grx-di2, ridley-grifn-grx, ridley-kanzo-adventure-grx-1x12, ridley-kanzo-fast-grx-1x12, rose-backroad-al, rose-backroad-cf-grx-rx820, rose-backroad-ff-grx-rx825-di2, scott-addict-gravel-15, scott-addict-gravel-30, specialized-crux-comp, specialized-crux-dsw-comp, specialized-diverge-sport-grx, specialized-diverge-str-comp, trek-checkpoint-alr-5, trek-checkpoint-sl-5, wilier-jaroon-grx-1x12, wilier-rave-slr-id2-grx-di2-1x",TRUE,Title,Default Title,VM-G-SWISSSTOPDISC34R,0,shopify,99,continue,manual,29.99,,TRUE,TRUE,active
sram-dub-press-fit-bb86-road,SRAM DUB Press-Fit BB86 Road,<p><strong>Kompatibilität:</strong> Gravel — passend laut VeloMatch-Kompatibilitätsmatrix.</p>,SRAM,,Innenlager,"vm-kat-innenlager, canyon-grail-cf-sl-7-aero, canyon-grail-cf-slx-8-axs, canyon-grail-cf-slx-8-w-rift, canyon-grail-cfr-axs, canyon-grail-cfr-xplr, canyon-grizl-cf-6, canyon-grizl-cf-8-escape-eclips, canyon-grizl-cf-8-w-rift, cube-nuroad-c-62-sl, cube-nuroad-c-62-slt, giant-revolt-advanced-pro-0, giant-revolt-x-advanced-pro, merida-endurance-gr-8000, ridley-astr-rs-red-xplr-axs, ridley-kanzo-adventure-rival-xplr-axs, ridley-kanzo-fast-rival-axs, rose-backroad-cf-grx-di2-force-axs, rose-backroad-ff-force-axs-xplr, rose-backroad-ff-red-xplr-axs, rose-backroad-ff-rival-axs",TRUE,Title,Default Title,VM-G-SRAMDUBPRESSFITB,0,shopify,99,continue,manual,29.99,,TRUE,TRUE,active
shimano-bb-rs500-pb-press-fit-bb862,Shimano BB-RS500-PB Press-Fit BB86,<p><strong>Kompatibilität:</strong> Gravel — passend laut VeloMatch-Kompatibilitätsmatrix.</p>,Shimano,,Innenlager,"vm-kat-innenlager, canyon-grail-cf-7, canyon-grail-cf-8-1by, canyon-grizl-5, canyon-grizl-cf-7, cube-nuroad-c-62-pro, giant-revolt-1, giant-revolt-2, giant-revolt-advanced-0, giant-revolt-advanced-2, giant-revolt-advanced-pro-1, giant-revolt-x, ridley-astr-grx-di2, ridley-grifn-grx, ridley-kanzo-adventure-grx-1x12, ridley-kanzo-fast-grx-1x12, rose-backroad-cf-grx-rx820, rose-backroad-ff-classified-2x12, rose-backroad-ff-grx-rx825-di2",TRUE,Title,Default Title,VM-G-SHIMANOBBRS500PB2,0,shopify,99,continue,manual,19.99,,TRUE,TRUE,active
shimano-sm-bb92-41b-press-fit-bb92,Shimano SM-BB92-41B Press-Fit BB92,<p><strong>Kompatibilität:</strong> Gravel — passend laut VeloMatch-Kompatibilitätsmatrix.</p>,Shimano,,Innenlager,"vm-kat-innenlager, canyon-grail-cf-7, canyon-grail-cf-8-1by, canyon-grizl-5, canyon-grizl-cf-7, cube-nuroad-c-62-pro, giant-revolt-1, giant-revolt-2, giant-revolt-advanced-0, giant-revolt-advanced-2, giant-revolt-advanced-pro-1, giant-revolt-x, ridley-astr-grx-di2, ridley-grifn-grx, ridley-kanzo-adventure-grx-1x12, ridley-kanzo-fast-grx-1x12, rose-backroad-cf-grx-rx820, rose-backroad-ff-classified-2x12, rose-backroad-ff-grx-rx825-di2",TRUE,Title,Default Title,VM-G-SHIMANOSMBB9241B,0,shopify,99,continue,manual,24.99,,TRUE,TRUE,active
ceramicspeed-pf86,CeramicSpeed PF86,<p><strong>Kompatibilität:</strong> Gravel — passend laut VeloMatch-Kompatibilitätsmatrix.</p>,CeramicSpeed,,Innenlager,"vm-kat-innenlager, canyon-grail-cf-7, canyon-grail-cf-8-1by, canyon-grizl-5, canyon-grizl-cf-7, cube-nuroad-c-62-pro, giant-revolt-1, giant-revolt-2, giant-revolt-advanced-0, giant-revolt-advanced-2, giant-revolt-advanced-pro-1, giant-revolt-x, ridley-astr-grx-di2, ridley-grifn-grx, ridley-kanzo-adventure-grx-1x12, ridley-kanzo-fast-grx-1x12, rose-backroad-cf-grx-rx820, rose-backroad-ff-classified-2x12, rose-backroad-ff-grx-rx825-di2, scott-addict-gravel-15, scott-addict-gravel-30, scott-addict-gravel-40",TRUE,Title,Default Title,VM-G-CERAMICSPEEDPF86,0,shopify,99,continue,manual,,,TRUE,TRUE,active
shimano-cs-r7100-105-11-36-12s,Shimano CS-R7100 105 11-36 12s,<p><strong>Kompatibilität:</strong> Gravel — passend laut VeloMatch-Kompatibilitätsmatrix.</p>,Shimano,,Kassette,"vm-kat-kassette, canyon-grail-cf-7, colnago-g4-x-shimano-grx-2x12, cube-nuroad-race, giant-revolt-advanced-2, look-765-gravel-rs-grx, merida-silex-8000-2025, scott-addict-gravel-15",TRUE,Title,Default Title,VM-G-SHIMANOCSR710010,0,shopify,99,continue,manual,59.99,,TRUE,TRUE,active
shimano-cs-hg700-11-34-11s,Shimano CS-HG700 11-34 11s,<p><strong>Kompatibilität:</strong> Gravel — passend laut VeloMatch-Kompatibilitätsmatrix.</p>,Shimano,,Kassette,"vm-kat-kassette, canyon-grail-cf-7, colnago-g4-x-shimano-grx-2x12, cube-nuroad-race, giant-revolt-advanced-2, look-765-gravel-rs-grx, merida-silex-8000-2025, scott-addict-gravel-15",TRUE,Title,Default Title,VM-G-SHIMANOCSHG70011,0,shopify,99,continue,manual,54.99,,TRUE,TRUE,active
shimano-cs-hg710-12-11-36-12s,Shimano CS-HG710-12 11-36 12s,<p><strong>Kompatibilität:</strong> Gravel — passend laut VeloMatch-Kompatibilitätsmatrix.</p>,Shimano,,Kassette,"vm-kat-kassette, canyon-grail-cf-7, colnago-g4-x-shimano-grx-2x12, cube-nuroad-race, giant-revolt-advanced-2, look-765-gravel-rs-grx, merida-silex-8000-2025, scott-addict-gravel-15",TRUE,Title,Default Title,VM-G-SHIMANOCSHG71012,0,shopify,99,continue,manual,64.99,,TRUE,TRUE,active
shimano-grx-fc-rx820-2-2x12-48-31t,Shimano GRX FC-RX820-2 2x12 (48/31T),<p><strong>Kompatibilität:</strong> Gravel — passend laut VeloMatch-Kompatibilitätsmatrix.</p>,Shimano,,Kurbelgarnitur,"vm-kat-kurbelgarnitur, canyon-grail-cf-7, colnago-g4-x-shimano-grx-2x12, cube-nuroad-race, giant-revolt-advanced-2, look-765-gravel-rs-grx, merida-silex-8000-2025, scott-addict-gravel-15",TRUE,Title,Default Title,VM-G-SHIMANOGRXFCRX822,0,shopify,99,continue,manual,189.99,,TRUE,TRUE,active
shimano-grx-fc-rx610-1-1x12-40t2,Shimano GRX FC-RX610-1 1x12 (40T),<p><strong>Kompatibilität:</strong> Gravel — passend laut VeloMatch-Kompatibilitätsmatrix.</p>,Shimano,,Kurbelgarnitur,"vm-kat-kurbelgarnitur, canyon-grail-cf-7, colnago-g4-x-shimano-grx-2x12, cube-nuroad-race, giant-revolt-advanced-2, look-765-gravel-rs-grx, merida-silex-8000-2025, scott-addict-gravel-15",TRUE,Title,Default Title,VM-G-SHIMANOGRXFCRX612,0,shopify,99,continue,manual,119.99,,TRUE,TRUE,active
shimano-grx-rd-rx820-2x12-mech,Shimano GRX RD-RX820 2x12 mech.,<p><strong>Kompatibilität:</strong> Gravel — passend laut VeloMatch-Kompatibilitätsmatrix.</p>,Shimano,,Schaltwerk,"vm-kat-schaltwerk, canyon-grail-cf-7, colnago-g4-x-shimano-grx-2x12, cube-nuroad-race, giant-revolt-advanced-2, look-765-gravel-rs-grx, merida-silex-8000-2025, scott-addict-gravel-15",TRUE,Title,Default Title,VM-G-SHIMANOGRXRDRX823,0,shopify,99,continue,manual,109.99,,TRUE,TRUE,active
shimano-grx-rd-rx820-2x12-mech2,Shimano GRX RD-RX820 2x12 mech.,<p><strong>Kompatibilität:</strong> Gravel — passend laut VeloMatch-Kompatibilitätsmatrix.</p>,Shimano,,Schaltwerk,"vm-kat-schaltwerk, canyon-grail-cf-7, colnago-g4-x-shimano-grx-2x12, cube-nuroad-race, giant-revolt-advanced-2, look-765-gravel-rs-grx, merida-silex-8000-2025, scott-addict-gravel-15",TRUE,Title,Default Title,VM-G-SHIMANOGRXRDRX824,0,shopify,99,continue,manual,109.99,,TRUE,TRUE,active
shimano-grx-fd-rx820-2x12-mech,Shimano GRX FD-RX820 2x12 mech.,<p><strong>Kompatibilität:</strong> Gravel — passend laut VeloMatch-Kompatibilitätsmatrix.</p>,Shimano,,Umwerfer,"vm-kat-umwerfer, canyon-grail-cf-7, colnago-g4-x-shimano-grx-2x12, cube-nuroad-race, giant-revolt-advanced-2, look-765-gravel-rs-grx, merida-silex-8000-2025, scott-addict-gravel-15",TRUE,Title,Default Title,VM-G-SHIMANOGRXFDRX82,0,shopify,99,continue,manual,69.99,,TRUE,TRUE,active
shimano-grx-fd-rx825-di2-2x12,Shimano GRX FD-RX825 Di2 2x12,<p><strong>Kompatibilität:</strong> Gravel — passend laut VeloMatch-Kompatibilitätsmatrix.</p>,Shimano,,Umwerfer,"vm-kat-umwerfer, canyon-grail-cf-7, colnago-g4-x-shimano-grx-2x12, cube-nuroad-race, giant-revolt-advanced-2, look-765-gravel-rs-grx, merida-silex-8000-2025, scott-addict-gravel-15",TRUE,Title,Default Title,VM-G-SHIMANOGRXFDRX822,0,shopify,99,continue,manual,219.99,,TRUE,TRUE,active
shimano-l05a-resin-plus-kuehlrippen-paar2,Shimano L05A Resin + Kühlrippen (Paar),<p><strong>Kompatibilität:</strong> Gravel — passend laut VeloMatch-Kompatibilitätsmatrix.</p>,Shimano,,Bremsbelag,"vm-kat-bremsbelag, canyon-grail-cf-7, canyon-grizl-5, colnago-g3-x-shimano-grx, colnago-g4-x-shimano-grx-2x12, cube-nuroad-pro, cube-nuroad-race, giant-revolt-2, giant-revolt-advanced-2, look-765-gravel-rs-grx, merida-silex-700, merida-silex-8000-2025, open-u-p-grx800-vorgaenger, rose-backroad-ff-classified-2x12, scott-addict-gravel-15, scott-addict-gravel-40, trek-checkpoint-alr-3, wilier-jaroon-grx-2x11",TRUE,Title,Default Title,VM-G-SHIMANOL05ARESIN2,0,shopify,99,continue,manual,24.99,,TRUE,TRUE,active
shimano-cn-hg601-10-11-fach,Shimano CN-HG601 10/11-fach,<p><strong>Kompatibilität:</strong> Gravel — passend laut VeloMatch-Kompatibilitätsmatrix.</p>,Shimano,,Kette,"vm-kat-kette, canyon-grizl-5, cube-nuroad-pro, giant-revolt-2, trek-checkpoint-alr-3",TRUE,Title,Default Title,VM-G-SHIMANOCNHG60110,0,shopify,99,continue,manual,17.99,,TRUE,TRUE,active
shimano-cn-hg54-10s,Shimano CN-HG54 10s,<p><strong>Kompatibilität:</strong> Gravel — passend laut VeloMatch-Kompatibilitätsmatrix.</p>,Shimano,,Kette,"vm-kat-kette, canyon-grizl-5, cube-nuroad-pro, giant-revolt-2, trek-checkpoint-alr-3",TRUE,Title,Default Title,VM-G-SHIMANOCNHG5410S,0,shopify,99,continue,manual,,,TRUE,TRUE,active
shimano-cn-lg500-cues-10-11-fach,Shimano CN-LG500 CUES 10/11-fach,<p><strong>Kompatibilität:</strong> Gravel — passend laut VeloMatch-Kompatibilitätsmatrix.</p>,Shimano,,Kette,"vm-kat-kette, canyon-grizl-5, cube-nuroad-pro, giant-revolt-2, trek-checkpoint-alr-3",TRUE,Title,Default Title,VM-G-SHIMANOCNLG500CU,0,shopify,99,continue,manual,14.99,,TRUE,TRUE,active
shimano-cs-hg500-11-36-10s,Shimano CS-HG500 11-36 10s,<p><strong>Kompatibilität:</strong> Gravel — passend laut VeloMatch-Kompatibilitätsmatrix.</p>,Shimano,,Kassette,"vm-kat-kassette, canyon-grizl-5, cube-nuroad-pro, giant-revolt-2, trek-checkpoint-alr-3",TRUE,Title,Default Title,VM-G-SHIMANOCSHG50011,0,shopify,99,continue,manual,34.99,,TRUE,TRUE,active
shimano-cs-lg300-cues-11-48-10s,Shimano CS-LG300 CUES 11-48 10s,<p><strong>Kompatibilität:</strong> Gravel — passend laut VeloMatch-Kompatibilitätsmatrix.</p>,Shimano,,Kassette,"vm-kat-kassette, canyon-grizl-5, cube-nuroad-pro, giant-revolt-2, trek-checkpoint-alr-3",TRUE,Title,Default Title,VM-G-SHIMANOCSLG300CU,0,shopify,99,continue,manual,44.99,,TRUE,TRUE,active
shimano-sm-cn900-11-quick-link-2-st,Shimano SM-CN900-11 Quick-Link (2 St.),<p><strong>Kompatibilität:</strong> Gravel — passend laut VeloMatch-Kompatibilitätsmatrix.</p>,Shimano,,Kettenschloss,"vm-kat-kettenschloss, canyon-grizl-5, colnago-g3-x-shimano-grx, cube-nuroad-pro, giant-revolt-2, merida-silex-700, open-u-p-grx800-vorgaenger, scott-addict-gravel-40, trek-checkpoint-alr-3, wilier-jaroon-grx-2x11",TRUE,Title,Default Title,VM-G-SHIMANOSMCN90011,0,shopify,99,continue,manual,7.99,,TRUE,TRUE,active
shimano-grx-fc-rx600-tiagra-fc-4700,Shimano GRX FC-RX600 / Tiagra FC-4700,<p><strong>Kompatibilität:</strong> Gravel — passend laut VeloMatch-Kompatibilitätsmatrix.</p>,Shimano,,Kurbelgarnitur,"vm-kat-kurbelgarnitur, canyon-grizl-5, cube-nuroad-pro, giant-revolt-2, trek-checkpoint-alr-3",TRUE,Title,Default Title,VM-G-SHIMANOGRXFCRX60,0,shopify,99,continue,manual,,,TRUE,TRUE,active
shimano-grx-rd-rx822-1x12-mech2,Shimano GRX RD-RX822 1x12 mech.,<p><strong>Kompatibilität:</strong> Gravel — passend laut VeloMatch-Kompatibilitätsmatrix.</p>,Shimano,,Schaltwerk,"vm-kat-schaltwerk, canyon-grizl-5, cube-nuroad-pro, giant-revolt-2, trek-checkpoint-alr-3",TRUE,Title,Default Title,VM-G-SHIMANOGRXRDRX825,0,shopify,99,continue,manual,119.99,,TRUE,TRUE,active
shimano-cues-rd-u6020,Shimano CUES RD-U6020,<p><strong>Kompatibilität:</strong> Gravel — passend laut VeloMatch-Kompatibilitätsmatrix.</p>,Shimano,,Schaltwerk,"vm-kat-schaltwerk, canyon-grizl-5, cube-nuroad-pro, giant-revolt-2, trek-checkpoint-alr-3",TRUE,Title,Default Title,VM-G-SHIMANOCUESRDU60,0,shopify,99,continue,manual,,,TRUE,TRUE,active
shimano-tiagra-rd-4700,Shimano Tiagra RD-4700,<p><strong>Kompatibilität:</strong> Gravel — passend laut VeloMatch-Kompatibilitätsmatrix.</p>,Shimano,,Schaltwerk,"vm-kat-schaltwerk, canyon-grizl-5, cube-nuroad-pro, giant-revolt-2, trek-checkpoint-alr-3",TRUE,Title,Default Title,VM-G-SHIMANOTIAGRARD4,0,shopify,99,continue,manual,,,TRUE,TRUE,active
shimano-grx-fd-rx400-tiagra-fd-4700,Shimano GRX FD-RX400 / Tiagra FD-4700,<p><strong>Kompatibilität:</strong> Gravel — passend laut VeloMatch-Kompatibilitätsmatrix.</p>,Shimano,,Umwerfer,"vm-kat-umwerfer, canyon-grizl-5, cube-nuroad-pro, giant-revolt-2, trek-checkpoint-alr-3",TRUE,Title,Default Title,VM-G-SHIMANOGRXFDRX40,0,shopify,99,continue,manual,,,TRUE,TRUE,active
ceramicspeed-t47a-asymmetrisch-sram-dub2,CeramicSpeed T47a asymmetrisch SRAM DUB,<p><strong>Kompatibilität:</strong> Gravel — passend laut VeloMatch-Kompatibilitätsmatrix.</p>,CeramicSpeed,,Innenlager,"vm-kat-innenlager, cervelo-spero-5-force-axs-xo-mullet, cervelo-spero-5-red-xplr-axs, cervelo-spero-rival-xplr-axs, factor-ls-custom-build, factor-ostro-gravel-force-xplr-axs, factor-ostro-gravel-red-xplr-axs",TRUE,Title,Default Title,VM-G-CERAMICSPEEDT47A2,0,shopify,99,continue,manual,179.99,,TRUE,TRUE,active
ceramicspeed-t47a-asymmetrisch-sram-dub3,CeramicSpeed T47a asymmetrisch SRAM DUB,<p><strong>Kompatibilität:</strong> Gravel — passend laut VeloMatch-Kompatibilitätsmatrix.</p>,CeramicSpeed,,Innenlager,"vm-kat-innenlager, cervelo-spero-5-force-axs-xo-mullet, cervelo-spero-5-red-xplr-axs, cervelo-spero-rival-xplr-axs, factor-ls-custom-build, factor-ostro-gravel-force-xplr-axs, factor-ostro-gravel-red-xplr-axs",TRUE,Title,Default Title,VM-G-CERAMICSPEEDT47A3,0,shopify,99,continue,manual,179.99,,TRUE,TRUE,active
ceramicspeed-bbright-press-fit-shimano,CeramicSpeed BBright Press-Fit Shimano,<p><strong>Kompatibilität:</strong> Gravel — passend laut VeloMatch-Kompatibilitätsmatrix.</p>,CeramicSpeed,,Innenlager,"vm-kat-innenlager, cervelo-spero-5-frameset, cervelo-spero-grx",TRUE,Title,Default Title,VM-G-CERAMICSPEEDBBRI,0,shopify,99,continue,manual,159.99,,TRUE,TRUE,active
token-t47-v24-shimano-24mm,Token T47 V24 Shimano 24mm,<p><strong>Kompatibilität:</strong> Gravel — passend laut VeloMatch-Kompatibilitätsmatrix.</p>,Token,,Innenlager,"vm-kat-innenlager, colnago-g3-x-shimano-grx, colnago-g4-x-frameset, colnago-g4-x-shimano-grx-1x12, colnago-g4-x-shimano-grx-2x12, factor-ostro-gravel-frameset, factor-ostro-gravel-grx-di2-1x, look-765-gravel-rs-frameset, look-765-gravel-rs-grx, open-u-p-2-0-adventure-frameset, open-u-p-p-e-r-2-0-frameset, open-wi-de-2-0-frameset, trek-checkpoint-sl-5",TRUE,Title,Default Title,VM-G-TOKENT47V24SHIMA,0,shopify,99,continue,manual,49.99,,TRUE,TRUE,active
ceramicspeed-t47,CeramicSpeed T47,<p><strong>Kompatibilität:</strong> Gravel — passend laut VeloMatch-Kompatibilitätsmatrix.</p>,CeramicSpeed,,Innenlager,"vm-kat-innenlager, colnago-g3-x-shimano-grx, colnago-g4-x-frameset, colnago-g4-x-shimano-grx-1x12, colnago-g4-x-shimano-grx-2x12, look-765-gravel-rs-frameset, look-765-gravel-rs-grx, open-u-p-2-0-adventure-frameset, open-u-p-p-e-r-2-0-frameset, open-wi-de-2-0-frameset, trek-checkpoint-sl-5",TRUE,Title,Default Title,VM-G-CERAMICSPEEDT47,0,shopify,99,continue,manual,,,TRUE,TRUE,active
praxis-t47,Praxis T47,<p><strong>Kompatibilität:</strong> Gravel — passend laut VeloMatch-Kompatibilitätsmatrix.</p>,Praxis,,Innenlager,"vm-kat-innenlager, colnago-g3-x-shimano-grx, colnago-g4-x-frameset, colnago-g4-x-shimano-grx-1x12, colnago-g4-x-shimano-grx-2x12, factor-ostro-gravel-frameset, factor-ostro-gravel-grx-di2-1x, look-765-gravel-rs-frameset, look-765-gravel-rs-grx, open-u-p-2-0-adventure-frameset, open-u-p-p-e-r-2-0-frameset, open-wi-de-2-0-frameset, trek-checkpoint-sl-5",TRUE,Title,Default Title,VM-G-PRAXIST47,0,shopify,99,continue,manual,,,TRUE,TRUE,active
shimano-cn-hg701-11-fach,Shimano CN-HG701 11-fach,<p><strong>Kompatibilität:</strong> Gravel — passend laut VeloMatch-Kompatibilitätsmatrix.</p>,Shimano,,Kette,"vm-kat-kette, colnago-g3-x-shimano-grx, merida-silex-700, open-u-p-grx800-vorgaenger, scott-addict-gravel-40, wilier-jaroon-grx-2x11",TRUE,Title,Default Title,VM-G-SHIMANOCNHG70111,0,shopify,99,continue,manual,24.99,,TRUE,TRUE,active
shimano-cn-hg601-10-11-fach2,Shimano CN-HG601 10/11-fach,<p><strong>Kompatibilität:</strong> Gravel — passend laut VeloMatch-Kompatibilitätsmatrix.</p>,Shimano,,Kette,"vm-kat-kette, colnago-g3-x-shimano-grx, merida-silex-700, open-u-p-grx800-vorgaenger, scott-addict-gravel-40, wilier-jaroon-grx-2x11",TRUE,Title,Default Title,VM-G-SHIMANOCNHG601102,0,shopify,99,continue,manual,17.99,,TRUE,TRUE,active
shimano-cs-m8000-xt-11-42-11s,Shimano CS-M8000 XT 11-42 11s,<p><strong>Kompatibilität:</strong> Gravel — passend laut VeloMatch-Kompatibilitätsmatrix.</p>,Shimano,,Kassette,"vm-kat-kassette, colnago-g3-x-shimano-grx, merida-silex-700, open-u-p-grx800-vorgaenger, scott-addict-gravel-40, wilier-jaroon-grx-2x11",TRUE,Title,Default Title,VM-G-SHIMANOCSM8000XT,0,shopify,99,continue,manual,89.99,,TRUE,TRUE,active
shimano-cs-hg700-11-34-11s2,Shimano CS-HG700 11-34 11s,<p><strong>Kompatibilität:</strong> Gravel — passend laut VeloMatch-Kompatibilitätsmatrix.</p>,Shimano,,Kassette,"vm-kat-kassette, colnago-g3-x-shimano-grx, merida-silex-700, open-u-p-grx800-vorgaenger, scott-addict-gravel-40, wilier-jaroon-grx-2x11",TRUE,Title,Default Title,VM-G-SHIMANOCSHG700112,0,shopify,99,continue,manual,54.99,,TRUE,TRUE,active
shimano-cs-hg700-11-34-11s3,Shimano CS-HG700 11-34 11s,<p><strong>Kompatibilität:</strong> Gravel — passend laut VeloMatch-Kompatibilitätsmatrix.</p>,Shimano,,Kassette,"vm-kat-kassette, colnago-g3-x-shimano-grx, merida-silex-700, open-u-p-grx800-vorgaenger, scott-addict-gravel-40, wilier-jaroon-grx-2x11",TRUE,Title,Default Title,VM-G-SHIMANOCSHG700113,0,shopify,99,continue,manual,54.99,,TRUE,TRUE,active
shimano-grx-fc-rx820-1-1x12-40-42t2,Shimano GRX FC-RX820-1 1x12 (40/42T),<p><strong>Kompatibilität:</strong> Gravel — passend laut VeloMatch-Kompatibilitätsmatrix.</p>,Shimano,,Kurbelgarnitur,"vm-kat-kurbelgarnitur, colnago-g3-x-shimano-grx, merida-silex-700, open-u-p-grx800-vorgaenger, scott-addict-gravel-40, wilier-jaroon-grx-2x11",TRUE,Title,Default Title,VM-G-SHIMANOGRXFCRX823,0,shopify,99,continue,manual,159.99,,TRUE,TRUE,active
shimano-grx-rd-rx822-1x12-mech3,Shimano GRX RD-RX822 1x12 mech.,<p><strong>Kompatibilität:</strong> Gravel — passend laut VeloMatch-Kompatibilitätsmatrix.</p>,Shimano,,Schaltwerk,"vm-kat-schaltwerk, colnago-g3-x-shimano-grx, merida-silex-700, open-u-p-grx800-vorgaenger, scott-addict-gravel-40, wilier-jaroon-grx-2x11",TRUE,Title,Default Title,VM-G-SHIMANOGRXRDRX826,0,shopify,99,continue,manual,119.99,,TRUE,TRUE,active
shimano-grx-rd-rx822-1x12-mech4,Shimano GRX RD-RX822 1x12 mech.,<p><strong>Kompatibilität:</strong> Gravel — passend laut VeloMatch-Kompatibilitätsmatrix.</p>,Shimano,,Schaltwerk,"vm-kat-schaltwerk, colnago-g3-x-shimano-grx, merida-silex-700, open-u-p-grx800-vorgaenger, scott-addict-gravel-40, wilier-jaroon-grx-2x11",TRUE,Title,Default Title,VM-G-SHIMANOGRXRDRX827,0,shopify,99,continue,manual,119.99,,TRUE,TRUE,active
shimano-grx-rd-rx400-2x10-11,Shimano GRX RD-RX400 (2x10/11),<p><strong>Kompatibilität:</strong> Gravel — passend laut VeloMatch-Kompatibilitätsmatrix.</p>,Shimano,,Schaltwerk,"vm-kat-schaltwerk, colnago-g3-x-shimano-grx, merida-silex-700, open-u-p-grx800-vorgaenger, scott-addict-gravel-40, wilier-jaroon-grx-2x11",TRUE,Title,Default Title,VM-G-SHIMANOGRXRDRX40,0,shopify,99,continue,manual,,,TRUE,TRUE,active
shimano-grx-fd-rx820-2x12-mech2,Shimano GRX FD-RX820 2x12 mech.,<p><strong>Kompatibilität:</strong> Gravel — passend laut VeloMatch-Kompatibilitätsmatrix.</p>,Shimano,,Umwerfer,"vm-kat-umwerfer, colnago-g3-x-shimano-grx, merida-silex-700, open-u-p-grx800-vorgaenger, scott-addict-gravel-40, wilier-jaroon-grx-2x11",TRUE,Title,Default Title,VM-G-SHIMANOGRXFDRX823,0,shopify,99,continue,manual,69.99,,TRUE,TRUE,active
kmc-10s,KMC 10s,<p><strong>Kompatibilität:</strong> Gravel — passend laut VeloMatch-Kompatibilitätsmatrix.</p>,KMC,,Kette,"vm-kat-kette, cube-nuroad-one",TRUE,Title,Default Title,VM-G-KMC10S,0,shopify,99,continue,manual,,,TRUE,TRUE,active
shimano-cs-lg300-cues-11-48-10s2,Shimano CS-LG300 CUES 11-48 10s,<p><strong>Kompatibilität:</strong> Gravel — passend laut VeloMatch-Kompatibilitätsmatrix.</p>,Shimano,,Kassette,"vm-kat-kassette, cube-nuroad-one",TRUE,Title,Default Title,VM-G-SHIMANOCSLG300CU2,0,shopify,99,continue,manual,44.99,,TRUE,TRUE,active
kmc-missing-link-10s,KMC Missing Link 10s,<p><strong>Kompatibilität:</strong> Gravel — passend laut VeloMatch-Kompatibilitätsmatrix.</p>,KMC,,Kettenschloss,"vm-kat-kettenschloss, cube-nuroad-one",TRUE,Title,Default Title,VM-G-KMCMISSINGLINK10,0,shopify,99,continue,manual,,,TRUE,TRUE,active
microshift-sword,Microshift Sword,<p><strong>Kompatibilität:</strong> Gravel — passend laut VeloMatch-Kompatibilitätsmatrix.</p>,Microshift,,Kurbelgarnitur,"vm-kat-kurbelgarnitur, cube-nuroad-one",TRUE,Title,Default Title,VM-G-MICROSHIFTSWORD,0,shopify,99,continue,manual,,,TRUE,TRUE,active
microshift-sword-1x10,Microshift Sword 1x10,<p><strong>Kompatibilität:</strong> Gravel — passend laut VeloMatch-Kompatibilitätsmatrix.</p>,Microshift,,Schaltwerk,"vm-kat-schaltwerk, cube-nuroad-one",TRUE,Title,Default Title,VM-G-MICROSHIFTSWORD1,0,shopify,99,continue,manual,,,TRUE,TRUE,active
tektro-belaege-mech-disc,Tektro Beläge (mech. Disc),<p><strong>Kompatibilität:</strong> Gravel — passend laut VeloMatch-Kompatibilitätsmatrix.</p>,Tektro,,Bremsbelag,"vm-kat-bremsbelag, cube-nuroad-one, cube-nuroad-one-fe",TRUE,Title,Default Title,VM-G-TEKTROBELAEGEMEC,0,shopify,99,continue,manual,,,TRUE,TRUE,active
shimano-cn-hg71-8s,Shimano CN-HG71 8s,<p><strong>Kompatibilität:</strong> Gravel — passend laut VeloMatch-Kompatibilitätsmatrix.</p>,Shimano,,Kette,"vm-kat-kette, cube-nuroad-one-fe",TRUE,Title,Default Title,VM-G-SHIMANOCNHG718S,0,shopify,99,continue,manual,,,TRUE,TRUE,active
shimano-cs-hg700-11-34-11s4,Shimano CS-HG700 11-34 11s,<p><strong>Kompatibilität:</strong> Gravel — passend laut VeloMatch-Kompatibilitätsmatrix.</p>,Shimano,,Kassette,"vm-kat-kassette, cube-nuroad-one-fe",TRUE,Title,Default Title,VM-G-SHIMANOCSHG700114,0,shopify,99,continue,manual,54.99,,TRUE,TRUE,active
shimano-sm-cn910-12-quick-link-2-st2,Shimano SM-CN910-12 Quick-Link (2 St.),<p><strong>Kompatibilität:</strong> Gravel — passend laut VeloMatch-Kompatibilitätsmatrix.</p>,Shimano,,Kettenschloss,"vm-kat-kettenschloss, cube-nuroad-one-fe",TRUE,Title,Default Title,VM-G-SHIMANOSMCN910122,0,shopify,99,continue,manual,9.99,,TRUE,TRUE,active
shimano-claris-fc-r2000,Shimano Claris FC-R2000,<p><strong>Kompatibilität:</strong> Gravel — passend laut VeloMatch-Kompatibilitätsmatrix.</p>,Shimano,,Kurbelgarnitur,"vm-kat-kurbelgarnitur, cube-nuroad-one-fe",TRUE,Title,Default Title,VM-G-SHIMANOCLARISFCR,0,shopify,99,continue,manual,,,TRUE,TRUE,active
shimano-claris-rd-r2000,Shimano Claris RD-R2000,<p><strong>Kompatibilität:</strong> Gravel — passend laut VeloMatch-Kompatibilitätsmatrix.</p>,Shimano,,Schaltwerk,"vm-kat-schaltwerk, cube-nuroad-one-fe",TRUE,Title,Default Title,VM-G-SHIMANOCLARISRDR,0,shopify,99,continue,manual,,,TRUE,TRUE,active
shimano-claris-fd-r2000,Shimano Claris FD-R2000,<p><strong>Kompatibilität:</strong> Gravel — passend laut VeloMatch-Kompatibilitätsmatrix.</p>,Shimano,,Umwerfer,"vm-kat-umwerfer, cube-nuroad-one-fe",TRUE,Title,Default Title,VM-G-SHIMANOCLARISFDR,0,shopify,99,continue,manual,,,TRUE,TRUE,active
ceramicspeed-t47a-asymmetrisch-shimano,CeramicSpeed T47a asymmetrisch Shimano,<p><strong>Kompatibilität:</strong> Gravel — passend laut VeloMatch-Kompatibilitätsmatrix.</p>,CeramicSpeed,,Innenlager,"vm-kat-innenlager, factor-ostro-gravel-frameset, factor-ostro-gravel-grx-di2-1x",TRUE,Title,Default Title,VM-G-CERAMICSPEEDT47A4,0,shopify,99,continue,manual,179.99,,TRUE,TRUE,active
30-9mm-rund-universell,"30,9mm RUND – universell",<p><strong>Kompatibilität:</strong> Gravel — passend laut VeloMatch-Kompatibilitätsmatrix.</p>,"30,9mm",,Sattelstütze,"vm-kat-sattelstuetze, giant-revolt-1, giant-revolt-2, giant-revolt-advanced-0, giant-revolt-advanced-2, giant-revolt-advanced-pro-0, giant-revolt-advanced-pro-1, giant-revolt-x, giant-revolt-x-advanced-pro",TRUE,Title,Default Title,VM-G-309MMRUNDUNIVERS,0,shopify,99,continue,manual,,,TRUE,TRUE,active
wheels-mfg-bb386evo-thread-together-sram-dub,Wheels Mfg BB386EVO Thread-Together SRAM DUB,<p><strong>Kompatibilität:</strong> Gravel — passend laut VeloMatch-Kompatibilitätsmatrix.</p>,Wheels Mfg,,Innenlager,"vm-kat-innenlager, pinarello-dogma-gr-red-xplr-axs, pinarello-grevil-f5, pinarello-grevil-f7, pinarello-grevil-f9",TRUE,Title,Default Title,VM-G-WHEELSMFGBB386EV2,0,shopify,99,continue,manual,99.99,,TRUE,TRUE,active
shimano-sm-bb9200-italian-thread,Shimano SM-BB9200 Italian Thread,<p><strong>Kompatibilität:</strong> Pinarello ALLE Modelle (Italian Thread)</p><ul><li>Schaltgruppen-Hersteller: Shimano</li><li>Innenlager-Standard: Italian Thread</li></ul>,Shimano,,Innenlager,"vm-kat-innenlager, pinarello-dogma-f-dura-ace-di2, pinarello-dogma-f-dura-ace-di2-powermeter, pinarello-dogma-x-dura-ace-di2, pinarello-f1-105-mechanisch, pinarello-f3-105-di2, pinarello-f5-105-di2, pinarello-f7-ultegra-di2, pinarello-f9-dura-ace-di2, pinarello-new-f5-105-di2, pinarello-new-f7-ultegra-di2, pinarello-new-f9-dura-ace-di2, pinarello-paris-105-di2, pinarello-prince-ultegra-di2, pinarello-x1-105-mechanisch, pinarello-x3-105-di2, pinarello-x5-105-di2, pinarello-x7-ultegra-di2, pinarello-x9-dura-ace-di2, pinarello-grevil-f1, pinarello-grevil-f3",TRUE,Title,Default Title,VM-SHIMANOSMBB9200,0,shopify,99,continue,manual,44.99,,TRUE,TRUE,active
shimano-sm-bb9200-italian-thread,Shimano SM-BB9200 Italian Thread,<p><strong>Kompatibilität:</strong> Gravel — passend laut VeloMatch-Kompatibilitätsmatrix.</p>,Shimano,,Innenlager,"vm-kat-innenlager, pinarello-grevil-f1, pinarello-grevil-f3",TRUE,Title,Default Title,VM-G-SHIMANOSMBB9200I,0,shopify,99,continue,manual,44.99,,TRUE,TRUE,active
classified-11-34-12s,Classified 11-34 12s,<p><strong>Kompatibilität:</strong> Gravel — passend laut VeloMatch-Kompatibilitätsmatrix.</p>,Classified,,Kassette,"vm-kat-kassette, rose-backroad-ff-classified-2x12",TRUE,Title,Default Title,VM-G-CLASSIFIED113412,0,shopify,99,continue,manual,,,TRUE,TRUE,active
shimano-grx-classified-kompatibel,Shimano GRX / Classified-kompatibel,<p><strong>Kompatibilität:</strong> Gravel — passend laut VeloMatch-Kompatibilitätsmatrix.</p>,Shimano,,Kurbelgarnitur,"vm-kat-kurbelgarnitur, rose-backroad-ff-classified-2x12",TRUE,Title,Default Title,VM-G-SHIMANOGRXCLASSI,0,shopify,99,continue,manual,,,TRUE,TRUE,active
shimano-grx-rd-rx827-di2-1x122,Shimano GRX RD-RX827 Di2 1x12,<p><strong>Kompatibilität:</strong> Gravel — passend laut VeloMatch-Kompatibilitätsmatrix.</p>,Shimano,,Schaltwerk,"vm-kat-schaltwerk, rose-backroad-ff-classified-2x12",TRUE,Title,Default Title,VM-G-SHIMANOGRXRDRX828,0,shopify,99,continue,manual,379.99,,TRUE,TRUE,active
shimano-sm-bb92-41b-press-fit-bb922,Shimano SM-BB92-41B Press-Fit BB92,<p><strong>Kompatibilität:</strong> Gravel — passend laut VeloMatch-Kompatibilitätsmatrix.</p>,Shimano,,Innenlager,"vm-kat-innenlager, scott-addict-gravel-15, scott-addict-gravel-30, scott-addict-gravel-40",TRUE,Title,Default Title,VM-G-SHIMANOSMBB9241B2,0,shopify,99,continue,manual,24.99,,TRUE,TRUE,active
token-bb92,Token BB92,<p><strong>Kompatibilität:</strong> Gravel — passend laut VeloMatch-Kompatibilitätsmatrix.</p>,Token,,Innenlager,"vm-kat-innenlager, scott-addict-gravel-15, scott-addict-gravel-30, scott-addict-gravel-40",TRUE,Title,Default Title,VM-G-TOKENBB92,0,shopify,99,continue,manual,,,TRUE,TRUE,active
