Handle,Title,Body (HTML),Vendor,Product Category,Type,Tags,Published,Option1 Name,Option1 Value,Variant SKU,Variant Grams,Variant Inventory Tracker,Variant Inventory Qty,Variant Inventory Policy,Variant Fulfillment Service,Variant Price,Variant Compare At Price,Variant Requires Shipping,Variant Taxable,Status
shimano-cn-m9100-dura-acextr-12s-116-glieder,Shimano CN-M9100 Dura-Ace/XTR 12s (116 Glieder),<p><strong>Kompatibilität:</strong> Alle Shimano 12-fach Räder</p><ul><li>Schaltgruppen-Hersteller: Shimano</li><li>Gang: 12-fach</li></ul>,Shimano,,Kette,"vm-kat-kette, bmc-rm-01-five-105-di2, bmc-rm-01-four-ultegra-di2, bmc-rm-01-two-da-di2, bmc-slr-01-three-ultegra-di2, bmc-slr-01-two-da-di2, bmc-teammachine-alr-one-105-di2, bmc-tmr-01-five-105-di2, bmc-tmr-01-four-ultegra-di2, bmc-tmr-01-two-da-di2, canyon-aeroad-cf-slx-7-di2, canyon-aeroad-cf-slx-8-di2, canyon-aeroad-cf-slx-8-disc-di2, canyon-aeroad-cfr-di2, canyon-aeroad-cfr-mach874, canyon-endurace-cf-8-di2, canyon-endurace-cf-sl-7-di2, canyon-endurace-cf-sl-8-di2, canyon-endurace-cf-slx-8-di2-aero, canyon-endurace-cfr-di2, canyon-ultimate-cf-7, canyon-ultimate-cf-sl-7-di2, canyon-ultimate-cf-sl-8-di2, canyon-ultimate-cf-slx-8-di2, canyon-ultimate-cfr-di2, cervelo-caledonia-5-dura-ace-di2, cervelo-caledonia-5-ultegra-di2, cervelo-r5-dura-ace-di2, cervelo-r5-ultegra-di2, cervelo-s5-dura-ace-di2, cervelo-s5-ultegra-di2, cervelo-soloist-105-di2, cervelo-soloist-ultegra-di2, colnago-c68-disc-dura-ace-di2, colnago-v3rs-dura-ace-di2, colnago-v4-105-di2, colnago-v4-ultegra-di2, colnago-v4rs-dura-ace-di2, colnago-v4rs-ultegra-di2, colnago-v5rs-dura-ace-di2, colnago-v5rs-ultegra-di2, colnago-y1rs-dura-ace-di2, cube-agree-c62-one, cube-agree-c62-pro, cube-agree-c62-race, cube-agree-c62-slt, cube-attain-c62-race, cube-attain-c62-slt, cube-attain-c62-slx, cube-attain-slx, cube-litening-aero-c68x-race, cube-litening-aero-c68x-slt, cube-litening-air-c68x-race, cube-litening-air-c68x-slt, factor-o2-vam-da-di2-custom-build, factor-o2-vam-ultegra-di2-custom-build, factor-one-da-di2-custom-build, factor-ostro-vam-da-di2-custom-build, factor-slick-da-di2-custom-build, factor-vista-da-di2-custom-build, factor-vista-ultegra-di2-custom-build, look-765-optimum-105-di2, look-765-optimum-105-mechanisch, look-765-optimum-ultegra-di2, look-785-huez-105-di2, look-785-huez-105-mechanisch, look-785-huez-rs-disc-ultegra-di2, look-785-huez-ultegra-di2-pro-team-black, look-795-blade-rs-da-di2, look-795-blade-rs-ultegra-di2, pinarello-dogma-f-dura-ace-di2, pinarello-dogma-f-dura-ace-di2-powermeter, pinarello-dogma-x-dura-ace-di2, pinarello-f1-105-mechanisch, pinarello-f3-105-di2, pinarello-f5-105-di2, pinarello-f7-ultegra-di2, pinarello-f9-dura-ace-di2, pinarello-new-f5-105-di2, pinarello-new-f7-ultegra-di2, pinarello-new-f9-dura-ace-di2, pinarello-paris-105-di2, pinarello-prince-ultegra-di2, pinarello-x1-105-mechanisch, pinarello-x3-105-di2, pinarello-x5-105-di2, pinarello-x7-ultegra-di2, pinarello-x9-dura-ace-di2, rose-reveal-04-105-di2, rose-reveal-06-ultegra-di2, rose-shave-105-di2, rose-shave-ff-ultegra-di2, rose-shave-ffx-dura-ace-di2, rose-shave-ultegra-di2, rose-xlite-04-105-mech, rose-xlite-04-ultegra-di2, rose-xlite-06-dura-ace-di2, rose-xlite-06-ultegra-di2, rose-xlite-unltd-dura-ace-di2, scott-addict-10-da-di2, scott-addict-20-ultegra-di2, scott-addict-40-105-di2, scott-addict-50-105-mech, scott-addict-rc-10-ultegra-di2, scott-addict-rc-20-105-di2, scott-addict-rc-pro-da-di2, scott-addict-rc-ultimate-ultegra-di2, scott-foil-rc-10-ultegra-di2, scott-foil-rc-20-105-di2, scott-foil-rc-pro-da-di2, scott-speedster-10-105-di2, specialized-aethos-2-expert-ultegra-di2, specialized-aethos-2-pro-ultegra-di2, specialized-aethos-expert-ultegra-di2, specialized-aethos-sport-105, specialized-allez-sprint-comp-105, specialized-roubaix-expert-ultegra-di2, specialized-roubaix-sport-105, specialized-s-works-aethos-2-da-di2, specialized-s-works-aethos-da-di2, specialized-s-works-roubaix-da-di2, specialized-s-works-tarmac-sl8-da-di2, specialized-tarmac-sl8-comp-105-di2, specialized-tarmac-sl8-pro-ultegra-di2, specialized-tarmac-sl8-sport-105, trek-domane-al-5, trek-domane-sl-5, trek-domane-sl-5-mech, trek-domane-sl-6-di2, trek-domane-slr-7-di2, trek-emonda-slr-7-di2, trek-madone-sl-5, trek-madone-sl-6-di2, trek-madone-slr-6-di2, trek-madone-slr-7-di2, trek-madone-slr-9-di2",TRUE,Title,Default Title,VM-SHIMANOCNM9100D,0,shopify,99,continue,manual,34.99,,TRUE,TRUE,active
shimano-cn-m8100-ultegraxt-12s-116-glieder,Shimano CN-M8100 Ultegra/XT 12s (116 Glieder),<p><strong>Kompatibilität:</strong> Alle Shimano 12-fach Räder</p><ul><li>Schaltgruppen-Hersteller: Shimano</li><li>Gang: 12-fach</li></ul>,Shimano,,Kette,"vm-kat-kette, bmc-rm-01-five-105-di2, bmc-rm-01-four-ultegra-di2, bmc-rm-01-two-da-di2, bmc-slr-01-three-ultegra-di2, bmc-slr-01-two-da-di2, bmc-teammachine-alr-one-105-di2, bmc-tmr-01-five-105-di2, bmc-tmr-01-four-ultegra-di2, bmc-tmr-01-two-da-di2, canyon-aeroad-cf-slx-7-di2, canyon-aeroad-cf-slx-8-di2, canyon-aeroad-cf-slx-8-disc-di2, canyon-aeroad-cfr-di2, canyon-aeroad-cfr-mach874, canyon-endurace-cf-8-di2, canyon-endurace-cf-sl-7-di2, canyon-endurace-cf-sl-8-di2, canyon-endurace-cf-slx-8-di2-aero, canyon-endurace-cfr-di2, canyon-ultimate-cf-7, canyon-ultimate-cf-sl-7-di2, canyon-ultimate-cf-sl-8-di2, canyon-ultimate-cf-slx-8-di2, canyon-ultimate-cfr-di2, cervelo-caledonia-5-dura-ace-di2, cervelo-caledonia-5-ultegra-di2, cervelo-r5-dura-ace-di2, cervelo-r5-ultegra-di2, cervelo-s5-dura-ace-di2, cervelo-s5-ultegra-di2, cervelo-soloist-105-di2, cervelo-soloist-ultegra-di2, colnago-c68-disc-dura-ace-di2, colnago-v3rs-dura-ace-di2, colnago-v4-105-di2, colnago-v4-ultegra-di2, colnago-v4rs-dura-ace-di2, colnago-v4rs-ultegra-di2, colnago-v5rs-dura-ace-di2, colnago-v5rs-ultegra-di2, colnago-y1rs-dura-ace-di2, cube-agree-c62-one, cube-agree-c62-pro, cube-agree-c62-race, cube-agree-c62-slt, cube-attain-c62-race, cube-attain-c62-slt, cube-attain-c62-slx, cube-attain-slx, cube-litening-aero-c68x-race, cube-litening-aero-c68x-slt, cube-litening-air-c68x-race, cube-litening-air-c68x-slt, factor-o2-vam-da-di2-custom-build, factor-o2-vam-ultegra-di2-custom-build, factor-one-da-di2-custom-build, factor-ostro-vam-da-di2-custom-build, factor-slick-da-di2-custom-build, factor-vista-da-di2-custom-build, factor-vista-ultegra-di2-custom-build, look-765-optimum-105-di2, look-765-optimum-105-mechanisch, look-765-optimum-ultegra-di2, look-785-huez-105-di2, look-785-huez-105-mechanisch, look-785-huez-rs-disc-ultegra-di2, look-785-huez-ultegra-di2-pro-team-black, look-795-blade-rs-da-di2, look-795-blade-rs-ultegra-di2, pinarello-dogma-f-dura-ace-di2, pinarello-dogma-f-dura-ace-di2-powermeter, pinarello-dogma-x-dura-ace-di2, pinarello-f1-105-mechanisch, pinarello-f3-105-di2, pinarello-f5-105-di2, pinarello-f7-ultegra-di2, pinarello-f9-dura-ace-di2, pinarello-new-f5-105-di2, pinarello-new-f7-ultegra-di2, pinarello-new-f9-dura-ace-di2, pinarello-paris-105-di2, pinarello-prince-ultegra-di2, pinarello-x1-105-mechanisch, pinarello-x3-105-di2, pinarello-x5-105-di2, pinarello-x7-ultegra-di2, pinarello-x9-dura-ace-di2, rose-reveal-04-105-di2, rose-reveal-06-ultegra-di2, rose-shave-105-di2, rose-shave-ff-ultegra-di2, rose-shave-ffx-dura-ace-di2, rose-shave-ultegra-di2, rose-xlite-04-105-mech, rose-xlite-04-ultegra-di2, rose-xlite-06-dura-ace-di2, rose-xlite-06-ultegra-di2, rose-xlite-unltd-dura-ace-di2, scott-addict-10-da-di2, scott-addict-20-ultegra-di2, scott-addict-40-105-di2, scott-addict-50-105-mech, scott-addict-rc-10-ultegra-di2, scott-addict-rc-20-105-di2, scott-addict-rc-pro-da-di2, scott-addict-rc-ultimate-ultegra-di2, scott-foil-rc-10-ultegra-di2, scott-foil-rc-20-105-di2, scott-foil-rc-pro-da-di2, scott-speedster-10-105-di2, specialized-aethos-2-expert-ultegra-di2, specialized-aethos-2-pro-ultegra-di2, specialized-aethos-expert-ultegra-di2, specialized-aethos-sport-105, specialized-allez-sprint-comp-105, specialized-roubaix-expert-ultegra-di2, specialized-roubaix-sport-105, specialized-s-works-aethos-2-da-di2, specialized-s-works-aethos-da-di2, specialized-s-works-roubaix-da-di2, specialized-s-works-tarmac-sl8-da-di2, specialized-tarmac-sl8-comp-105-di2, specialized-tarmac-sl8-pro-ultegra-di2, specialized-tarmac-sl8-sport-105, trek-domane-al-5, trek-domane-sl-5, trek-domane-sl-5-mech, trek-domane-sl-6-di2, trek-domane-slr-7-di2, trek-emonda-slr-7-di2, trek-madone-sl-5, trek-madone-sl-6-di2, trek-madone-slr-6-di2, trek-madone-slr-7-di2, trek-madone-slr-9-di2",TRUE,Title,Default Title,VM-SHIMANOCNM8100U,0,shopify,99,continue,manual,24.99,,TRUE,TRUE,active
shimano-cn-m7100-slx105-12s-116-glieder,Shimano CN-M7100 SLX/105 12s (116 Glieder),<p><strong>Kompatibilität:</strong> Alle Shimano 12-fach Räder</p><ul><li>Schaltgruppen-Hersteller: Shimano</li><li>Gang: 12-fach</li></ul>,Shimano,,Kette,"vm-kat-kette, bmc-rm-01-five-105-di2, bmc-rm-01-four-ultegra-di2, bmc-rm-01-two-da-di2, bmc-slr-01-three-ultegra-di2, bmc-slr-01-two-da-di2, bmc-teammachine-alr-one-105-di2, bmc-tmr-01-five-105-di2, bmc-tmr-01-four-ultegra-di2, bmc-tmr-01-two-da-di2, canyon-aeroad-cf-slx-7-di2, canyon-aeroad-cf-slx-8-di2, canyon-aeroad-cf-slx-8-disc-di2, canyon-aeroad-cfr-di2, canyon-aeroad-cfr-mach874, canyon-endurace-cf-8-di2, canyon-endurace-cf-sl-7-di2, canyon-endurace-cf-sl-8-di2, canyon-endurace-cf-slx-8-di2-aero, canyon-endurace-cfr-di2, canyon-ultimate-cf-7, canyon-ultimate-cf-sl-7-di2, canyon-ultimate-cf-sl-8-di2, canyon-ultimate-cf-slx-8-di2, canyon-ultimate-cfr-di2, cervelo-caledonia-5-dura-ace-di2, cervelo-caledonia-5-ultegra-di2, cervelo-r5-dura-ace-di2, cervelo-r5-ultegra-di2, cervelo-s5-dura-ace-di2, cervelo-s5-ultegra-di2, cervelo-soloist-105-di2, cervelo-soloist-ultegra-di2, colnago-c68-disc-dura-ace-di2, colnago-v3rs-dura-ace-di2, colnago-v4-105-di2, colnago-v4-ultegra-di2, colnago-v4rs-dura-ace-di2, colnago-v4rs-ultegra-di2, colnago-v5rs-dura-ace-di2, colnago-v5rs-ultegra-di2, colnago-y1rs-dura-ace-di2, cube-agree-c62-one, cube-agree-c62-pro, cube-agree-c62-race, cube-agree-c62-slt, cube-attain-c62-race, cube-attain-c62-slt, cube-attain-c62-slx, cube-attain-slx, cube-litening-aero-c68x-race, cube-litening-aero-c68x-slt, cube-litening-air-c68x-race, cube-litening-air-c68x-slt, factor-o2-vam-da-di2-custom-build, factor-o2-vam-ultegra-di2-custom-build, factor-one-da-di2-custom-build, factor-ostro-vam-da-di2-custom-build, factor-slick-da-di2-custom-build, factor-vista-da-di2-custom-build, factor-vista-ultegra-di2-custom-build, look-765-optimum-105-di2, look-765-optimum-105-mechanisch, look-765-optimum-ultegra-di2, look-785-huez-105-di2, look-785-huez-105-mechanisch, look-785-huez-rs-disc-ultegra-di2, look-785-huez-ultegra-di2-pro-team-black, look-795-blade-rs-da-di2, look-795-blade-rs-ultegra-di2, pinarello-dogma-f-dura-ace-di2, pinarello-dogma-f-dura-ace-di2-powermeter, pinarello-dogma-x-dura-ace-di2, pinarello-f1-105-mechanisch, pinarello-f3-105-di2, pinarello-f5-105-di2, pinarello-f7-ultegra-di2, pinarello-f9-dura-ace-di2, pinarello-new-f5-105-di2, pinarello-new-f7-ultegra-di2, pinarello-new-f9-dura-ace-di2, pinarello-paris-105-di2, pinarello-prince-ultegra-di2, pinarello-x1-105-mechanisch, pinarello-x3-105-di2, pinarello-x5-105-di2, pinarello-x7-ultegra-di2, pinarello-x9-dura-ace-di2, rose-reveal-04-105-di2, rose-reveal-06-ultegra-di2, rose-shave-105-di2, rose-shave-ff-ultegra-di2, rose-shave-ffx-dura-ace-di2, rose-shave-ultegra-di2, rose-xlite-04-105-mech, rose-xlite-04-ultegra-di2, rose-xlite-06-dura-ace-di2, rose-xlite-06-ultegra-di2, rose-xlite-unltd-dura-ace-di2, scott-addict-10-da-di2, scott-addict-20-ultegra-di2, scott-addict-40-105-di2, scott-addict-50-105-mech, scott-addict-rc-10-ultegra-di2, scott-addict-rc-20-105-di2, scott-addict-rc-pro-da-di2, scott-addict-rc-ultimate-ultegra-di2, scott-foil-rc-10-ultegra-di2, scott-foil-rc-20-105-di2, scott-foil-rc-pro-da-di2, scott-speedster-10-105-di2, specialized-aethos-2-expert-ultegra-di2, specialized-aethos-2-pro-ultegra-di2, specialized-aethos-expert-ultegra-di2, specialized-aethos-sport-105, specialized-allez-sprint-comp-105, specialized-roubaix-expert-ultegra-di2, specialized-roubaix-sport-105, specialized-s-works-aethos-2-da-di2, specialized-s-works-aethos-da-di2, specialized-s-works-roubaix-da-di2, specialized-s-works-tarmac-sl8-da-di2, specialized-tarmac-sl8-comp-105-di2, specialized-tarmac-sl8-pro-ultegra-di2, specialized-tarmac-sl8-sport-105, trek-domane-al-5, trek-domane-sl-5, trek-domane-sl-5-mech, trek-domane-sl-6-di2, trek-domane-slr-7-di2, trek-emonda-slr-7-di2, trek-madone-sl-5, trek-madone-sl-6-di2, trek-madone-slr-6-di2, trek-madone-slr-7-di2, trek-madone-slr-9-di2",TRUE,Title,Default Title,VM-SHIMANOCNM7100S,0,shopify,99,continue,manual,19.99,,TRUE,TRUE,active
shimano-cn-hg601-11s-116-glieder,Shimano CN-HG601 11s (116 Glieder),<p><strong>Kompatibilität:</strong> Alle Shimano 11-fach Räder</p><ul><li>Schaltgruppen-Hersteller: Shimano</li><li>Gang: 11-fach</li></ul>,Shimano,,Kette,"vm-kat-kette, bmc-teammachine-alr-two-tiagra, cube-attain-race, scott-speedster-20-tiagra, trek-domane-al-4",TRUE,Title,Default Title,VM-SHIMANOCNHG6011,0,shopify,99,continue,manual,17.99,,TRUE,TRUE,active
shimano-cn-hg71-8s-116-glieder,Shimano CN-HG71 8s (116 Glieder),<p><strong>Kompatibilität:</strong> Shimano Claris 8-fach Räder</p><ul><li>Schaltgruppen-Hersteller: Shimano</li><li>Gang: 8-fach</li></ul>,Shimano,,Kette,"vm-kat-kette, cube-attain-pro, specialized-allez-sport, trek-domane-al-2",TRUE,Title,Default Title,VM-SHIMANOCNHG718S,0,shopify,99,continue,manual,9.99,,TRUE,TRUE,active
sram-red-d1-e1-flattop-12s-120-glieder,SRAM Red D1 / E1 Flattop 12s (120 Glieder),<p><strong>Kompatibilität:</strong> Alle SRAM 12-fach AXS Räder</p><ul><li>Schaltgruppen-Hersteller: SRAM</li><li>Gang: 12-fach</li></ul>,SRAM,,Kette,"vm-kat-kette, bmc-rm-01-one-red-axs, bmc-rm-01-three-force-axs, bmc-slr-01-one-red-axs, bmc-slr-01-three-force-axs, bmc-tmr-01-one-red-axs, bmc-tmr-01-three-force-axs, canyon-aeroad-cf-slx-7-axs-speed, canyon-aeroad-cf-slx-8-axs, canyon-aeroad-cf-slx-8-axs-speed, canyon-aeroad-cfr-axs, canyon-endurace-cf-slx-8-axs-aero, canyon-endurace-cfr-axs, canyon-ultimate-cf-slx-8-axs, canyon-ultimate-cfr-etap, cervelo-caledonia-5-force-axs, cervelo-caledonia-5-red-axs, cervelo-r5-force-axs, cervelo-r5-red-axs, cervelo-r5-sram-red-axs, cervelo-s5-force-axs, cervelo-s5-red-axs, cervelo-soloist-force-axs, cervelo-soloist-rival-axs, colnago-v3rs-sram-red-axs, colnago-v4-sram-rival-axs, colnago-v4rs-sram-red-axs, colnago-v5rs-sram-red-axs, colnago-y1rs-sram-red-axs, cube-agree-c62-slx, cube-litening-aero-c68x-pro, cube-litening-aero-c68x-slt, cube-litening-aero-c68x-slx, cube-litening-air-c68x-pro, cube-litening-air-c68x-slx, factor-o2-vam-red-axs-custom-build, factor-ostro-vam-red-axs-custom-build, look-765-optimum-rival-axs, look-785-huez-rival-axs-e1, look-785-huez-rs-red-axs, look-795-blade-rs-red-axs, pinarello-dogma-f-sram-red-axs, pinarello-dogma-x-sram-red-axs, pinarello-f7-sram-force-axs, pinarello-x7-sram-force-axs, rose-reveal-04-rival-axs, rose-shave-ff-force-axs, rose-shave-ffx-red-axs, rose-shave-force-axs, rose-shave-rival-axs, rose-xlite-04-force-etap-axs, rose-xlite-06-force-etap-axs, rose-xlite-06-red-etap-axs, scott-addict-premium-red-axs, scott-addict-rc-team-red-axs, scott-foil-rc-team-force-axs, specialized-aethos-comp-rival-axs, specialized-roubaix-comp-rival-axs, specialized-s-works-aethos-2-red-axs, specialized-s-works-tarmac-sl8-red-axs, specialized-s-works-tarmac-sl8-red-etap-axs, specialized-tarmac-sl8-comp-rival-axs, specialized-tarmac-sl8-expert-force-axs, trek-domane-sl-7-axs, trek-domane-slr-9-axs, trek-emonda-slr-9-axs, trek-madone-sl-7-axs, trek-madone-slr-7-axs, trek-madone-slr-9-red-axs",TRUE,Title,Default Title,VM-SRAMREDD1E1FLA,0,shopify,99,continue,manual,39.99,,TRUE,TRUE,active
sram-force-d1-flattop-12s-120-glieder,SRAM Force D1 Flattop 12s (120 Glieder),<p><strong>Kompatibilität:</strong> Alle SRAM 12-fach AXS Räder</p><ul><li>Schaltgruppen-Hersteller: SRAM</li><li>Gang: 12-fach</li></ul>,SRAM,,Kette,"vm-kat-kette, bmc-rm-01-one-red-axs, bmc-rm-01-three-force-axs, bmc-slr-01-one-red-axs, bmc-slr-01-three-force-axs, bmc-tmr-01-one-red-axs, bmc-tmr-01-three-force-axs, canyon-aeroad-cf-slx-7-axs-speed, canyon-aeroad-cf-slx-8-axs, canyon-aeroad-cf-slx-8-axs-speed, canyon-aeroad-cfr-axs, canyon-endurace-cf-slx-8-axs-aero, canyon-endurace-cfr-axs, canyon-ultimate-cf-slx-8-axs, canyon-ultimate-cfr-etap, cervelo-caledonia-5-force-axs, cervelo-caledonia-5-red-axs, cervelo-r5-force-axs, cervelo-r5-red-axs, cervelo-r5-sram-red-axs, cervelo-s5-force-axs, cervelo-s5-red-axs, cervelo-soloist-force-axs, cervelo-soloist-rival-axs, colnago-v3rs-sram-red-axs, colnago-v4-sram-rival-axs, colnago-v4rs-sram-red-axs, colnago-v5rs-sram-red-axs, colnago-y1rs-sram-red-axs, cube-agree-c62-slx, cube-litening-aero-c68x-pro, cube-litening-aero-c68x-slt, cube-litening-aero-c68x-slx, cube-litening-air-c68x-pro, cube-litening-air-c68x-slx, factor-o2-vam-red-axs-custom-build, factor-ostro-vam-red-axs-custom-build, look-765-optimum-rival-axs, look-785-huez-rival-axs-e1, look-785-huez-rs-red-axs, look-795-blade-rs-red-axs, pinarello-dogma-f-sram-red-axs, pinarello-dogma-x-sram-red-axs, pinarello-f7-sram-force-axs, pinarello-x7-sram-force-axs, rose-reveal-04-rival-axs, rose-shave-ff-force-axs, rose-shave-ffx-red-axs, rose-shave-force-axs, rose-shave-rival-axs, rose-xlite-04-force-etap-axs, rose-xlite-06-force-etap-axs, rose-xlite-06-red-etap-axs, scott-addict-premium-red-axs, scott-addict-rc-team-red-axs, scott-foil-rc-team-force-axs, specialized-aethos-comp-rival-axs, specialized-roubaix-comp-rival-axs, specialized-s-works-aethos-2-red-axs, specialized-s-works-tarmac-sl8-red-axs, specialized-s-works-tarmac-sl8-red-etap-axs, specialized-tarmac-sl8-comp-rival-axs, specialized-tarmac-sl8-expert-force-axs, trek-domane-sl-7-axs, trek-domane-slr-9-axs, trek-emonda-slr-9-axs, trek-madone-sl-7-axs, trek-madone-slr-7-axs, trek-madone-slr-9-red-axs",TRUE,Title,Default Title,VM-SRAMFORCED1FLAT,0,shopify,99,continue,manual,29.99,,TRUE,TRUE,active
sram-rival-d1-flattop-12s-120-glieder,SRAM Rival D1 Flattop 12s (120 Glieder),<p><strong>Kompatibilität:</strong> Alle SRAM 12-fach AXS Räder</p><ul><li>Schaltgruppen-Hersteller: SRAM</li><li>Gang: 12-fach</li></ul>,SRAM,,Kette,"vm-kat-kette, bmc-rm-01-one-red-axs, bmc-rm-01-three-force-axs, bmc-slr-01-one-red-axs, bmc-slr-01-three-force-axs, bmc-tmr-01-one-red-axs, bmc-tmr-01-three-force-axs, canyon-aeroad-cf-slx-7-axs-speed, canyon-aeroad-cf-slx-8-axs, canyon-aeroad-cf-slx-8-axs-speed, canyon-aeroad-cfr-axs, canyon-endurace-cf-slx-8-axs-aero, canyon-endurace-cfr-axs, canyon-ultimate-cf-slx-8-axs, canyon-ultimate-cfr-etap, cervelo-caledonia-5-force-axs, cervelo-caledonia-5-red-axs, cervelo-r5-force-axs, cervelo-r5-red-axs, cervelo-r5-sram-red-axs, cervelo-s5-force-axs, cervelo-s5-red-axs, cervelo-soloist-force-axs, cervelo-soloist-rival-axs, colnago-v3rs-sram-red-axs, colnago-v4-sram-rival-axs, colnago-v4rs-sram-red-axs, colnago-v5rs-sram-red-axs, colnago-y1rs-sram-red-axs, cube-agree-c62-slx, cube-litening-aero-c68x-pro, cube-litening-aero-c68x-slt, cube-litening-aero-c68x-slx, cube-litening-air-c68x-pro, cube-litening-air-c68x-slx, factor-o2-vam-red-axs-custom-build, factor-ostro-vam-red-axs-custom-build, look-765-optimum-rival-axs, look-785-huez-rival-axs-e1, look-785-huez-rs-red-axs, look-795-blade-rs-red-axs, pinarello-dogma-f-sram-red-axs, pinarello-dogma-x-sram-red-axs, pinarello-f7-sram-force-axs, pinarello-x7-sram-force-axs, rose-reveal-04-rival-axs, rose-shave-ff-force-axs, rose-shave-ffx-red-axs, rose-shave-force-axs, rose-shave-rival-axs, rose-xlite-04-force-etap-axs, rose-xlite-06-force-etap-axs, rose-xlite-06-red-etap-axs, scott-addict-premium-red-axs, scott-addict-rc-team-red-axs, scott-foil-rc-team-force-axs, specialized-aethos-comp-rival-axs, specialized-roubaix-comp-rival-axs, specialized-s-works-aethos-2-red-axs, specialized-s-works-tarmac-sl8-red-axs, specialized-s-works-tarmac-sl8-red-etap-axs, specialized-tarmac-sl8-comp-rival-axs, specialized-tarmac-sl8-expert-force-axs, trek-domane-sl-7-axs, trek-domane-slr-9-axs, trek-emonda-slr-9-axs, trek-madone-sl-7-axs, trek-madone-slr-7-axs, trek-madone-slr-9-red-axs",TRUE,Title,Default Title,VM-SRAMRIVALD1FLAT,0,shopify,99,continue,manual,22.99,,TRUE,TRUE,active
campagnolo-super-record-c13-12s,Campagnolo Super Record C13 12s,<p><strong>Kompatibilität:</strong> Alle Campagnolo 12-fach Räder</p><ul><li>Schaltgruppen-Hersteller: Campagnolo</li><li>Gang: 12-fach</li></ul>,Campagnolo,,Kette,"vm-kat-kette, colnago-c68-disc-campagnolo-sr-wrl, colnago-v3rs-campagnolo-sr-eps, colnago-v5rs-campagnolo-sr-wrl, colnago-y1rs-campagnolo-sr-wrl, factor-o2-vam-campagnolo-sr-wrl-custom, factor-ostro-vam-campagnolo-sr-wrl-custom, look-795-blade-rs-campagnolo-sr-13s-wrl, pinarello-dogma-x-campagnolo-sr-wrl",TRUE,Title,Default Title,VM-CAMPAGNOLOSUPERR,0,shopify,99,continue,manual,54.99,,TRUE,TRUE,active
shimano-cs-r9200-dura-ace-12s-11-30,Shimano CS-R9200 Dura-Ace 12s 11-30,<p><strong>Kompatibilität:</strong> Alle Shimano 12-fach Räder</p><ul><li>Schaltgruppen-Hersteller: Shimano</li><li>Gang: 12-fach</li></ul>,Shimano,,Kassette,"vm-kat-kassette, bmc-rm-01-five-105-di2, bmc-rm-01-four-ultegra-di2, bmc-rm-01-two-da-di2, bmc-slr-01-three-ultegra-di2, bmc-slr-01-two-da-di2, bmc-teammachine-alr-one-105-di2, bmc-tmr-01-five-105-di2, bmc-tmr-01-four-ultegra-di2, bmc-tmr-01-two-da-di2, canyon-aeroad-cf-slx-7-di2, canyon-aeroad-cf-slx-8-di2, canyon-aeroad-cf-slx-8-disc-di2, canyon-aeroad-cfr-di2, canyon-aeroad-cfr-mach874, canyon-endurace-cf-8-di2, canyon-endurace-cf-sl-7-di2, canyon-endurace-cf-sl-8-di2, canyon-endurace-cf-slx-8-di2-aero, canyon-endurace-cfr-di2, canyon-ultimate-cf-7, canyon-ultimate-cf-sl-7-di2, canyon-ultimate-cf-sl-8-di2, canyon-ultimate-cf-slx-8-di2, canyon-ultimate-cfr-di2, cervelo-caledonia-5-dura-ace-di2, cervelo-caledonia-5-ultegra-di2, cervelo-r5-dura-ace-di2, cervelo-r5-ultegra-di2, cervelo-s5-dura-ace-di2, cervelo-s5-ultegra-di2, cervelo-soloist-105-di2, cervelo-soloist-ultegra-di2, colnago-c68-disc-dura-ace-di2, colnago-v3rs-dura-ace-di2, colnago-v4-105-di2, colnago-v4-ultegra-di2, colnago-v4rs-dura-ace-di2, colnago-v4rs-ultegra-di2, colnago-v5rs-dura-ace-di2, colnago-v5rs-ultegra-di2, colnago-y1rs-dura-ace-di2, cube-agree-c62-one, cube-agree-c62-pro, cube-agree-c62-race, cube-agree-c62-slt, cube-attain-c62-race, cube-attain-c62-slt, cube-attain-c62-slx, cube-attain-slx, cube-litening-aero-c68x-race, cube-litening-aero-c68x-slt, cube-litening-air-c68x-race, cube-litening-air-c68x-slt, factor-o2-vam-da-di2-custom-build, factor-o2-vam-ultegra-di2-custom-build, factor-one-da-di2-custom-build, factor-ostro-vam-da-di2-custom-build, factor-slick-da-di2-custom-build, factor-vista-da-di2-custom-build, factor-vista-ultegra-di2-custom-build, look-765-optimum-105-di2, look-765-optimum-105-mechanisch, look-765-optimum-ultegra-di2, look-785-huez-105-di2, look-785-huez-105-mechanisch, look-785-huez-rs-disc-ultegra-di2, look-785-huez-ultegra-di2-pro-team-black, look-795-blade-rs-da-di2, look-795-blade-rs-ultegra-di2, pinarello-dogma-f-dura-ace-di2, pinarello-dogma-f-dura-ace-di2-powermeter, pinarello-dogma-x-dura-ace-di2, pinarello-f1-105-mechanisch, pinarello-f3-105-di2, pinarello-f5-105-di2, pinarello-f7-ultegra-di2, pinarello-f9-dura-ace-di2, pinarello-new-f5-105-di2, pinarello-new-f7-ultegra-di2, pinarello-new-f9-dura-ace-di2, pinarello-paris-105-di2, pinarello-prince-ultegra-di2, pinarello-x1-105-mechanisch, pinarello-x3-105-di2, pinarello-x5-105-di2, pinarello-x7-ultegra-di2, pinarello-x9-dura-ace-di2, rose-reveal-04-105-di2, rose-reveal-06-ultegra-di2, rose-shave-105-di2, rose-shave-ff-ultegra-di2, rose-shave-ffx-dura-ace-di2, rose-shave-ultegra-di2, rose-xlite-04-105-mech, rose-xlite-04-ultegra-di2, rose-xlite-06-dura-ace-di2, rose-xlite-06-ultegra-di2, rose-xlite-unltd-dura-ace-di2, scott-addict-10-da-di2, scott-addict-20-ultegra-di2, scott-addict-40-105-di2, scott-addict-50-105-mech, scott-addict-rc-10-ultegra-di2, scott-addict-rc-20-105-di2, scott-addict-rc-pro-da-di2, scott-addict-rc-ultimate-ultegra-di2, scott-foil-rc-10-ultegra-di2, scott-foil-rc-20-105-di2, scott-foil-rc-pro-da-di2, scott-speedster-10-105-di2, specialized-aethos-2-expert-ultegra-di2, specialized-aethos-2-pro-ultegra-di2, specialized-aethos-expert-ultegra-di2, specialized-aethos-sport-105, specialized-allez-sprint-comp-105, specialized-roubaix-expert-ultegra-di2, specialized-roubaix-sport-105, specialized-s-works-aethos-2-da-di2, specialized-s-works-aethos-da-di2, specialized-s-works-roubaix-da-di2, specialized-s-works-tarmac-sl8-da-di2, specialized-tarmac-sl8-comp-105-di2, specialized-tarmac-sl8-pro-ultegra-di2, specialized-tarmac-sl8-sport-105, trek-domane-al-5, trek-domane-sl-5, trek-domane-sl-5-mech, trek-domane-sl-6-di2, trek-domane-slr-7-di2, trek-emonda-slr-7-di2, trek-madone-sl-5, trek-madone-sl-6-di2, trek-madone-slr-6-di2, trek-madone-slr-7-di2, trek-madone-slr-9-di2",TRUE,Title,Default Title,VM-SHIMANOCSR9200D,0,shopify,99,continue,manual,279.99,,TRUE,TRUE,active
shimano-cs-r9200-dura-ace-12s-11-34,Shimano CS-R9200 Dura-Ace 12s 11-34,<p><strong>Kompatibilität:</strong> Alle Shimano 12-fach Räder</p><ul><li>Schaltgruppen-Hersteller: Shimano</li><li>Gang: 12-fach</li></ul>,Shimano,,Kassette,"vm-kat-kassette, bmc-rm-01-five-105-di2, bmc-rm-01-four-ultegra-di2, bmc-rm-01-two-da-di2, bmc-slr-01-three-ultegra-di2, bmc-slr-01-two-da-di2, bmc-teammachine-alr-one-105-di2, bmc-tmr-01-five-105-di2, bmc-tmr-01-four-ultegra-di2, bmc-tmr-01-two-da-di2, canyon-aeroad-cf-slx-7-di2, canyon-aeroad-cf-slx-8-di2, canyon-aeroad-cf-slx-8-disc-di2, canyon-aeroad-cfr-di2, canyon-aeroad-cfr-mach874, canyon-endurace-cf-8-di2, canyon-endurace-cf-sl-7-di2, canyon-endurace-cf-sl-8-di2, canyon-endurace-cf-slx-8-di2-aero, canyon-endurace-cfr-di2, canyon-ultimate-cf-7, canyon-ultimate-cf-sl-7-di2, canyon-ultimate-cf-sl-8-di2, canyon-ultimate-cf-slx-8-di2, canyon-ultimate-cfr-di2, cervelo-caledonia-5-dura-ace-di2, cervelo-caledonia-5-ultegra-di2, cervelo-r5-dura-ace-di2, cervelo-r5-ultegra-di2, cervelo-s5-dura-ace-di2, cervelo-s5-ultegra-di2, cervelo-soloist-105-di2, cervelo-soloist-ultegra-di2, colnago-c68-disc-dura-ace-di2, colnago-v3rs-dura-ace-di2, colnago-v4-105-di2, colnago-v4-ultegra-di2, colnago-v4rs-dura-ace-di2, colnago-v4rs-ultegra-di2, colnago-v5rs-dura-ace-di2, colnago-v5rs-ultegra-di2, colnago-y1rs-dura-ace-di2, cube-agree-c62-one, cube-agree-c62-pro, cube-agree-c62-race, cube-agree-c62-slt, cube-attain-c62-race, cube-attain-c62-slt, cube-attain-c62-slx, cube-attain-slx, cube-litening-aero-c68x-race, cube-litening-aero-c68x-slt, cube-litening-air-c68x-race, cube-litening-air-c68x-slt, factor-o2-vam-da-di2-custom-build, factor-o2-vam-ultegra-di2-custom-build, factor-one-da-di2-custom-build, factor-ostro-vam-da-di2-custom-build, factor-slick-da-di2-custom-build, factor-vista-da-di2-custom-build, factor-vista-ultegra-di2-custom-build, look-765-optimum-105-di2, look-765-optimum-105-mechanisch, look-765-optimum-ultegra-di2, look-785-huez-105-di2, look-785-huez-105-mechanisch, look-785-huez-rs-disc-ultegra-di2, look-785-huez-ultegra-di2-pro-team-black, look-795-blade-rs-da-di2, look-795-blade-rs-ultegra-di2, pinarello-dogma-f-dura-ace-di2, pinarello-dogma-f-dura-ace-di2-powermeter, pinarello-dogma-x-dura-ace-di2, pinarello-f1-105-mechanisch, pinarello-f3-105-di2, pinarello-f5-105-di2, pinarello-f7-ultegra-di2, pinarello-f9-dura-ace-di2, pinarello-new-f5-105-di2, pinarello-new-f7-ultegra-di2, pinarello-new-f9-dura-ace-di2, pinarello-paris-105-di2, pinarello-prince-ultegra-di2, pinarello-x1-105-mechanisch, pinarello-x3-105-di2, pinarello-x5-105-di2, pinarello-x7-ultegra-di2, pinarello-x9-dura-ace-di2, rose-reveal-04-105-di2, rose-reveal-06-ultegra-di2, rose-shave-105-di2, rose-shave-ff-ultegra-di2, rose-shave-ffx-dura-ace-di2, rose-shave-ultegra-di2, rose-xlite-04-105-mech, rose-xlite-04-ultegra-di2, rose-xlite-06-dura-ace-di2, rose-xlite-06-ultegra-di2, rose-xlite-unltd-dura-ace-di2, scott-addict-10-da-di2, scott-addict-20-ultegra-di2, scott-addict-40-105-di2, scott-addict-50-105-mech, scott-addict-rc-10-ultegra-di2, scott-addict-rc-20-105-di2, scott-addict-rc-pro-da-di2, scott-addict-rc-ultimate-ultegra-di2, scott-foil-rc-10-ultegra-di2, scott-foil-rc-20-105-di2, scott-foil-rc-pro-da-di2, scott-speedster-10-105-di2, specialized-aethos-2-expert-ultegra-di2, specialized-aethos-2-pro-ultegra-di2, specialized-aethos-expert-ultegra-di2, specialized-aethos-sport-105, specialized-allez-sprint-comp-105, specialized-roubaix-expert-ultegra-di2, specialized-roubaix-sport-105, specialized-s-works-aethos-2-da-di2, specialized-s-works-aethos-da-di2, specialized-s-works-roubaix-da-di2, specialized-s-works-tarmac-sl8-da-di2, specialized-tarmac-sl8-comp-105-di2, specialized-tarmac-sl8-pro-ultegra-di2, specialized-tarmac-sl8-sport-105, trek-domane-al-5, trek-domane-sl-5, trek-domane-sl-5-mech, trek-domane-sl-6-di2, trek-domane-slr-7-di2, trek-emonda-slr-7-di2, trek-madone-sl-5, trek-madone-sl-6-di2, trek-madone-slr-6-di2, trek-madone-slr-7-di2, trek-madone-slr-9-di2",TRUE,Title,Default Title,VM-SHIMANOCSR9200D,0,shopify,99,continue,manual,279.99,,TRUE,TRUE,active
shimano-cs-r8100-ultegra-12s-11-30,Shimano CS-R8100 Ultegra 12s 11-30,<p><strong>Kompatibilität:</strong> Alle Shimano 12-fach Räder</p><ul><li>Schaltgruppen-Hersteller: Shimano</li><li>Gang: 12-fach</li></ul>,Shimano,,Kassette,"vm-kat-kassette, bmc-rm-01-five-105-di2, bmc-rm-01-four-ultegra-di2, bmc-rm-01-two-da-di2, bmc-slr-01-three-ultegra-di2, bmc-slr-01-two-da-di2, bmc-teammachine-alr-one-105-di2, bmc-tmr-01-five-105-di2, bmc-tmr-01-four-ultegra-di2, bmc-tmr-01-two-da-di2, canyon-aeroad-cf-slx-7-di2, canyon-aeroad-cf-slx-8-di2, canyon-aeroad-cf-slx-8-disc-di2, canyon-aeroad-cfr-di2, canyon-aeroad-cfr-mach874, canyon-endurace-cf-8-di2, canyon-endurace-cf-sl-7-di2, canyon-endurace-cf-sl-8-di2, canyon-endurace-cf-slx-8-di2-aero, canyon-endurace-cfr-di2, canyon-ultimate-cf-7, canyon-ultimate-cf-sl-7-di2, canyon-ultimate-cf-sl-8-di2, canyon-ultimate-cf-slx-8-di2, canyon-ultimate-cfr-di2, cervelo-caledonia-5-dura-ace-di2, cervelo-caledonia-5-ultegra-di2, cervelo-r5-dura-ace-di2, cervelo-r5-ultegra-di2, cervelo-s5-dura-ace-di2, cervelo-s5-ultegra-di2, cervelo-soloist-105-di2, cervelo-soloist-ultegra-di2, colnago-c68-disc-dura-ace-di2, colnago-v3rs-dura-ace-di2, colnago-v4-105-di2, colnago-v4-ultegra-di2, colnago-v4rs-dura-ace-di2, colnago-v4rs-ultegra-di2, colnago-v5rs-dura-ace-di2, colnago-v5rs-ultegra-di2, colnago-y1rs-dura-ace-di2, cube-agree-c62-one, cube-agree-c62-pro, cube-agree-c62-race, cube-agree-c62-slt, cube-attain-c62-race, cube-attain-c62-slt, cube-attain-c62-slx, cube-attain-slx, cube-litening-aero-c68x-race, cube-litening-aero-c68x-slt, cube-litening-air-c68x-race, cube-litening-air-c68x-slt, factor-o2-vam-da-di2-custom-build, factor-o2-vam-ultegra-di2-custom-build, factor-one-da-di2-custom-build, factor-ostro-vam-da-di2-custom-build, factor-slick-da-di2-custom-build, factor-vista-da-di2-custom-build, factor-vista-ultegra-di2-custom-build, look-765-optimum-105-di2, look-765-optimum-105-mechanisch, look-765-optimum-ultegra-di2, look-785-huez-105-di2, look-785-huez-105-mechanisch, look-785-huez-rs-disc-ultegra-di2, look-785-huez-ultegra-di2-pro-team-black, look-795-blade-rs-da-di2, look-795-blade-rs-ultegra-di2, pinarello-dogma-f-dura-ace-di2, pinarello-dogma-f-dura-ace-di2-powermeter, pinarello-dogma-x-dura-ace-di2, pinarello-f1-105-mechanisch, pinarello-f3-105-di2, pinarello-f5-105-di2, pinarello-f7-ultegra-di2, pinarello-f9-dura-ace-di2, pinarello-new-f5-105-di2, pinarello-new-f7-ultegra-di2, pinarello-new-f9-dura-ace-di2, pinarello-paris-105-di2, pinarello-prince-ultegra-di2, pinarello-x1-105-mechanisch, pinarello-x3-105-di2, pinarello-x5-105-di2, pinarello-x7-ultegra-di2, pinarello-x9-dura-ace-di2, rose-reveal-04-105-di2, rose-reveal-06-ultegra-di2, rose-shave-105-di2, rose-shave-ff-ultegra-di2, rose-shave-ffx-dura-ace-di2, rose-shave-ultegra-di2, rose-xlite-04-105-mech, rose-xlite-04-ultegra-di2, rose-xlite-06-dura-ace-di2, rose-xlite-06-ultegra-di2, rose-xlite-unltd-dura-ace-di2, scott-addict-10-da-di2, scott-addict-20-ultegra-di2, scott-addict-40-105-di2, scott-addict-50-105-mech, scott-addict-rc-10-ultegra-di2, scott-addict-rc-20-105-di2, scott-addict-rc-pro-da-di2, scott-addict-rc-ultimate-ultegra-di2, scott-foil-rc-10-ultegra-di2, scott-foil-rc-20-105-di2, scott-foil-rc-pro-da-di2, scott-speedster-10-105-di2, specialized-aethos-2-expert-ultegra-di2, specialized-aethos-2-pro-ultegra-di2, specialized-aethos-expert-ultegra-di2, specialized-aethos-sport-105, specialized-allez-sprint-comp-105, specialized-roubaix-expert-ultegra-di2, specialized-roubaix-sport-105, specialized-s-works-aethos-2-da-di2, specialized-s-works-aethos-da-di2, specialized-s-works-roubaix-da-di2, specialized-s-works-tarmac-sl8-da-di2, specialized-tarmac-sl8-comp-105-di2, specialized-tarmac-sl8-pro-ultegra-di2, specialized-tarmac-sl8-sport-105, trek-domane-al-5, trek-domane-sl-5, trek-domane-sl-5-mech, trek-domane-sl-6-di2, trek-domane-slr-7-di2, trek-emonda-slr-7-di2, trek-madone-sl-5, trek-madone-sl-6-di2, trek-madone-slr-6-di2, trek-madone-slr-7-di2, trek-madone-slr-9-di2",TRUE,Title,Default Title,VM-SHIMANOCSR8100U,0,shopify,99,continue,manual,79.99,,TRUE,TRUE,active
shimano-cs-r8100-ultegra-12s-11-34,Shimano CS-R8100 Ultegra 12s 11-34,<p><strong>Kompatibilität:</strong> Alle Shimano 12-fach Räder</p><ul><li>Schaltgruppen-Hersteller: Shimano</li><li>Gang: 12-fach</li></ul>,Shimano,,Kassette,"vm-kat-kassette, bmc-rm-01-five-105-di2, bmc-rm-01-four-ultegra-di2, bmc-rm-01-two-da-di2, bmc-slr-01-three-ultegra-di2, bmc-slr-01-two-da-di2, bmc-teammachine-alr-one-105-di2, bmc-tmr-01-five-105-di2, bmc-tmr-01-four-ultegra-di2, bmc-tmr-01-two-da-di2, canyon-aeroad-cf-slx-7-di2, canyon-aeroad-cf-slx-8-di2, canyon-aeroad-cf-slx-8-disc-di2, canyon-aeroad-cfr-di2, canyon-aeroad-cfr-mach874, canyon-endurace-cf-8-di2, canyon-endurace-cf-sl-7-di2, canyon-endurace-cf-sl-8-di2, canyon-endurace-cf-slx-8-di2-aero, canyon-endurace-cfr-di2, canyon-ultimate-cf-7, canyon-ultimate-cf-sl-7-di2, canyon-ultimate-cf-sl-8-di2, canyon-ultimate-cf-slx-8-di2, canyon-ultimate-cfr-di2, cervelo-caledonia-5-dura-ace-di2, cervelo-caledonia-5-ultegra-di2, cervelo-r5-dura-ace-di2, cervelo-r5-ultegra-di2, cervelo-s5-dura-ace-di2, cervelo-s5-ultegra-di2, cervelo-soloist-105-di2, cervelo-soloist-ultegra-di2, colnago-c68-disc-dura-ace-di2, colnago-v3rs-dura-ace-di2, colnago-v4-105-di2, colnago-v4-ultegra-di2, colnago-v4rs-dura-ace-di2, colnago-v4rs-ultegra-di2, colnago-v5rs-dura-ace-di2, colnago-v5rs-ultegra-di2, colnago-y1rs-dura-ace-di2, cube-agree-c62-one, cube-agree-c62-pro, cube-agree-c62-race, cube-agree-c62-slt, cube-attain-c62-race, cube-attain-c62-slt, cube-attain-c62-slx, cube-attain-slx, cube-litening-aero-c68x-race, cube-litening-aero-c68x-slt, cube-litening-air-c68x-race, cube-litening-air-c68x-slt, factor-o2-vam-da-di2-custom-build, factor-o2-vam-ultegra-di2-custom-build, factor-one-da-di2-custom-build, factor-ostro-vam-da-di2-custom-build, factor-slick-da-di2-custom-build, factor-vista-da-di2-custom-build, factor-vista-ultegra-di2-custom-build, look-765-optimum-105-di2, look-765-optimum-105-mechanisch, look-765-optimum-ultegra-di2, look-785-huez-105-di2, look-785-huez-105-mechanisch, look-785-huez-rs-disc-ultegra-di2, look-785-huez-ultegra-di2-pro-team-black, look-795-blade-rs-da-di2, look-795-blade-rs-ultegra-di2, pinarello-dogma-f-dura-ace-di2, pinarello-dogma-f-dura-ace-di2-powermeter, pinarello-dogma-x-dura-ace-di2, pinarello-f1-105-mechanisch, pinarello-f3-105-di2, pinarello-f5-105-di2, pinarello-f7-ultegra-di2, pinarello-f9-dura-ace-di2, pinarello-new-f5-105-di2, pinarello-new-f7-ultegra-di2, pinarello-new-f9-dura-ace-di2, pinarello-paris-105-di2, pinarello-prince-ultegra-di2, pinarello-x1-105-mechanisch, pinarello-x3-105-di2, pinarello-x5-105-di2, pinarello-x7-ultegra-di2, pinarello-x9-dura-ace-di2, rose-reveal-04-105-di2, rose-reveal-06-ultegra-di2, rose-shave-105-di2, rose-shave-ff-ultegra-di2, rose-shave-ffx-dura-ace-di2, rose-shave-ultegra-di2, rose-xlite-04-105-mech, rose-xlite-04-ultegra-di2, rose-xlite-06-dura-ace-di2, rose-xlite-06-ultegra-di2, rose-xlite-unltd-dura-ace-di2, scott-addict-10-da-di2, scott-addict-20-ultegra-di2, scott-addict-40-105-di2, scott-addict-50-105-mech, scott-addict-rc-10-ultegra-di2, scott-addict-rc-20-105-di2, scott-addict-rc-pro-da-di2, scott-addict-rc-ultimate-ultegra-di2, scott-foil-rc-10-ultegra-di2, scott-foil-rc-20-105-di2, scott-foil-rc-pro-da-di2, scott-speedster-10-105-di2, specialized-aethos-2-expert-ultegra-di2, specialized-aethos-2-pro-ultegra-di2, specialized-aethos-expert-ultegra-di2, specialized-aethos-sport-105, specialized-allez-sprint-comp-105, specialized-roubaix-expert-ultegra-di2, specialized-roubaix-sport-105, specialized-s-works-aethos-2-da-di2, specialized-s-works-aethos-da-di2, specialized-s-works-roubaix-da-di2, specialized-s-works-tarmac-sl8-da-di2, specialized-tarmac-sl8-comp-105-di2, specialized-tarmac-sl8-pro-ultegra-di2, specialized-tarmac-sl8-sport-105, trek-domane-al-5, trek-domane-sl-5, trek-domane-sl-5-mech, trek-domane-sl-6-di2, trek-domane-slr-7-di2, trek-emonda-slr-7-di2, trek-madone-sl-5, trek-madone-sl-6-di2, trek-madone-slr-6-di2, trek-madone-slr-7-di2, trek-madone-slr-9-di2",TRUE,Title,Default Title,VM-SHIMANOCSR8100U,0,shopify,99,continue,manual,79.99,,TRUE,TRUE,active
shimano-cs-r7100-105-12s-11-34,Shimano CS-R7100 105 12s 11-34,<p><strong>Kompatibilität:</strong> Alle Shimano 12-fach Räder</p><ul><li>Schaltgruppen-Hersteller: Shimano</li><li>Gang: 12-fach</li></ul>,Shimano,,Kassette,"vm-kat-kassette, bmc-rm-01-five-105-di2, bmc-rm-01-four-ultegra-di2, bmc-rm-01-two-da-di2, bmc-slr-01-three-ultegra-di2, bmc-slr-01-two-da-di2, bmc-teammachine-alr-one-105-di2, bmc-tmr-01-five-105-di2, bmc-tmr-01-four-ultegra-di2, bmc-tmr-01-two-da-di2, canyon-aeroad-cf-slx-7-di2, canyon-aeroad-cf-slx-8-di2, canyon-aeroad-cf-slx-8-disc-di2, canyon-aeroad-cfr-di2, canyon-aeroad-cfr-mach874, canyon-endurace-cf-8-di2, canyon-endurace-cf-sl-7-di2, canyon-endurace-cf-sl-8-di2, canyon-endurace-cf-slx-8-di2-aero, canyon-endurace-cfr-di2, canyon-ultimate-cf-7, canyon-ultimate-cf-sl-7-di2, canyon-ultimate-cf-sl-8-di2, canyon-ultimate-cf-slx-8-di2, canyon-ultimate-cfr-di2, cervelo-caledonia-5-dura-ace-di2, cervelo-caledonia-5-ultegra-di2, cervelo-r5-dura-ace-di2, cervelo-r5-ultegra-di2, cervelo-s5-dura-ace-di2, cervelo-s5-ultegra-di2, cervelo-soloist-105-di2, cervelo-soloist-ultegra-di2, colnago-c68-disc-dura-ace-di2, colnago-v3rs-dura-ace-di2, colnago-v4-105-di2, colnago-v4-ultegra-di2, colnago-v4rs-dura-ace-di2, colnago-v4rs-ultegra-di2, colnago-v5rs-dura-ace-di2, colnago-v5rs-ultegra-di2, colnago-y1rs-dura-ace-di2, cube-agree-c62-one, cube-agree-c62-pro, cube-agree-c62-race, cube-agree-c62-slt, cube-attain-c62-race, cube-attain-c62-slt, cube-attain-c62-slx, cube-attain-slx, cube-litening-aero-c68x-race, cube-litening-aero-c68x-slt, cube-litening-air-c68x-race, cube-litening-air-c68x-slt, factor-o2-vam-da-di2-custom-build, factor-o2-vam-ultegra-di2-custom-build, factor-one-da-di2-custom-build, factor-ostro-vam-da-di2-custom-build, factor-slick-da-di2-custom-build, factor-vista-da-di2-custom-build, factor-vista-ultegra-di2-custom-build, look-765-optimum-105-di2, look-765-optimum-105-mechanisch, look-765-optimum-ultegra-di2, look-785-huez-105-di2, look-785-huez-105-mechanisch, look-785-huez-rs-disc-ultegra-di2, look-785-huez-ultegra-di2-pro-team-black, look-795-blade-rs-da-di2, look-795-blade-rs-ultegra-di2, pinarello-dogma-f-dura-ace-di2, pinarello-dogma-f-dura-ace-di2-powermeter, pinarello-dogma-x-dura-ace-di2, pinarello-f1-105-mechanisch, pinarello-f3-105-di2, pinarello-f5-105-di2, pinarello-f7-ultegra-di2, pinarello-f9-dura-ace-di2, pinarello-new-f5-105-di2, pinarello-new-f7-ultegra-di2, pinarello-new-f9-dura-ace-di2, pinarello-paris-105-di2, pinarello-prince-ultegra-di2, pinarello-x1-105-mechanisch, pinarello-x3-105-di2, pinarello-x5-105-di2, pinarello-x7-ultegra-di2, pinarello-x9-dura-ace-di2, rose-reveal-04-105-di2, rose-reveal-06-ultegra-di2, rose-shave-105-di2, rose-shave-ff-ultegra-di2, rose-shave-ffx-dura-ace-di2, rose-shave-ultegra-di2, rose-xlite-04-105-mech, rose-xlite-04-ultegra-di2, rose-xlite-06-dura-ace-di2, rose-xlite-06-ultegra-di2, rose-xlite-unltd-dura-ace-di2, scott-addict-10-da-di2, scott-addict-20-ultegra-di2, scott-addict-40-105-di2, scott-addict-50-105-mech, scott-addict-rc-10-ultegra-di2, scott-addict-rc-20-105-di2, scott-addict-rc-pro-da-di2, scott-addict-rc-ultimate-ultegra-di2, scott-foil-rc-10-ultegra-di2, scott-foil-rc-20-105-di2, scott-foil-rc-pro-da-di2, scott-speedster-10-105-di2, specialized-aethos-2-expert-ultegra-di2, specialized-aethos-2-pro-ultegra-di2, specialized-aethos-expert-ultegra-di2, specialized-aethos-sport-105, specialized-allez-sprint-comp-105, specialized-roubaix-expert-ultegra-di2, specialized-roubaix-sport-105, specialized-s-works-aethos-2-da-di2, specialized-s-works-aethos-da-di2, specialized-s-works-roubaix-da-di2, specialized-s-works-tarmac-sl8-da-di2, specialized-tarmac-sl8-comp-105-di2, specialized-tarmac-sl8-pro-ultegra-di2, specialized-tarmac-sl8-sport-105, trek-domane-al-5, trek-domane-sl-5, trek-domane-sl-5-mech, trek-domane-sl-6-di2, trek-domane-slr-7-di2, trek-emonda-slr-7-di2, trek-madone-sl-5, trek-madone-sl-6-di2, trek-madone-slr-6-di2, trek-madone-slr-7-di2, trek-madone-slr-9-di2",TRUE,Title,Default Title,VM-SHIMANOCSR71001,0,shopify,99,continue,manual,49.99,,TRUE,TRUE,active
shimano-cs-hg500-tiagra-10s-11-34,Shimano CS-HG500 Tiagra 10s 11-34,<p><strong>Kompatibilität:</strong> Shimano 10-fach Räder</p><ul><li>Schaltgruppen-Hersteller: Shimano</li><li>Gang: 10-fach</li></ul>,Shimano,,Kassette,"vm-kat-kassette, bmc-teammachine-alr-two-tiagra, cube-attain-race, scott-speedster-20-tiagra, trek-domane-al-4",TRUE,Title,Default Title,VM-SHIMANOCSHG500T,0,shopify,99,continue,manual,29.99,,TRUE,TRUE,active
sram-red-xg-1290-12s-10-33,SRAM Red XG-1290 12s 10-33,<p><strong>Kompatibilität:</strong> Alle SRAM 12-fach AXS Räder</p><ul><li>Schaltgruppen-Hersteller: SRAM</li><li>Gang: 12-fach</li></ul>,SRAM,,Kassette,"vm-kat-kassette, bmc-rm-01-one-red-axs, bmc-rm-01-three-force-axs, bmc-slr-01-one-red-axs, bmc-slr-01-three-force-axs, bmc-tmr-01-one-red-axs, bmc-tmr-01-three-force-axs, canyon-aeroad-cf-slx-7-axs-speed, canyon-aeroad-cf-slx-8-axs, canyon-aeroad-cf-slx-8-axs-speed, canyon-aeroad-cfr-axs, canyon-endurace-cf-slx-8-axs-aero, canyon-endurace-cfr-axs, canyon-ultimate-cf-slx-8-axs, canyon-ultimate-cfr-etap, cervelo-caledonia-5-force-axs, cervelo-caledonia-5-red-axs, cervelo-r5-force-axs, cervelo-r5-red-axs, cervelo-r5-sram-red-axs, cervelo-s5-force-axs, cervelo-s5-red-axs, cervelo-soloist-force-axs, cervelo-soloist-rival-axs, colnago-v3rs-sram-red-axs, colnago-v4-sram-rival-axs, colnago-v4rs-sram-red-axs, colnago-v5rs-sram-red-axs, colnago-y1rs-sram-red-axs, cube-agree-c62-slx, cube-litening-aero-c68x-pro, cube-litening-aero-c68x-slt, cube-litening-aero-c68x-slx, cube-litening-air-c68x-pro, cube-litening-air-c68x-slx, factor-o2-vam-red-axs-custom-build, factor-ostro-vam-red-axs-custom-build, look-765-optimum-rival-axs, look-785-huez-rival-axs-e1, look-785-huez-rs-red-axs, look-795-blade-rs-red-axs, pinarello-dogma-f-sram-red-axs, pinarello-dogma-x-sram-red-axs, pinarello-f7-sram-force-axs, pinarello-x7-sram-force-axs, rose-reveal-04-rival-axs, rose-shave-ff-force-axs, rose-shave-ffx-red-axs, rose-shave-force-axs, rose-shave-rival-axs, rose-xlite-04-force-etap-axs, rose-xlite-06-force-etap-axs, rose-xlite-06-red-etap-axs, scott-addict-premium-red-axs, scott-addict-rc-team-red-axs, scott-foil-rc-team-force-axs, specialized-aethos-comp-rival-axs, specialized-roubaix-comp-rival-axs, specialized-s-works-aethos-2-red-axs, specialized-s-works-tarmac-sl8-red-axs, specialized-s-works-tarmac-sl8-red-etap-axs, specialized-tarmac-sl8-comp-rival-axs, specialized-tarmac-sl8-expert-force-axs, trek-domane-sl-7-axs, trek-domane-slr-9-axs, trek-emonda-slr-9-axs, trek-madone-sl-7-axs, trek-madone-slr-7-axs, trek-madone-slr-9-red-axs",TRUE,Title,Default Title,VM-SRAMREDXG12901,0,shopify,99,continue,manual,299.99,,TRUE,TRUE,active
sram-force-xg-1270-12s-10-33,SRAM Force XG-1270 12s 10-33,<p><strong>Kompatibilität:</strong> Alle SRAM 12-fach AXS Räder</p><ul><li>Schaltgruppen-Hersteller: SRAM</li><li>Gang: 12-fach</li></ul>,SRAM,,Kassette,"vm-kat-kassette, bmc-rm-01-one-red-axs, bmc-rm-01-three-force-axs, bmc-slr-01-one-red-axs, bmc-slr-01-three-force-axs, bmc-tmr-01-one-red-axs, bmc-tmr-01-three-force-axs, canyon-aeroad-cf-slx-7-axs-speed, canyon-aeroad-cf-slx-8-axs, canyon-aeroad-cf-slx-8-axs-speed, canyon-aeroad-cfr-axs, canyon-endurace-cf-slx-8-axs-aero, canyon-endurace-cfr-axs, canyon-ultimate-cf-slx-8-axs, canyon-ultimate-cfr-etap, cervelo-caledonia-5-force-axs, cervelo-caledonia-5-red-axs, cervelo-r5-force-axs, cervelo-r5-red-axs, cervelo-r5-sram-red-axs, cervelo-s5-force-axs, cervelo-s5-red-axs, cervelo-soloist-force-axs, cervelo-soloist-rival-axs, colnago-v3rs-sram-red-axs, colnago-v4-sram-rival-axs, colnago-v4rs-sram-red-axs, colnago-v5rs-sram-red-axs, colnago-y1rs-sram-red-axs, cube-agree-c62-slx, cube-litening-aero-c68x-pro, cube-litening-aero-c68x-slt, cube-litening-aero-c68x-slx, cube-litening-air-c68x-pro, cube-litening-air-c68x-slx, factor-o2-vam-red-axs-custom-build, factor-ostro-vam-red-axs-custom-build, look-765-optimum-rival-axs, look-785-huez-rival-axs-e1, look-785-huez-rs-red-axs, look-795-blade-rs-red-axs, pinarello-dogma-f-sram-red-axs, pinarello-dogma-x-sram-red-axs, pinarello-f7-sram-force-axs, pinarello-x7-sram-force-axs, rose-reveal-04-rival-axs, rose-shave-ff-force-axs, rose-shave-ffx-red-axs, rose-shave-force-axs, rose-shave-rival-axs, rose-xlite-04-force-etap-axs, rose-xlite-06-force-etap-axs, rose-xlite-06-red-etap-axs, scott-addict-premium-red-axs, scott-addict-rc-team-red-axs, scott-foil-rc-team-force-axs, specialized-aethos-comp-rival-axs, specialized-roubaix-comp-rival-axs, specialized-s-works-aethos-2-red-axs, specialized-s-works-tarmac-sl8-red-axs, specialized-s-works-tarmac-sl8-red-etap-axs, specialized-tarmac-sl8-comp-rival-axs, specialized-tarmac-sl8-expert-force-axs, trek-domane-sl-7-axs, trek-domane-slr-9-axs, trek-emonda-slr-9-axs, trek-madone-sl-7-axs, trek-madone-slr-7-axs, trek-madone-slr-9-red-axs",TRUE,Title,Default Title,VM-SRAMFORCEXG1270,0,shopify,99,continue,manual,99.99,,TRUE,TRUE,active
sram-force-xg-1270-12s-10-36,SRAM Force XG-1270 12s 10-36,<p><strong>Kompatibilität:</strong> Alle SRAM 12-fach AXS Räder</p><ul><li>Schaltgruppen-Hersteller: SRAM</li><li>Gang: 12-fach</li></ul>,SRAM,,Kassette,"vm-kat-kassette, bmc-rm-01-one-red-axs, bmc-rm-01-three-force-axs, bmc-slr-01-one-red-axs, bmc-slr-01-three-force-axs, bmc-tmr-01-one-red-axs, bmc-tmr-01-three-force-axs, canyon-aeroad-cf-slx-7-axs-speed, canyon-aeroad-cf-slx-8-axs, canyon-aeroad-cf-slx-8-axs-speed, canyon-aeroad-cfr-axs, canyon-endurace-cf-slx-8-axs-aero, canyon-endurace-cfr-axs, canyon-ultimate-cf-slx-8-axs, canyon-ultimate-cfr-etap, cervelo-caledonia-5-force-axs, cervelo-caledonia-5-red-axs, cervelo-r5-force-axs, cervelo-r5-red-axs, cervelo-r5-sram-red-axs, cervelo-s5-force-axs, cervelo-s5-red-axs, cervelo-soloist-force-axs, cervelo-soloist-rival-axs, colnago-v3rs-sram-red-axs, colnago-v4-sram-rival-axs, colnago-v4rs-sram-red-axs, colnago-v5rs-sram-red-axs, colnago-y1rs-sram-red-axs, cube-agree-c62-slx, cube-litening-aero-c68x-pro, cube-litening-aero-c68x-slt, cube-litening-aero-c68x-slx, cube-litening-air-c68x-pro, cube-litening-air-c68x-slx, factor-o2-vam-red-axs-custom-build, factor-ostro-vam-red-axs-custom-build, look-765-optimum-rival-axs, look-785-huez-rival-axs-e1, look-785-huez-rs-red-axs, look-795-blade-rs-red-axs, pinarello-dogma-f-sram-red-axs, pinarello-dogma-x-sram-red-axs, pinarello-f7-sram-force-axs, pinarello-x7-sram-force-axs, rose-reveal-04-rival-axs, rose-shave-ff-force-axs, rose-shave-ffx-red-axs, rose-shave-force-axs, rose-shave-rival-axs, rose-xlite-04-force-etap-axs, rose-xlite-06-force-etap-axs, rose-xlite-06-red-etap-axs, scott-addict-premium-red-axs, scott-addict-rc-team-red-axs, scott-foil-rc-team-force-axs, specialized-aethos-comp-rival-axs, specialized-roubaix-comp-rival-axs, specialized-s-works-aethos-2-red-axs, specialized-s-works-tarmac-sl8-red-axs, specialized-s-works-tarmac-sl8-red-etap-axs, specialized-tarmac-sl8-comp-rival-axs, specialized-tarmac-sl8-expert-force-axs, trek-domane-sl-7-axs, trek-domane-slr-9-axs, trek-emonda-slr-9-axs, trek-madone-sl-7-axs, trek-madone-slr-7-axs, trek-madone-slr-9-red-axs",TRUE,Title,Default Title,VM-SRAMFORCEXG1270,0,shopify,99,continue,manual,99.99,,TRUE,TRUE,active
sram-rival-xg-1250-12s-10-36,SRAM Rival XG-1250 12s 10-36,<p><strong>Kompatibilität:</strong> Alle SRAM 12-fach AXS Räder</p><ul><li>Schaltgruppen-Hersteller: SRAM</li><li>Gang: 12-fach</li></ul>,SRAM,,Kassette,"vm-kat-kassette, bmc-rm-01-one-red-axs, bmc-rm-01-three-force-axs, bmc-slr-01-one-red-axs, bmc-slr-01-three-force-axs, bmc-tmr-01-one-red-axs, bmc-tmr-01-three-force-axs, canyon-aeroad-cf-slx-7-axs-speed, canyon-aeroad-cf-slx-8-axs, canyon-aeroad-cf-slx-8-axs-speed, canyon-aeroad-cfr-axs, canyon-endurace-cf-slx-8-axs-aero, canyon-endurace-cfr-axs, canyon-ultimate-cf-slx-8-axs, canyon-ultimate-cfr-etap, cervelo-caledonia-5-force-axs, cervelo-caledonia-5-red-axs, cervelo-r5-force-axs, cervelo-r5-red-axs, cervelo-r5-sram-red-axs, cervelo-s5-force-axs, cervelo-s5-red-axs, cervelo-soloist-force-axs, cervelo-soloist-rival-axs, colnago-v3rs-sram-red-axs, colnago-v4-sram-rival-axs, colnago-v4rs-sram-red-axs, colnago-v5rs-sram-red-axs, colnago-y1rs-sram-red-axs, cube-agree-c62-slx, cube-litening-aero-c68x-pro, cube-litening-aero-c68x-slt, cube-litening-aero-c68x-slx, cube-litening-air-c68x-pro, cube-litening-air-c68x-slx, factor-o2-vam-red-axs-custom-build, factor-ostro-vam-red-axs-custom-build, look-765-optimum-rival-axs, look-785-huez-rival-axs-e1, look-785-huez-rs-red-axs, look-795-blade-rs-red-axs, pinarello-dogma-f-sram-red-axs, pinarello-dogma-x-sram-red-axs, pinarello-f7-sram-force-axs, pinarello-x7-sram-force-axs, rose-reveal-04-rival-axs, rose-shave-ff-force-axs, rose-shave-ffx-red-axs, rose-shave-force-axs, rose-shave-rival-axs, rose-xlite-04-force-etap-axs, rose-xlite-06-force-etap-axs, rose-xlite-06-red-etap-axs, scott-addict-premium-red-axs, scott-addict-rc-team-red-axs, scott-foil-rc-team-force-axs, specialized-aethos-comp-rival-axs, specialized-roubaix-comp-rival-axs, specialized-s-works-aethos-2-red-axs, specialized-s-works-tarmac-sl8-red-axs, specialized-s-works-tarmac-sl8-red-etap-axs, specialized-tarmac-sl8-comp-rival-axs, specialized-tarmac-sl8-expert-force-axs, trek-domane-sl-7-axs, trek-domane-slr-9-axs, trek-emonda-slr-9-axs, trek-madone-sl-7-axs, trek-madone-slr-7-axs, trek-madone-slr-9-red-axs",TRUE,Title,Default Title,VM-SRAMRIVALXG1250,0,shopify,99,continue,manual,54.99,,TRUE,TRUE,active
shimano-sm-cn910-12-quick-link-12s-2-st,Shimano SM-CN910-12 Quick-Link 12s (2 St.),<p><strong>Kompatibilität:</strong> Alle Shimano 12-fach Ketten</p><ul><li>Schaltgruppen-Hersteller: Shimano</li><li>Gang: 12-fach</li></ul>,Shimano,,Kettenschloss,"vm-kat-kettenschloss, bmc-rm-01-five-105-di2, bmc-rm-01-four-ultegra-di2, bmc-rm-01-two-da-di2, bmc-slr-01-three-ultegra-di2, bmc-slr-01-two-da-di2, bmc-teammachine-alr-one-105-di2, bmc-tmr-01-five-105-di2, bmc-tmr-01-four-ultegra-di2, bmc-tmr-01-two-da-di2, canyon-aeroad-cf-slx-7-di2, canyon-aeroad-cf-slx-8-di2, canyon-aeroad-cf-slx-8-disc-di2, canyon-aeroad-cfr-di2, canyon-aeroad-cfr-mach874, canyon-endurace-cf-8-di2, canyon-endurace-cf-sl-7-di2, canyon-endurace-cf-sl-8-di2, canyon-endurace-cf-slx-8-di2-aero, canyon-endurace-cfr-di2, canyon-ultimate-cf-7, canyon-ultimate-cf-sl-7-di2, canyon-ultimate-cf-sl-8-di2, canyon-ultimate-cf-slx-8-di2, canyon-ultimate-cfr-di2, cervelo-caledonia-5-dura-ace-di2, cervelo-caledonia-5-ultegra-di2, cervelo-r5-dura-ace-di2, cervelo-r5-ultegra-di2, cervelo-s5-dura-ace-di2, cervelo-s5-ultegra-di2, cervelo-soloist-105-di2, cervelo-soloist-ultegra-di2, colnago-c68-disc-dura-ace-di2, colnago-v3rs-dura-ace-di2, colnago-v4-105-di2, colnago-v4-ultegra-di2, colnago-v4rs-dura-ace-di2, colnago-v4rs-ultegra-di2, colnago-v5rs-dura-ace-di2, colnago-v5rs-ultegra-di2, colnago-y1rs-dura-ace-di2, cube-agree-c62-one, cube-agree-c62-pro, cube-agree-c62-race, cube-agree-c62-slt, cube-attain-c62-race, cube-attain-c62-slt, cube-attain-c62-slx, cube-attain-slx, cube-litening-aero-c68x-race, cube-litening-aero-c68x-slt, cube-litening-air-c68x-race, cube-litening-air-c68x-slt, factor-o2-vam-da-di2-custom-build, factor-o2-vam-ultegra-di2-custom-build, factor-one-da-di2-custom-build, factor-ostro-vam-da-di2-custom-build, factor-slick-da-di2-custom-build, factor-vista-da-di2-custom-build, factor-vista-ultegra-di2-custom-build, look-765-optimum-105-di2, look-765-optimum-105-mechanisch, look-765-optimum-ultegra-di2, look-785-huez-105-di2, look-785-huez-105-mechanisch, look-785-huez-rs-disc-ultegra-di2, look-785-huez-ultegra-di2-pro-team-black, look-795-blade-rs-da-di2, look-795-blade-rs-ultegra-di2, pinarello-dogma-f-dura-ace-di2, pinarello-dogma-f-dura-ace-di2-powermeter, pinarello-dogma-x-dura-ace-di2, pinarello-f1-105-mechanisch, pinarello-f3-105-di2, pinarello-f5-105-di2, pinarello-f7-ultegra-di2, pinarello-f9-dura-ace-di2, pinarello-new-f5-105-di2, pinarello-new-f7-ultegra-di2, pinarello-new-f9-dura-ace-di2, pinarello-paris-105-di2, pinarello-prince-ultegra-di2, pinarello-x1-105-mechanisch, pinarello-x3-105-di2, pinarello-x5-105-di2, pinarello-x7-ultegra-di2, pinarello-x9-dura-ace-di2, rose-reveal-04-105-di2, rose-reveal-06-ultegra-di2, rose-shave-105-di2, rose-shave-ff-ultegra-di2, rose-shave-ffx-dura-ace-di2, rose-shave-ultegra-di2, rose-xlite-04-105-mech, rose-xlite-04-ultegra-di2, rose-xlite-06-dura-ace-di2, rose-xlite-06-ultegra-di2, rose-xlite-unltd-dura-ace-di2, scott-addict-10-da-di2, scott-addict-20-ultegra-di2, scott-addict-40-105-di2, scott-addict-50-105-mech, scott-addict-rc-10-ultegra-di2, scott-addict-rc-20-105-di2, scott-addict-rc-pro-da-di2, scott-addict-rc-ultimate-ultegra-di2, scott-foil-rc-10-ultegra-di2, scott-foil-rc-20-105-di2, scott-foil-rc-pro-da-di2, scott-speedster-10-105-di2, specialized-aethos-2-expert-ultegra-di2, specialized-aethos-2-pro-ultegra-di2, specialized-aethos-expert-ultegra-di2, specialized-aethos-sport-105, specialized-allez-sprint-comp-105, specialized-roubaix-expert-ultegra-di2, specialized-roubaix-sport-105, specialized-s-works-aethos-2-da-di2, specialized-s-works-aethos-da-di2, specialized-s-works-roubaix-da-di2, specialized-s-works-tarmac-sl8-da-di2, specialized-tarmac-sl8-comp-105-di2, specialized-tarmac-sl8-pro-ultegra-di2, specialized-tarmac-sl8-sport-105, trek-domane-al-5, trek-domane-sl-5, trek-domane-sl-5-mech, trek-domane-sl-6-di2, trek-domane-slr-7-di2, trek-emonda-slr-7-di2, trek-madone-sl-5, trek-madone-sl-6-di2, trek-madone-slr-6-di2, trek-madone-slr-7-di2, trek-madone-slr-9-di2",TRUE,Title,Default Title,VM-SHIMANOSMCN9101,0,shopify,99,continue,manual,9.99,,TRUE,TRUE,active
shimano-sm-cn900-11-quick-link-11s-2-st,Shimano SM-CN900-11 Quick-Link 11s (2 St.),<p><strong>Kompatibilität:</strong> Alle Shimano 11-fach Ketten</p><ul><li>Schaltgruppen-Hersteller: Shimano</li><li>Gang: 11-fach</li></ul>,Shimano,,Kettenschloss,"vm-kat-kettenschloss, bmc-teammachine-alr-two-tiagra, cube-attain-race, scott-speedster-20-tiagra, trek-domane-al-4",TRUE,Title,Default Title,VM-SHIMANOSMCN9001,0,shopify,99,continue,manual,7.99,,TRUE,TRUE,active
sram-powerlock-12s-flattop-4-st,SRAM PowerLock 12s Flattop (4 St.),<p><strong>Kompatibilität:</strong> Alle SRAM 12-fach AXS Ketten</p><ul><li>Schaltgruppen-Hersteller: SRAM</li><li>Gang: 12-fach</li></ul>,SRAM,,Kettenschloss,"vm-kat-kettenschloss, bmc-rm-01-one-red-axs, bmc-rm-01-three-force-axs, bmc-slr-01-one-red-axs, bmc-slr-01-three-force-axs, bmc-tmr-01-one-red-axs, bmc-tmr-01-three-force-axs, canyon-aeroad-cf-slx-7-axs-speed, canyon-aeroad-cf-slx-8-axs, canyon-aeroad-cf-slx-8-axs-speed, canyon-aeroad-cfr-axs, canyon-endurace-cf-slx-8-axs-aero, canyon-endurace-cfr-axs, canyon-ultimate-cf-slx-8-axs, canyon-ultimate-cfr-etap, cervelo-caledonia-5-force-axs, cervelo-caledonia-5-red-axs, cervelo-r5-force-axs, cervelo-r5-red-axs, cervelo-r5-sram-red-axs, cervelo-s5-force-axs, cervelo-s5-red-axs, cervelo-soloist-force-axs, cervelo-soloist-rival-axs, colnago-v3rs-sram-red-axs, colnago-v4-sram-rival-axs, colnago-v4rs-sram-red-axs, colnago-v5rs-sram-red-axs, colnago-y1rs-sram-red-axs, cube-agree-c62-slx, cube-litening-aero-c68x-pro, cube-litening-aero-c68x-slt, cube-litening-aero-c68x-slx, cube-litening-air-c68x-pro, cube-litening-air-c68x-slx, factor-o2-vam-red-axs-custom-build, factor-ostro-vam-red-axs-custom-build, look-765-optimum-rival-axs, look-785-huez-rival-axs-e1, look-785-huez-rs-red-axs, look-795-blade-rs-red-axs, pinarello-dogma-f-sram-red-axs, pinarello-dogma-x-sram-red-axs, pinarello-f7-sram-force-axs, pinarello-x7-sram-force-axs, rose-reveal-04-rival-axs, rose-shave-ff-force-axs, rose-shave-ffx-red-axs, rose-shave-force-axs, rose-shave-rival-axs, rose-xlite-04-force-etap-axs, rose-xlite-06-force-etap-axs, rose-xlite-06-red-etap-axs, scott-addict-premium-red-axs, scott-addict-rc-team-red-axs, scott-foil-rc-team-force-axs, specialized-aethos-comp-rival-axs, specialized-roubaix-comp-rival-axs, specialized-s-works-aethos-2-red-axs, specialized-s-works-tarmac-sl8-red-axs, specialized-s-works-tarmac-sl8-red-etap-axs, specialized-tarmac-sl8-comp-rival-axs, specialized-tarmac-sl8-expert-force-axs, trek-domane-sl-7-axs, trek-domane-slr-9-axs, trek-emonda-slr-9-axs, trek-madone-sl-7-axs, trek-madone-slr-7-axs, trek-madone-slr-9-red-axs",TRUE,Title,Default Title,VM-SRAMPOWERLOCK12S,0,shopify,99,continue,manual,11.99,,TRUE,TRUE,active
campagnolo-c-link-12s-2-st,Campagnolo C-Link 12s (2 St.),<p><strong>Kompatibilität:</strong> Alle Campagnolo 12-fach Ketten</p><ul><li>Schaltgruppen-Hersteller: Campagnolo</li><li>Gang: 12-fach</li></ul>,Campagnolo,,Kettenschloss,"vm-kat-kettenschloss, colnago-c68-disc-campagnolo-sr-wrl, colnago-v3rs-campagnolo-sr-eps, colnago-v5rs-campagnolo-sr-wrl, colnago-y1rs-campagnolo-sr-wrl, factor-o2-vam-campagnolo-sr-wrl-custom, factor-ostro-vam-campagnolo-sr-wrl-custom, look-795-blade-rs-campagnolo-sr-13s-wrl, pinarello-dogma-x-campagnolo-sr-wrl",TRUE,Title,Default Title,VM-CAMPAGNOLOCLINK,0,shopify,99,continue,manual,14.99,,TRUE,TRUE,active
shimano-bb-rs500-pb-press-fit-bb86,Shimano BB-RS500-PB Press-Fit BB86,"<p><strong>Kompatibilität:</strong> Canyon, Cube, Rose (BB86)</p><ul><li>Schaltgruppen-Hersteller: Shimano</li><li>Innenlager-Standard: BB86</li></ul>",Shimano,,Innenlager,"vm-kat-innenlager, canyon-aeroad-cf-slx-7-di2, canyon-aeroad-cf-slx-8-di2, canyon-aeroad-cf-slx-8-disc-di2, canyon-aeroad-cfr-di2, canyon-aeroad-cfr-mach874, canyon-endurace-cf-8-di2, canyon-endurace-cf-sl-7-di2, canyon-endurace-cf-sl-8-di2, canyon-endurace-cf-slx-8-di2-aero, canyon-endurace-cfr-di2, canyon-ultimate-cf-7, canyon-ultimate-cf-sl-7-di2, canyon-ultimate-cf-sl-8-di2, canyon-ultimate-cf-slx-8-di2, canyon-ultimate-cfr-di2, cube-agree-c62-one, cube-agree-c62-pro, cube-agree-c62-race, cube-agree-c62-slt, cube-attain-c62-race, cube-attain-c62-slt, cube-attain-c62-slx, cube-litening-aero-c68x-race, cube-litening-aero-c68x-slt, cube-litening-air-c68x-race, cube-litening-air-c68x-slt, rose-reveal-04-105-di2, rose-reveal-06-ultegra-di2, rose-shave-105-di2, rose-shave-ff-ultegra-di2, rose-shave-ffx-dura-ace-di2, rose-shave-ultegra-di2, rose-xlite-04-105-mech, rose-xlite-04-ultegra-di2, rose-xlite-06-dura-ace-di2, rose-xlite-06-ultegra-di2, rose-xlite-unltd-dura-ace-di2, scott-addict-20-ultegra-di2, scott-addict-40-105-di2, scott-addict-50-105-mech, scott-addict-rc-10-ultegra-di2, scott-addict-rc-20-105-di2, scott-addict-rc-ultimate-ultegra-di2, scott-foil-rc-10-ultegra-di2, scott-foil-rc-20-105-di2, scott-speedster-10-105-di2, scott-speedster-20-tiagra",TRUE,Title,Default Title,VM-SHIMANOBBRS500P,0,shopify,99,continue,manual,19.99,,TRUE,TRUE,active
shimano-sm-bb71-41b-press-fit-bb86,Shimano SM-BB71-41B Press-Fit BB86,"<p><strong>Kompatibilität:</strong> Canyon, Cube, Rose (BB86)</p><ul><li>Schaltgruppen-Hersteller: Shimano</li><li>Innenlager-Standard: BB86</li></ul>",Shimano,,Innenlager,"vm-kat-innenlager, canyon-aeroad-cf-slx-7-di2, canyon-aeroad-cf-slx-8-di2, canyon-aeroad-cf-slx-8-disc-di2, canyon-aeroad-cfr-di2, canyon-aeroad-cfr-mach874, canyon-endurace-cf-8-di2, canyon-endurace-cf-sl-7-di2, canyon-endurace-cf-sl-8-di2, canyon-endurace-cf-slx-8-di2-aero, canyon-endurace-cfr-di2, canyon-ultimate-cf-7, canyon-ultimate-cf-sl-7-di2, canyon-ultimate-cf-sl-8-di2, canyon-ultimate-cf-slx-8-di2, canyon-ultimate-cfr-di2, cube-agree-c62-one, cube-agree-c62-pro, cube-agree-c62-race, cube-agree-c62-slt, cube-attain-c62-race, cube-attain-c62-slt, cube-attain-c62-slx, cube-litening-aero-c68x-race, cube-litening-aero-c68x-slt, cube-litening-air-c68x-race, cube-litening-air-c68x-slt, rose-reveal-04-105-di2, rose-reveal-06-ultegra-di2, rose-shave-105-di2, rose-shave-ff-ultegra-di2, rose-shave-ffx-dura-ace-di2, rose-shave-ultegra-di2, rose-xlite-04-105-mech, rose-xlite-04-ultegra-di2, rose-xlite-06-dura-ace-di2, rose-xlite-06-ultegra-di2, rose-xlite-unltd-dura-ace-di2, scott-addict-20-ultegra-di2, scott-addict-40-105-di2, scott-addict-50-105-mech, scott-addict-rc-10-ultegra-di2, scott-addict-rc-20-105-di2, scott-addict-rc-ultimate-ultegra-di2, scott-foil-rc-10-ultegra-di2, scott-foil-rc-20-105-di2, scott-speedster-10-105-di2, scott-speedster-20-tiagra",TRUE,Title,Default Title,VM-SHIMANOSMBB7141,0,shopify,99,continue,manual,24.99,,TRUE,TRUE,active
shimano-sm-bb92-41b-press-fit-bb92,Shimano SM-BB92-41B Press-Fit BB92,"<p><strong>Kompatibilität:</strong> BMC, Scott (BB92/PF86)</p><ul><li>Schaltgruppen-Hersteller: Shimano</li><li>Innenlager-Standard: BB92</li></ul>",Shimano,,Innenlager,"vm-kat-innenlager, bmc-rm-01-five-105-di2, bmc-rm-01-four-ultegra-di2, bmc-rm-01-two-da-di2, bmc-slr-01-three-ultegra-di2, bmc-slr-01-two-da-di2, bmc-teammachine-alr-one-105-di2, bmc-teammachine-alr-two-tiagra, bmc-tmr-01-five-105-di2, bmc-tmr-01-four-ultegra-di2, bmc-tmr-01-two-da-di2, canyon-endurace-allroad, colnago-v5rs-dura-ace-di2, colnago-v5rs-ultegra-di2, cube-attain-pro, cube-attain-race, cube-attain-slx, pinarello-dogma-f-dura-ace-di2, pinarello-dogma-f-dura-ace-di2-powermeter, pinarello-dogma-x-dura-ace-di2, pinarello-f1-105-mechanisch, pinarello-f3-105-di2, pinarello-f5-105-di2, pinarello-f7-ultegra-di2, pinarello-f9-dura-ace-di2, pinarello-new-f5-105-di2, pinarello-new-f7-ultegra-di2, pinarello-new-f9-dura-ace-di2, pinarello-paris-105-di2, pinarello-prince-ultegra-di2, pinarello-x1-105-mechanisch, pinarello-x3-105-di2, pinarello-x5-105-di2, pinarello-x7-ultegra-di2, pinarello-x9-dura-ace-di2, scott-addict-10-da-di2, scott-addict-rc-pro-da-di2, scott-foil-rc-pro-da-di2, specialized-aethos-2-expert-ultegra-di2, specialized-aethos-2-pro-ultegra-di2, specialized-aethos-expert-ultegra-di2, specialized-aethos-sport-105, specialized-allez-sport, specialized-allez-sprint-comp-105, specialized-roubaix-expert-ultegra-di2, specialized-roubaix-sport-105, specialized-s-works-aethos-2-da-di2, specialized-s-works-aethos-da-di2, specialized-s-works-roubaix-da-di2, specialized-s-works-tarmac-sl8-da-di2, specialized-tarmac-sl8-comp-105-di2, specialized-tarmac-sl8-pro-ultegra-di2, specialized-tarmac-sl8-sport-105, trek-domane-al-2, trek-domane-al-4, trek-domane-al-5",TRUE,Title,Default Title,VM-SHIMANOSMBB9241,0,shopify,99,continue,manual,24.99,,TRUE,TRUE,active
shimano-sm-bb9200-dura-ace-bsa-68mm,Shimano SM-BB9200 Dura-Ace BSA 68mm,"<p><strong>Kompatibilität:</strong> Specialized, Colnago V5Rs, Cannondale Gen4+ (BSA)</p><ul><li>Schaltgruppen-Hersteller: Shimano</li><li>Innenlager-Standard: BSA</li></ul>",Shimano,,Innenlager,"vm-kat-innenlager, bmc-teammachine-alr-one-105-di2, bmc-teammachine-alr-two-tiagra, canyon-endurace-allroad, colnago-v5rs-dura-ace-di2, colnago-v5rs-ultegra-di2, cube-attain-pro, cube-attain-race, cube-attain-slx, specialized-aethos-2-expert-ultegra-di2, specialized-aethos-2-pro-ultegra-di2, specialized-aethos-expert-ultegra-di2, specialized-aethos-sport-105, specialized-allez-sport, specialized-allez-sprint-comp-105, specialized-roubaix-expert-ultegra-di2, specialized-roubaix-sport-105, specialized-s-works-aethos-2-da-di2, specialized-s-works-aethos-da-di2, specialized-s-works-roubaix-da-di2, specialized-s-works-tarmac-sl8-da-di2, specialized-tarmac-sl8-comp-105-di2, specialized-tarmac-sl8-pro-ultegra-di2, specialized-tarmac-sl8-sport-105, trek-domane-al-2, trek-domane-al-4, trek-domane-al-5",TRUE,Title,Default Title,VM-SHIMANOSMBB9200,0,shopify,99,continue,manual,44.99,,TRUE,TRUE,active
shimano-sm-bb9200-italian-thread,Shimano SM-BB9200 Italian Thread,<p><strong>Kompatibilität:</strong> Pinarello ALLE Modelle (Italian Thread)</p><ul><li>Schaltgruppen-Hersteller: Shimano</li><li>Innenlager-Standard: Italian Thread</li></ul>,Shimano,,Innenlager,"vm-kat-innenlager, pinarello-dogma-f-dura-ace-di2, pinarello-dogma-f-dura-ace-di2-powermeter, pinarello-dogma-x-dura-ace-di2, pinarello-f1-105-mechanisch, pinarello-f3-105-di2, pinarello-f5-105-di2, pinarello-f7-ultegra-di2, pinarello-f9-dura-ace-di2, pinarello-new-f5-105-di2, pinarello-new-f7-ultegra-di2, pinarello-new-f9-dura-ace-di2, pinarello-paris-105-di2, pinarello-prince-ultegra-di2, pinarello-x1-105-mechanisch, pinarello-x3-105-di2, pinarello-x5-105-di2, pinarello-x7-ultegra-di2, pinarello-x9-dura-ace-di2",TRUE,Title,Default Title,VM-SHIMANOSMBB9200,0,shopify,99,continue,manual,44.99,,TRUE,TRUE,active
sram-dub-press-fit-bb86-road,SRAM DUB Press-Fit BB86 Road,"<p><strong>Kompatibilität:</strong> Canyon, Cube, Rose mit SRAM (BB86)</p><ul><li>Schaltgruppen-Hersteller: SRAM</li><li>Innenlager-Standard: BB86</li></ul>",SRAM,,Innenlager,"vm-kat-innenlager, canyon-aeroad-cf-slx-7-axs-speed, canyon-aeroad-cf-slx-8-axs, canyon-aeroad-cf-slx-8-axs-speed, canyon-aeroad-cfr-axs, canyon-endurace-cf-slx-8-axs-aero, canyon-endurace-cfr-axs, canyon-ultimate-cf-slx-8-axs, canyon-ultimate-cfr-etap, cube-agree-c62-slx, cube-litening-aero-c68x-pro, cube-litening-aero-c68x-slt, cube-litening-aero-c68x-slx, cube-litening-air-c68x-pro, cube-litening-air-c68x-slx, rose-reveal-04-rival-axs, rose-shave-ff-force-axs, rose-shave-ffx-red-axs, rose-shave-force-axs, rose-shave-rival-axs, rose-xlite-04-force-etap-axs, rose-xlite-06-force-etap-axs, rose-xlite-06-red-etap-axs",TRUE,Title,Default Title,VM-SRAMDUBPRESSFIT,0,shopify,99,continue,manual,29.99,,TRUE,TRUE,active
sram-dub-bsa-68mm-road,SRAM DUB BSA 68mm Road,"<p><strong>Kompatibilität:</strong> Specialized, Cannondale mit SRAM (BSA)</p><ul><li>Schaltgruppen-Hersteller: SRAM</li><li>Innenlager-Standard: BSA</li></ul>",SRAM,,Innenlager,"vm-kat-innenlager, colnago-v5rs-sram-red-axs, specialized-aethos-comp-rival-axs, specialized-roubaix-comp-rival-axs, specialized-s-works-aethos-2-red-axs, specialized-s-works-tarmac-sl8-red-axs, specialized-s-works-tarmac-sl8-red-etap-axs, specialized-tarmac-sl8-comp-rival-axs, specialized-tarmac-sl8-expert-force-axs",TRUE,Title,Default Title,VM-SRAMDUBBSA68MM,0,shopify,99,continue,manual,29.99,,TRUE,TRUE,active
sram-dub-press-fit-bb92-road,SRAM DUB Press-Fit BB92 Road,"<p><strong>Kompatibilität:</strong> BMC, Scott mit SRAM (BB92)</p><ul><li>Schaltgruppen-Hersteller: SRAM</li><li>Innenlager-Standard: BB92</li></ul>",SRAM,,Innenlager,"vm-kat-innenlager, bmc-rm-01-one-red-axs, bmc-rm-01-three-force-axs, bmc-slr-01-one-red-axs, bmc-slr-01-three-force-axs, bmc-tmr-01-one-red-axs, bmc-tmr-01-three-force-axs, scott-addict-premium-red-axs, scott-addict-rc-team-red-axs, scott-foil-rc-team-force-axs",TRUE,Title,Default Title,VM-SRAMDUBPRESSFIT,0,shopify,99,continue,manual,29.99,,TRUE,TRUE,active
token-t47-v24-shimano-24mm,Token T47 V24 Shimano 24mm,"<p><strong>Kompatibilität:</strong> Look, Trek, Colnago V4Rs, Factor Gen2 (T47)</p><ul><li>Schaltgruppen-Hersteller: Shimano</li><li>Innenlager-Standard: T47</li></ul>",Token,,Innenlager,"vm-kat-innenlager, canyon-aeroad-cf-slx-7-di2, canyon-aeroad-cf-slx-8-di2, canyon-aeroad-cf-slx-8-disc-di2, canyon-aeroad-cfr-di2, canyon-aeroad-cfr-mach874, canyon-endurace-cf-8-di2, canyon-endurace-cf-sl-7-di2, canyon-endurace-cf-sl-8-di2, canyon-endurace-cf-slx-8-di2-aero, canyon-endurace-cfr-di2, canyon-ultimate-cf-7, canyon-ultimate-cf-sl-7-di2, canyon-ultimate-cf-sl-8-di2, canyon-ultimate-cf-slx-8-di2, canyon-ultimate-cfr-di2, colnago-c68-disc-dura-ace-di2, colnago-v3rs-dura-ace-di2, colnago-v4-105-di2, colnago-v4-ultegra-di2, colnago-v4rs-dura-ace-di2, colnago-v4rs-ultegra-di2, colnago-y1rs-dura-ace-di2, cube-agree-c62-one, cube-agree-c62-pro, cube-agree-c62-race, cube-agree-c62-slt, cube-attain-c62-race, cube-attain-c62-slt, cube-attain-c62-slx, cube-litening-aero-c68x-race, cube-litening-aero-c68x-slt, cube-litening-air-c68x-race, cube-litening-air-c68x-slt, factor-o2-vam-da-di2-custom-build, factor-ostro-vam-da-di2-custom-build, factor-slick-da-di2-custom-build, look-765-optimum-105-di2, look-765-optimum-105-mechanisch, look-765-optimum-ultegra-di2, look-785-huez-105-di2, look-785-huez-105-mechanisch, look-785-huez-rs-disc-ultegra-di2, look-785-huez-ultegra-di2-pro-team-black, look-795-blade-rs-da-di2, look-795-blade-rs-ultegra-di2, rose-reveal-04-105-di2, rose-reveal-06-ultegra-di2, rose-shave-105-di2, rose-shave-ff-ultegra-di2, rose-shave-ffx-dura-ace-di2, rose-shave-ultegra-di2, rose-xlite-04-105-mech, rose-xlite-04-ultegra-di2, rose-xlite-06-dura-ace-di2, rose-xlite-06-ultegra-di2, rose-xlite-unltd-dura-ace-di2, scott-addict-20-ultegra-di2, scott-addict-40-105-di2, scott-addict-50-105-mech, scott-addict-rc-10-ultegra-di2, scott-addict-rc-20-105-di2, scott-addict-rc-ultimate-ultegra-di2, scott-foil-rc-10-ultegra-di2, scott-foil-rc-20-105-di2, scott-speedster-10-105-di2, scott-speedster-20-tiagra, trek-domane-sl-5, trek-domane-sl-5-mech, trek-domane-sl-6-di2, trek-domane-slr-7-di2, trek-emonda-slr-7-di2, trek-madone-sl-5, trek-madone-sl-6-di2, trek-madone-slr-6-di2, trek-madone-slr-7-di2, trek-madone-slr-9-di2",TRUE,Title,Default Title,VM-TOKENT47V24SHIM,0,shopify,99,continue,manual,49.99,,TRUE,TRUE,active
sram-dub-t47-road,SRAM DUB T47 Road,"<p><strong>Kompatibilität:</strong> Trek, Factor, Look mit SRAM (T47)</p><ul><li>Schaltgruppen-Hersteller: SRAM</li><li>Innenlager-Standard: T47</li></ul>",SRAM,,Innenlager,"vm-kat-innenlager, colnago-v3rs-sram-red-axs, colnago-v4-sram-rival-axs, colnago-v4rs-sram-red-axs, colnago-y1rs-sram-red-axs, factor-o2-vam-red-axs-custom-build, factor-ostro-vam-red-axs-custom-build, look-765-optimum-rival-axs, look-785-huez-rival-axs-e1, look-785-huez-rs-red-axs, look-795-blade-rs-red-axs, trek-domane-sl-7-axs, trek-domane-slr-9-axs, trek-emonda-slr-9-axs, trek-madone-sl-7-axs, trek-madone-slr-7-axs, trek-madone-slr-9-red-axs",TRUE,Title,Default Title,VM-SRAMDUBT47ROAD,0,shopify,99,continue,manual,39.99,,TRUE,TRUE,active
ceramicspeed-bbright-shimano-24mm,CeramicSpeed BBright Shimano 24mm,"<p><strong>Kompatibilität:</strong> Cervélo S5, R5, Caledonia-5 (BBright)</p><ul><li>Schaltgruppen-Hersteller: Shimano</li><li>Innenlager-Standard: BBright</li></ul>",CeramicSpeed,,Innenlager,"vm-kat-innenlager, cervelo-caledonia-5-dura-ace-di2, cervelo-caledonia-5-ultegra-di2, cervelo-r5-dura-ace-di2, cervelo-r5-ultegra-di2, cervelo-s5-dura-ace-di2, cervelo-s5-ultegra-di2, factor-o2-vam-da-di2-custom-build, factor-o2-vam-ultegra-di2-custom-build, factor-one-da-di2-custom-build, factor-ostro-vam-da-di2-custom-build, factor-vista-da-di2-custom-build, factor-vista-ultegra-di2-custom-build",TRUE,Title,Default Title,VM-CERAMICSPEEDBBRIG,0,shopify,99,continue,manual,159.99,,TRUE,TRUE,active
ceramicspeed-bbright-sram-dub,CeramicSpeed BBright SRAM DUB,"<p><strong>Kompatibilität:</strong> Cervélo S5, R5, Caledonia-5 mit SRAM (BBright)</p><ul><li>Schaltgruppen-Hersteller: SRAM</li><li>Innenlager-Standard: BBright</li></ul>",CeramicSpeed,,Innenlager,"vm-kat-innenlager, cervelo-caledonia-5-force-axs, cervelo-caledonia-5-red-axs, cervelo-r5-force-axs, cervelo-r5-red-axs, cervelo-r5-red-xplr-axs-1x, cervelo-r5-sram-red-axs, cervelo-s5-force-axs, cervelo-s5-red-axs, cervelo-s5-red-xplr-axs-1x, factor-ostro-vam-red-axs-custom-build",TRUE,Title,Default Title,VM-CERAMICSPEEDBBRIG,0,shopify,99,continue,manual,159.99,,TRUE,TRUE,active
ceramicspeed-bbright-47-shimano,CeramicSpeed BBrighT-47 Shimano,<p><strong>Kompatibilität:</strong> Cervélo Soloist (BBrighT-47)</p><ul><li>Schaltgruppen-Hersteller: Shimano</li><li>Innenlager-Standard: BBrighT-47</li></ul>,CeramicSpeed,,Innenlager,"vm-kat-innenlager, cervelo-soloist-105-di2, cervelo-soloist-ultegra-di2",TRUE,Title,Default Title,VM-CERAMICSPEEDBBRIG,0,shopify,99,continue,manual,179.99,,TRUE,TRUE,active
shimano-l05a-resin-mit-kuehlrippen-paar,Shimano L05A Resin mit Kühlrippen (Paar),<p><strong>Kompatibilität:</strong> Alle Shimano Hydr. Disc (BR-R9270 etc.)</p><ul><li>Schaltgruppen-Hersteller: Shimano</li><li>Bremse: Hydraulic Disc</li></ul>,Shimano,,Bremsbelag,"vm-kat-bremsbelag, bmc-rm-01-five-105-di2, bmc-rm-01-four-ultegra-di2, bmc-rm-01-two-da-di2, bmc-slr-01-three-ultegra-di2, bmc-slr-01-two-da-di2, bmc-teammachine-alr-one-105-di2, bmc-teammachine-alr-two-tiagra, bmc-tmr-01-five-105-di2, bmc-tmr-01-four-ultegra-di2, bmc-tmr-01-two-da-di2, canyon-aeroad-cf-slx-7-di2, canyon-aeroad-cf-slx-8-di2, canyon-aeroad-cf-slx-8-disc-di2, canyon-aeroad-cfr-di2, canyon-aeroad-cfr-mach874, canyon-endurace-cf-8-di2, canyon-endurace-cf-sl-7-di2, canyon-endurace-cf-sl-8-di2, canyon-endurace-cf-slx-8-di2-aero, canyon-endurace-cfr-di2, canyon-ultimate-cf-7, canyon-ultimate-cf-sl-7-di2, canyon-ultimate-cf-sl-8-di2, canyon-ultimate-cf-slx-8-di2, canyon-ultimate-cfr-di2, cervelo-caledonia-5-dura-ace-di2, cervelo-caledonia-5-ultegra-di2, cervelo-r5-dura-ace-di2, cervelo-r5-ultegra-di2, cervelo-s5-dura-ace-di2, cervelo-s5-ultegra-di2, cervelo-soloist-105-di2, cervelo-soloist-ultegra-di2, colnago-c68-disc-dura-ace-di2, colnago-v3rs-dura-ace-di2, colnago-v4-105-di2, colnago-v4-ultegra-di2, colnago-v4rs-dura-ace-di2, colnago-v4rs-ultegra-di2, colnago-v5rs-dura-ace-di2, colnago-v5rs-ultegra-di2, colnago-y1rs-dura-ace-di2, cube-agree-c62-one, cube-agree-c62-pro, cube-agree-c62-race, cube-agree-c62-slt, cube-attain-c62-race, cube-attain-c62-slt, cube-attain-c62-slx, cube-attain-race, cube-attain-slx, cube-litening-aero-c68x-race, cube-litening-aero-c68x-slt, cube-litening-air-c68x-race, cube-litening-air-c68x-slt, factor-o2-vam-da-di2-custom-build, factor-o2-vam-ultegra-di2-custom-build, factor-one-da-di2-custom-build, factor-ostro-vam-da-di2-custom-build, factor-slick-da-di2-custom-build, factor-vista-da-di2-custom-build, factor-vista-ultegra-di2-custom-build, look-765-optimum-105-di2, look-765-optimum-105-mechanisch, look-765-optimum-ultegra-di2, look-785-huez-105-di2, look-785-huez-105-mechanisch, look-785-huez-rs-disc-ultegra-di2, look-785-huez-ultegra-di2-pro-team-black, look-795-blade-rs-da-di2, look-795-blade-rs-ultegra-di2, pinarello-dogma-f-dura-ace-di2, pinarello-dogma-f-dura-ace-di2-powermeter, pinarello-dogma-x-dura-ace-di2, pinarello-f1-105-mechanisch, pinarello-f3-105-di2, pinarello-f5-105-di2, pinarello-f7-ultegra-di2, pinarello-f9-dura-ace-di2, pinarello-new-f5-105-di2, pinarello-new-f7-ultegra-di2, pinarello-new-f9-dura-ace-di2, pinarello-paris-105-di2, pinarello-prince-ultegra-di2, pinarello-x1-105-mechanisch, pinarello-x3-105-di2, pinarello-x5-105-di2, pinarello-x7-ultegra-di2, pinarello-x9-dura-ace-di2, rose-reveal-04-105-di2, rose-reveal-06-ultegra-di2, rose-shave-105-di2, rose-shave-ff-ultegra-di2, rose-shave-ffx-dura-ace-di2, rose-shave-ultegra-di2, rose-xlite-04-105-mech, rose-xlite-04-ultegra-di2, rose-xlite-06-dura-ace-di2, rose-xlite-06-ultegra-di2, rose-xlite-unltd-dura-ace-di2, scott-addict-10-da-di2, scott-addict-20-ultegra-di2, scott-addict-40-105-di2, scott-addict-50-105-mech, scott-addict-rc-10-ultegra-di2, scott-addict-rc-20-105-di2, scott-addict-rc-pro-da-di2, scott-addict-rc-ultimate-ultegra-di2, scott-foil-rc-10-ultegra-di2, scott-foil-rc-20-105-di2, scott-foil-rc-pro-da-di2, scott-speedster-10-105-di2, scott-speedster-20-tiagra, specialized-aethos-2-expert-ultegra-di2, specialized-aethos-2-pro-ultegra-di2, specialized-aethos-expert-ultegra-di2, specialized-aethos-sport-105, specialized-allez-sprint-comp-105, specialized-roubaix-expert-ultegra-di2, specialized-roubaix-sport-105, specialized-s-works-aethos-2-da-di2, specialized-s-works-aethos-da-di2, specialized-s-works-roubaix-da-di2, specialized-s-works-tarmac-sl8-da-di2, specialized-tarmac-sl8-comp-105-di2, specialized-tarmac-sl8-pro-ultegra-di2, specialized-tarmac-sl8-sport-105, trek-domane-al-4, trek-domane-al-5, trek-domane-sl-5, trek-domane-sl-5-mech, trek-domane-sl-6-di2, trek-domane-slr-7-di2, trek-emonda-slr-7-di2, trek-madone-sl-5, trek-madone-sl-6-di2, trek-madone-slr-6-di2, trek-madone-slr-7-di2, trek-madone-slr-9-di2",TRUE,Title,Default Title,VM-SHIMANOL05ARESIN,0,shopify,99,continue,manual,24.99,,TRUE,TRUE,active
shimano-k05s-resin-paar,Shimano K05S Resin (Paar),<p><strong>Kompatibilität:</strong> Alle Shimano Hydr. Disc (Budget-Option)</p><ul><li>Schaltgruppen-Hersteller: Shimano</li><li>Bremse: Hydraulic Disc</li></ul>,Shimano,,Bremsbelag,"vm-kat-bremsbelag, bmc-rm-01-five-105-di2, bmc-rm-01-four-ultegra-di2, bmc-rm-01-two-da-di2, bmc-slr-01-three-ultegra-di2, bmc-slr-01-two-da-di2, bmc-teammachine-alr-one-105-di2, bmc-teammachine-alr-two-tiagra, bmc-tmr-01-five-105-di2, bmc-tmr-01-four-ultegra-di2, bmc-tmr-01-two-da-di2, canyon-aeroad-cf-slx-7-di2, canyon-aeroad-cf-slx-8-di2, canyon-aeroad-cf-slx-8-disc-di2, canyon-aeroad-cfr-di2, canyon-aeroad-cfr-mach874, canyon-endurace-cf-8-di2, canyon-endurace-cf-sl-7-di2, canyon-endurace-cf-sl-8-di2, canyon-endurace-cf-slx-8-di2-aero, canyon-endurace-cfr-di2, canyon-ultimate-cf-7, canyon-ultimate-cf-sl-7-di2, canyon-ultimate-cf-sl-8-di2, canyon-ultimate-cf-slx-8-di2, canyon-ultimate-cfr-di2, cervelo-caledonia-5-dura-ace-di2, cervelo-caledonia-5-ultegra-di2, cervelo-r5-dura-ace-di2, cervelo-r5-ultegra-di2, cervelo-s5-dura-ace-di2, cervelo-s5-ultegra-di2, cervelo-soloist-105-di2, cervelo-soloist-ultegra-di2, colnago-c68-disc-dura-ace-di2, colnago-v3rs-dura-ace-di2, colnago-v4-105-di2, colnago-v4-ultegra-di2, colnago-v4rs-dura-ace-di2, colnago-v4rs-ultegra-di2, colnago-v5rs-dura-ace-di2, colnago-v5rs-ultegra-di2, colnago-y1rs-dura-ace-di2, cube-agree-c62-one, cube-agree-c62-pro, cube-agree-c62-race, cube-agree-c62-slt, cube-attain-c62-race, cube-attain-c62-slt, cube-attain-c62-slx, cube-attain-race, cube-attain-slx, cube-litening-aero-c68x-race, cube-litening-aero-c68x-slt, cube-litening-air-c68x-race, cube-litening-air-c68x-slt, factor-o2-vam-da-di2-custom-build, factor-o2-vam-ultegra-di2-custom-build, factor-one-da-di2-custom-build, factor-ostro-vam-da-di2-custom-build, factor-slick-da-di2-custom-build, factor-vista-da-di2-custom-build, factor-vista-ultegra-di2-custom-build, look-765-optimum-105-di2, look-765-optimum-105-mechanisch, look-765-optimum-ultegra-di2, look-785-huez-105-di2, look-785-huez-105-mechanisch, look-785-huez-rs-disc-ultegra-di2, look-785-huez-ultegra-di2-pro-team-black, look-795-blade-rs-da-di2, look-795-blade-rs-ultegra-di2, pinarello-dogma-f-dura-ace-di2, pinarello-dogma-f-dura-ace-di2-powermeter, pinarello-dogma-x-dura-ace-di2, pinarello-f1-105-mechanisch, pinarello-f3-105-di2, pinarello-f5-105-di2, pinarello-f7-ultegra-di2, pinarello-f9-dura-ace-di2, pinarello-new-f5-105-di2, pinarello-new-f7-ultegra-di2, pinarello-new-f9-dura-ace-di2, pinarello-paris-105-di2, pinarello-prince-ultegra-di2, pinarello-x1-105-mechanisch, pinarello-x3-105-di2, pinarello-x5-105-di2, pinarello-x7-ultegra-di2, pinarello-x9-dura-ace-di2, rose-reveal-04-105-di2, rose-reveal-06-ultegra-di2, rose-shave-105-di2, rose-shave-ff-ultegra-di2, rose-shave-ffx-dura-ace-di2, rose-shave-ultegra-di2, rose-xlite-04-105-mech, rose-xlite-04-ultegra-di2, rose-xlite-06-dura-ace-di2, rose-xlite-06-ultegra-di2, rose-xlite-unltd-dura-ace-di2, scott-addict-10-da-di2, scott-addict-20-ultegra-di2, scott-addict-40-105-di2, scott-addict-50-105-mech, scott-addict-rc-10-ultegra-di2, scott-addict-rc-20-105-di2, scott-addict-rc-pro-da-di2, scott-addict-rc-ultimate-ultegra-di2, scott-foil-rc-10-ultegra-di2, scott-foil-rc-20-105-di2, scott-foil-rc-pro-da-di2, scott-speedster-10-105-di2, scott-speedster-20-tiagra, specialized-aethos-2-expert-ultegra-di2, specialized-aethos-2-pro-ultegra-di2, specialized-aethos-expert-ultegra-di2, specialized-aethos-sport-105, specialized-allez-sprint-comp-105, specialized-roubaix-expert-ultegra-di2, specialized-roubaix-sport-105, specialized-s-works-aethos-2-da-di2, specialized-s-works-aethos-da-di2, specialized-s-works-roubaix-da-di2, specialized-s-works-tarmac-sl8-da-di2, specialized-tarmac-sl8-comp-105-di2, specialized-tarmac-sl8-pro-ultegra-di2, specialized-tarmac-sl8-sport-105, trek-domane-al-4, trek-domane-al-5, trek-domane-sl-5, trek-domane-sl-5-mech, trek-domane-sl-6-di2, trek-domane-slr-7-di2, trek-emonda-slr-7-di2, trek-madone-sl-5, trek-madone-sl-6-di2, trek-madone-slr-6-di2, trek-madone-slr-7-di2, trek-madone-slr-9-di2",TRUE,Title,Default Title,VM-SHIMANOK05SRESIN,0,shopify,99,continue,manual,14.99,,TRUE,TRUE,active
sram-redforcerival-axs-organic-paar,SRAM Red/Force/Rival AXS Organic (Paar),<p><strong>Kompatibilität:</strong> Alle SRAM AXS Hydr. Disc</p><ul><li>Schaltgruppen-Hersteller: SRAM</li><li>Bremse: Hydraulic Disc</li></ul>,SRAM,,Bremsbelag,"vm-kat-bremsbelag, bmc-rm-01-one-red-axs, bmc-rm-01-three-force-axs, bmc-slr-01-one-red-axs, bmc-slr-01-three-force-axs, bmc-tmr-01-one-red-axs, bmc-tmr-01-three-force-axs, canyon-aeroad-cf-slx-7-axs-speed, canyon-aeroad-cf-slx-8-axs, canyon-aeroad-cf-slx-8-axs-speed, canyon-aeroad-cfr-axs, canyon-endurace-cf-slx-8-axs-aero, canyon-endurace-cfr-axs, canyon-ultimate-cf-slx-8-axs, canyon-ultimate-cfr-etap, cervelo-caledonia-5-force-axs, cervelo-caledonia-5-red-axs, cervelo-r5-force-axs, cervelo-r5-red-axs, cervelo-r5-sram-red-axs, cervelo-s5-force-axs, cervelo-s5-red-axs, cervelo-soloist-force-axs, cervelo-soloist-rival-axs, colnago-v3rs-sram-red-axs, colnago-v4-sram-rival-axs, colnago-v4rs-sram-red-axs, colnago-v5rs-sram-red-axs, colnago-y1rs-sram-red-axs, cube-agree-c62-slx, cube-litening-aero-c68x-pro, cube-litening-aero-c68x-slt, cube-litening-aero-c68x-slx, cube-litening-air-c68x-pro, cube-litening-air-c68x-slx, factor-o2-vam-red-axs-custom-build, factor-ostro-vam-red-axs-custom-build, look-765-optimum-rival-axs, look-785-huez-rival-axs-e1, look-785-huez-rs-red-axs, look-795-blade-rs-red-axs, pinarello-dogma-f-sram-red-axs, pinarello-dogma-x-sram-red-axs, pinarello-f7-sram-force-axs, pinarello-x7-sram-force-axs, rose-reveal-04-rival-axs, rose-shave-ff-force-axs, rose-shave-ffx-red-axs, rose-shave-force-axs, rose-shave-rival-axs, rose-xlite-04-force-etap-axs, rose-xlite-06-force-etap-axs, rose-xlite-06-red-etap-axs, scott-addict-premium-red-axs, scott-addict-rc-team-red-axs, scott-foil-rc-team-force-axs, specialized-aethos-comp-rival-axs, specialized-roubaix-comp-rival-axs, specialized-s-works-aethos-2-red-axs, specialized-s-works-tarmac-sl8-red-axs, specialized-s-works-tarmac-sl8-red-etap-axs, specialized-tarmac-sl8-comp-rival-axs, specialized-tarmac-sl8-expert-force-axs, trek-domane-sl-7-axs, trek-domane-slr-9-axs, trek-emonda-slr-9-axs, trek-madone-sl-7-axs, trek-madone-slr-7-axs, trek-madone-slr-9-red-axs",TRUE,Title,Default Title,VM-SRAMREDFORCERIVAL,0,shopify,99,continue,manual,29.99,,TRUE,TRUE,active
campagnolo-db-310-disc-brake-pad-paar,Campagnolo DB-310 Disc Brake Pad (Paar),<p><strong>Kompatibilität:</strong> Alle Campagnolo Hydr. Disc</p><ul><li>Schaltgruppen-Hersteller: Campagnolo</li><li>Bremse: Hydraulic Disc</li></ul>,Campagnolo,,Bremsbelag,"vm-kat-bremsbelag, colnago-c68-disc-campagnolo-sr-wrl, colnago-v3rs-campagnolo-sr-eps, colnago-v5rs-campagnolo-sr-wrl, colnago-y1rs-campagnolo-sr-wrl, factor-o2-vam-campagnolo-sr-wrl-custom, factor-ostro-vam-campagnolo-sr-wrl-custom, look-795-blade-rs-campagnolo-sr-13s-wrl, pinarello-dogma-x-campagnolo-sr-wrl",TRUE,Title,Default Title,VM-CAMPAGNOLODB310,0,shopify,99,continue,manual,34.99,,TRUE,TRUE,active
swissstop-disc-34-rs-organic-paar,SwissStop Disc 34 RS Organic (Paar),<p><strong>Kompatibilität:</strong> Shimano + SRAM kompatibel</p><ul><li>Bremse: Hydraulic Disc</li></ul>,SwissStop,,Bremsbelag,"vm-kat-bremsbelag, bmc-rm-01-five-105-di2, bmc-rm-01-four-ultegra-di2, bmc-rm-01-one-red-axs, bmc-rm-01-three-force-axs, bmc-rm-01-two-da-di2, bmc-slr-01-one-red-axs, bmc-slr-01-three-force-axs, bmc-slr-01-three-ultegra-di2, bmc-slr-01-two-da-di2, bmc-teammachine-alr-one-105-di2, bmc-teammachine-alr-two-tiagra, bmc-tmr-01-five-105-di2, bmc-tmr-01-four-ultegra-di2, bmc-tmr-01-one-red-axs, bmc-tmr-01-three-force-axs, bmc-tmr-01-two-da-di2, canyon-aeroad-cf-slx-7-axs-speed, canyon-aeroad-cf-slx-7-di2, canyon-aeroad-cf-slx-8-axs, canyon-aeroad-cf-slx-8-axs-speed, canyon-aeroad-cf-slx-8-di2, canyon-aeroad-cf-slx-8-disc-di2, canyon-aeroad-cfr-axs, canyon-aeroad-cfr-di2, canyon-aeroad-cfr-mach874, canyon-endurace-cf-8-di2, canyon-endurace-cf-sl-7-di2, canyon-endurace-cf-sl-8-di2, canyon-endurace-cf-slx-8-axs-aero, canyon-endurace-cf-slx-8-di2-aero, canyon-endurace-cfr-axs, canyon-endurace-cfr-di2, canyon-ultimate-cf-7, canyon-ultimate-cf-sl-7-di2, canyon-ultimate-cf-sl-8-di2, canyon-ultimate-cf-slx-8-axs, canyon-ultimate-cf-slx-8-di2, canyon-ultimate-cfr-di2, canyon-ultimate-cfr-etap, cervelo-caledonia-5-dura-ace-di2, cervelo-caledonia-5-force-axs, cervelo-caledonia-5-red-axs, cervelo-caledonia-5-ultegra-di2, cervelo-r5-dura-ace-di2, cervelo-r5-force-axs, cervelo-r5-red-axs, cervelo-r5-sram-red-axs, cervelo-r5-ultegra-di2, cervelo-s5-dura-ace-di2, cervelo-s5-force-axs, cervelo-s5-red-axs, cervelo-s5-ultegra-di2, cervelo-soloist-105-di2, cervelo-soloist-force-axs, cervelo-soloist-rival-axs, cervelo-soloist-ultegra-di2, colnago-c68-disc-dura-ace-di2, colnago-v3rs-dura-ace-di2, colnago-v3rs-sram-red-axs, colnago-v4-105-di2, colnago-v4-sram-rival-axs, colnago-v4-ultegra-di2, colnago-v4rs-dura-ace-di2, colnago-v4rs-sram-red-axs, colnago-v4rs-ultegra-di2, colnago-v5rs-dura-ace-di2, colnago-v5rs-sram-red-axs, colnago-v5rs-ultegra-di2, colnago-y1rs-dura-ace-di2, colnago-y1rs-sram-red-axs, cube-agree-c62-one, cube-agree-c62-pro, cube-agree-c62-race, cube-agree-c62-slt, cube-agree-c62-slx, cube-attain-c62-race, cube-attain-c62-slt, cube-attain-c62-slx, cube-attain-race, cube-attain-slx, cube-litening-aero-c68x-pro, cube-litening-aero-c68x-race, cube-litening-aero-c68x-slt, cube-litening-aero-c68x-slx, cube-litening-air-c68x-pro, cube-litening-air-c68x-race, cube-litening-air-c68x-slt, cube-litening-air-c68x-slx, factor-o2-vam-da-di2-custom-build, factor-o2-vam-red-axs-custom-build, factor-o2-vam-ultegra-di2-custom-build, factor-one-da-di2-custom-build, factor-ostro-vam-da-di2-custom-build, factor-ostro-vam-red-axs-custom-build, factor-slick-da-di2-custom-build, factor-vista-da-di2-custom-build, factor-vista-ultegra-di2-custom-build, look-765-optimum-105-di2, look-765-optimum-105-mechanisch, look-765-optimum-rival-axs, look-765-optimum-ultegra-di2, look-785-huez-105-di2, look-785-huez-105-mechanisch, look-785-huez-rival-axs-e1, look-785-huez-rs-disc-ultegra-di2, look-785-huez-rs-red-axs, look-785-huez-ultegra-di2-pro-team-black, look-795-blade-rs-da-di2, look-795-blade-rs-red-axs, look-795-blade-rs-ultegra-di2, pinarello-dogma-f-dura-ace-di2, pinarello-dogma-f-dura-ace-di2-powermeter, pinarello-dogma-f-sram-red-axs, pinarello-dogma-x-dura-ace-di2, pinarello-dogma-x-sram-red-axs, pinarello-f1-105-mechanisch, pinarello-f3-105-di2, pinarello-f5-105-di2, pinarello-f7-sram-force-axs, pinarello-f7-ultegra-di2, pinarello-f9-dura-ace-di2, pinarello-new-f5-105-di2, pinarello-new-f7-ultegra-di2, pinarello-new-f9-dura-ace-di2, pinarello-paris-105-di2, pinarello-prince-ultegra-di2, pinarello-x1-105-mechanisch, pinarello-x3-105-di2, pinarello-x5-105-di2, pinarello-x7-sram-force-axs, pinarello-x7-ultegra-di2, pinarello-x9-dura-ace-di2, rose-reveal-04-105-di2, rose-reveal-04-rival-axs, rose-reveal-06-ultegra-di2, rose-shave-105-di2, rose-shave-ff-force-axs, rose-shave-ff-ultegra-di2, rose-shave-ffx-dura-ace-di2, rose-shave-ffx-red-axs, rose-shave-force-axs, rose-shave-rival-axs, rose-shave-ultegra-di2, rose-xlite-04-105-mech, rose-xlite-04-force-etap-axs, rose-xlite-04-ultegra-di2, rose-xlite-06-dura-ace-di2, rose-xlite-06-force-etap-axs, rose-xlite-06-red-etap-axs, rose-xlite-06-ultegra-di2, rose-xlite-unltd-dura-ace-di2, scott-addict-10-da-di2, scott-addict-20-ultegra-di2, scott-addict-40-105-di2, scott-addict-50-105-mech, scott-addict-premium-red-axs, scott-addict-rc-10-ultegra-di2, scott-addict-rc-20-105-di2, scott-addict-rc-pro-da-di2, scott-addict-rc-team-red-axs, scott-addict-rc-ultimate-ultegra-di2, scott-foil-rc-10-ultegra-di2, scott-foil-rc-20-105-di2, scott-foil-rc-pro-da-di2, scott-foil-rc-team-force-axs, scott-speedster-10-105-di2, scott-speedster-20-tiagra, specialized-aethos-2-expert-ultegra-di2, specialized-aethos-2-pro-ultegra-di2, specialized-aethos-comp-rival-axs, specialized-aethos-expert-ultegra-di2, specialized-aethos-sport-105, specialized-allez-sprint-comp-105, specialized-roubaix-comp-rival-axs, specialized-roubaix-expert-ultegra-di2, specialized-roubaix-sport-105, specialized-s-works-aethos-2-da-di2, specialized-s-works-aethos-2-red-axs, specialized-s-works-aethos-da-di2, specialized-s-works-roubaix-da-di2, specialized-s-works-tarmac-sl8-da-di2, specialized-s-works-tarmac-sl8-red-axs, specialized-s-works-tarmac-sl8-red-etap-axs, specialized-tarmac-sl8-comp-105-di2, specialized-tarmac-sl8-comp-rival-axs, specialized-tarmac-sl8-expert-force-axs, specialized-tarmac-sl8-pro-ultegra-di2, specialized-tarmac-sl8-sport-105, trek-domane-al-4, trek-domane-al-5, trek-domane-sl-5, trek-domane-sl-5-mech, trek-domane-sl-6-di2, trek-domane-sl-7-axs, trek-domane-slr-7-di2, trek-domane-slr-9-axs, trek-emonda-slr-7-di2, trek-emonda-slr-9-axs, trek-madone-sl-5, trek-madone-sl-6-di2, trek-madone-sl-7-axs, trek-madone-slr-6-di2, trek-madone-slr-7-axs, trek-madone-slr-7-di2, trek-madone-slr-9-di2, trek-madone-slr-9-red-axs",TRUE,Title,Default Title,VM-SWISSSTOPDISC34,0,shopify,99,continue,manual,29.99,,TRUE,TRUE,active
shimano-rt-cl900-dura-ace-160mm-cl,Shimano RT-CL900 Dura-Ace 160mm CL,<p><strong>Kompatibilität:</strong> Alle Center Lock Räder (160mm)</p><ul><li>Bremse: Hydraulic Disc</li></ul>,Shimano,,Bremsscheibe,"vm-kat-bremsscheibe, bmc-rm-01-five-105-di2, bmc-rm-01-four-ultegra-di2, bmc-rm-01-one-red-axs, bmc-rm-01-three-force-axs, bmc-rm-01-two-da-di2, bmc-slr-01-one-red-axs, bmc-slr-01-three-force-axs, bmc-slr-01-three-ultegra-di2, bmc-slr-01-two-da-di2, bmc-teammachine-alr-one-105-di2, bmc-teammachine-alr-two-tiagra, bmc-tmr-01-five-105-di2, bmc-tmr-01-four-ultegra-di2, bmc-tmr-01-one-red-axs, bmc-tmr-01-three-force-axs, bmc-tmr-01-two-da-di2, canyon-aeroad-cf-slx-7-axs-speed, canyon-aeroad-cf-slx-7-di2, canyon-aeroad-cf-slx-8-axs, canyon-aeroad-cf-slx-8-axs-speed, canyon-aeroad-cf-slx-8-di2, canyon-aeroad-cf-slx-8-disc-di2, canyon-aeroad-cfr-axs, canyon-aeroad-cfr-di2, canyon-aeroad-cfr-mach874, canyon-endurace-allroad, canyon-endurace-cf-8-di2, canyon-endurace-cf-sl-7-di2, canyon-endurace-cf-sl-8-di2, canyon-endurace-cf-slx-8-axs-aero, canyon-endurace-cf-slx-8-di2-aero, canyon-endurace-cfr-axs, canyon-endurace-cfr-di2, canyon-ultimate-cf-7, canyon-ultimate-cf-sl-7-di2, canyon-ultimate-cf-sl-8-di2, canyon-ultimate-cf-slx-8-axs, canyon-ultimate-cf-slx-8-di2, canyon-ultimate-cfr-di2, canyon-ultimate-cfr-etap, cervelo-caledonia-5-dura-ace-di2, cervelo-caledonia-5-force-axs, cervelo-caledonia-5-red-axs, cervelo-caledonia-5-ultegra-di2, cervelo-r5-dura-ace-di2, cervelo-r5-force-axs, cervelo-r5-red-axs, cervelo-r5-red-xplr-axs-1x, cervelo-r5-sram-red-axs, cervelo-r5-ultegra-di2, cervelo-s5-dura-ace-di2, cervelo-s5-force-axs, cervelo-s5-red-axs, cervelo-s5-red-xplr-axs-1x, cervelo-s5-ultegra-di2, cervelo-soloist-105-di2, cervelo-soloist-force-axs, cervelo-soloist-rival-axs, cervelo-soloist-ultegra-di2, colnago-c68-disc-campagnolo-sr-wrl, colnago-c68-disc-dura-ace-di2, colnago-steelnovo-limitiert, colnago-v3rs-campagnolo-sr-eps, colnago-v3rs-dura-ace-di2, colnago-v3rs-sram-red-axs, colnago-v4-105-di2, colnago-v4-sram-rival-axs, colnago-v4-ultegra-di2, colnago-v4rs-dura-ace-di2, colnago-v4rs-sram-red-axs, colnago-v4rs-ultegra-di2, colnago-v5rs-campagnolo-sr-wrl, colnago-v5rs-dura-ace-di2, colnago-v5rs-sram-red-axs, colnago-v5rs-ultegra-di2, colnago-y1rs-campagnolo-sr-wrl, colnago-y1rs-dura-ace-di2, colnago-y1rs-sram-red-axs, cube-agree-c62-one, cube-agree-c62-pro, cube-agree-c62-race, cube-agree-c62-slt, cube-agree-c62-slx, cube-attain-c62-race, cube-attain-c62-slt, cube-attain-c62-slx, cube-attain-pro, cube-attain-race, cube-attain-slx, cube-litening-aero-c68x-pro, cube-litening-aero-c68x-race, cube-litening-aero-c68x-slt, cube-litening-aero-c68x-slx, cube-litening-air-c68x-pro, cube-litening-air-c68x-race, cube-litening-air-c68x-slt, cube-litening-air-c68x-slx, factor-o2-vam-campagnolo-sr-wrl-custom, factor-o2-vam-da-di2-custom-build, factor-o2-vam-red-axs-custom-build, factor-o2-vam-ultegra-di2-custom-build, factor-one-da-di2-custom-build, factor-ostro-vam-campagnolo-sr-wrl-custom, factor-ostro-vam-da-di2-custom-build, factor-ostro-vam-red-axs-custom-build, factor-slick-da-di2-custom-build, factor-vista-da-di2-custom-build, factor-vista-ultegra-di2-custom-build, look-765-optimum-105-di2, look-765-optimum-105-mechanisch, look-765-optimum-rival-axs, look-765-optimum-ultegra-di2, look-785-huez-105-di2, look-785-huez-105-mechanisch, look-785-huez-rival-axs-e1, look-785-huez-rs-disc-ultegra-di2, look-785-huez-rs-red-axs, look-785-huez-ultegra-di2-pro-team-black, look-795-blade-rs-campagnolo-sr-13s-wrl, look-795-blade-rs-da-di2, look-795-blade-rs-red-axs, look-795-blade-rs-ultegra-di2, pinarello-dogma-f-dura-ace-di2, pinarello-dogma-f-dura-ace-di2-powermeter, pinarello-dogma-f-sram-red-axs, pinarello-dogma-x-campagnolo-sr-wrl, pinarello-dogma-x-dura-ace-di2, pinarello-dogma-x-sram-red-axs, pinarello-f1-105-mechanisch, pinarello-f3-105-di2, pinarello-f5-105-di2, pinarello-f7-sram-force-axs, pinarello-f7-ultegra-di2, pinarello-f9-dura-ace-di2, pinarello-new-f5-105-di2, pinarello-new-f7-ultegra-di2, pinarello-new-f9-dura-ace-di2, pinarello-paris-105-di2, pinarello-prince-ultegra-di2, pinarello-x1-105-mechanisch, pinarello-x3-105-di2, pinarello-x5-105-di2, pinarello-x7-sram-force-axs, pinarello-x7-ultegra-di2, pinarello-x9-dura-ace-di2, rose-reveal-04-105-di2, rose-reveal-04-rival-axs, rose-reveal-06-ultegra-di2, rose-shave-105-di2, rose-shave-ff-force-axs, rose-shave-ff-ultegra-di2, rose-shave-ffx-dura-ace-di2, rose-shave-ffx-red-axs, rose-shave-force-axs, rose-shave-rival-axs, rose-shave-ultegra-di2, rose-xlite-04-105-mech, rose-xlite-04-force-etap-axs, rose-xlite-04-ultegra-di2, rose-xlite-06-dura-ace-di2, rose-xlite-06-force-etap-axs, rose-xlite-06-red-etap-axs, rose-xlite-06-ultegra-di2, rose-xlite-unltd-dura-ace-di2, scott-addict-10-da-di2, scott-addict-20-ultegra-di2, scott-addict-40-105-di2, scott-addict-50-105-mech, scott-addict-premium-red-axs, scott-addict-rc-10-ultegra-di2, scott-addict-rc-20-105-di2, scott-addict-rc-pro-da-di2, scott-addict-rc-team-red-axs, scott-addict-rc-ultimate-ultegra-di2, scott-foil-rc-10-ultegra-di2, scott-foil-rc-20-105-di2, scott-foil-rc-pro-da-di2, scott-foil-rc-team-force-axs, scott-speedster-10-105-di2, scott-speedster-20-tiagra, specialized-aethos-2-expert-ultegra-di2, specialized-aethos-2-pro-ultegra-di2, specialized-aethos-comp-rival-axs, specialized-aethos-expert-ultegra-di2, specialized-aethos-sport-105, specialized-allez-sport, specialized-allez-sprint-comp-105, specialized-roubaix-comp-rival-axs, specialized-roubaix-expert-ultegra-di2, specialized-roubaix-sport-105, specialized-s-works-aethos-2-da-di2, specialized-s-works-aethos-2-red-axs, specialized-s-works-aethos-da-di2, specialized-s-works-roubaix-da-di2, specialized-s-works-tarmac-sl8-da-di2, specialized-s-works-tarmac-sl8-red-axs, specialized-s-works-tarmac-sl8-red-etap-axs, specialized-tarmac-sl8-comp-105-di2, specialized-tarmac-sl8-comp-rival-axs, specialized-tarmac-sl8-expert-force-axs, specialized-tarmac-sl8-pro-ultegra-di2, specialized-tarmac-sl8-sport-105, trek-domane-al-2, trek-domane-al-4, trek-domane-al-5, trek-domane-sl-5, trek-domane-sl-5-mech, trek-domane-sl-6-di2, trek-domane-sl-7-axs, trek-domane-slr-7-di2, trek-domane-slr-9-axs, trek-emonda-slr-7-di2, trek-emonda-slr-9-axs, trek-madone-sl-5, trek-madone-sl-6-di2, trek-madone-sl-7-axs, trek-madone-slr-6-di2, trek-madone-slr-7-axs, trek-madone-slr-7-di2, trek-madone-slr-9-di2, trek-madone-slr-9-red-axs",TRUE,Title,Default Title,VM-SHIMANORTCL900D,0,shopify,99,continue,manual,54.99,,TRUE,TRUE,active
shimano-rt-cl900-dura-ace-140mm-cl,Shimano RT-CL900 Dura-Ace 140mm CL,<p><strong>Kompatibilität:</strong> Alle Center Lock Räder (140mm)</p><ul><li>Bremse: Hydraulic Disc</li></ul>,Shimano,,Bremsscheibe,"vm-kat-bremsscheibe, bmc-rm-01-five-105-di2, bmc-rm-01-four-ultegra-di2, bmc-rm-01-one-red-axs, bmc-rm-01-three-force-axs, bmc-rm-01-two-da-di2, bmc-slr-01-one-red-axs, bmc-slr-01-three-force-axs, bmc-slr-01-three-ultegra-di2, bmc-slr-01-two-da-di2, bmc-teammachine-alr-one-105-di2, bmc-teammachine-alr-two-tiagra, bmc-tmr-01-five-105-di2, bmc-tmr-01-four-ultegra-di2, bmc-tmr-01-one-red-axs, bmc-tmr-01-three-force-axs, bmc-tmr-01-two-da-di2, canyon-aeroad-cf-slx-7-axs-speed, canyon-aeroad-cf-slx-7-di2, canyon-aeroad-cf-slx-8-axs, canyon-aeroad-cf-slx-8-axs-speed, canyon-aeroad-cf-slx-8-di2, canyon-aeroad-cf-slx-8-disc-di2, canyon-aeroad-cfr-axs, canyon-aeroad-cfr-di2, canyon-aeroad-cfr-mach874, canyon-endurace-allroad, canyon-endurace-cf-8-di2, canyon-endurace-cf-sl-7-di2, canyon-endurace-cf-sl-8-di2, canyon-endurace-cf-slx-8-axs-aero, canyon-endurace-cf-slx-8-di2-aero, canyon-endurace-cfr-axs, canyon-endurace-cfr-di2, canyon-ultimate-cf-7, canyon-ultimate-cf-sl-7-di2, canyon-ultimate-cf-sl-8-di2, canyon-ultimate-cf-slx-8-axs, canyon-ultimate-cf-slx-8-di2, canyon-ultimate-cfr-di2, canyon-ultimate-cfr-etap, cervelo-caledonia-5-dura-ace-di2, cervelo-caledonia-5-force-axs, cervelo-caledonia-5-red-axs, cervelo-caledonia-5-ultegra-di2, cervelo-r5-dura-ace-di2, cervelo-r5-force-axs, cervelo-r5-red-axs, cervelo-r5-red-xplr-axs-1x, cervelo-r5-sram-red-axs, cervelo-r5-ultegra-di2, cervelo-s5-dura-ace-di2, cervelo-s5-force-axs, cervelo-s5-red-axs, cervelo-s5-red-xplr-axs-1x, cervelo-s5-ultegra-di2, cervelo-soloist-105-di2, cervelo-soloist-force-axs, cervelo-soloist-rival-axs, cervelo-soloist-ultegra-di2, colnago-c68-disc-campagnolo-sr-wrl, colnago-c68-disc-dura-ace-di2, colnago-steelnovo-limitiert, colnago-v3rs-campagnolo-sr-eps, colnago-v3rs-dura-ace-di2, colnago-v3rs-sram-red-axs, colnago-v4-105-di2, colnago-v4-sram-rival-axs, colnago-v4-ultegra-di2, colnago-v4rs-dura-ace-di2, colnago-v4rs-sram-red-axs, colnago-v4rs-ultegra-di2, colnago-v5rs-campagnolo-sr-wrl, colnago-v5rs-dura-ace-di2, colnago-v5rs-sram-red-axs, colnago-v5rs-ultegra-di2, colnago-y1rs-campagnolo-sr-wrl, colnago-y1rs-dura-ace-di2, colnago-y1rs-sram-red-axs, cube-agree-c62-one, cube-agree-c62-pro, cube-agree-c62-race, cube-agree-c62-slt, cube-agree-c62-slx, cube-attain-c62-race, cube-attain-c62-slt, cube-attain-c62-slx, cube-attain-pro, cube-attain-race, cube-attain-slx, cube-litening-aero-c68x-pro, cube-litening-aero-c68x-race, cube-litening-aero-c68x-slt, cube-litening-aero-c68x-slx, cube-litening-air-c68x-pro, cube-litening-air-c68x-race, cube-litening-air-c68x-slt, cube-litening-air-c68x-slx, factor-o2-vam-campagnolo-sr-wrl-custom, factor-o2-vam-da-di2-custom-build, factor-o2-vam-red-axs-custom-build, factor-o2-vam-ultegra-di2-custom-build, factor-one-da-di2-custom-build, factor-ostro-vam-campagnolo-sr-wrl-custom, factor-ostro-vam-da-di2-custom-build, factor-ostro-vam-red-axs-custom-build, factor-slick-da-di2-custom-build, factor-vista-da-di2-custom-build, factor-vista-ultegra-di2-custom-build, look-765-optimum-105-di2, look-765-optimum-105-mechanisch, look-765-optimum-rival-axs, look-765-optimum-ultegra-di2, look-785-huez-105-di2, look-785-huez-105-mechanisch, look-785-huez-rival-axs-e1, look-785-huez-rs-disc-ultegra-di2, look-785-huez-rs-red-axs, look-785-huez-ultegra-di2-pro-team-black, look-795-blade-rs-campagnolo-sr-13s-wrl, look-795-blade-rs-da-di2, look-795-blade-rs-red-axs, look-795-blade-rs-ultegra-di2, pinarello-dogma-f-dura-ace-di2, pinarello-dogma-f-dura-ace-di2-powermeter, pinarello-dogma-f-sram-red-axs, pinarello-dogma-x-campagnolo-sr-wrl, pinarello-dogma-x-dura-ace-di2, pinarello-dogma-x-sram-red-axs, pinarello-f1-105-mechanisch, pinarello-f3-105-di2, pinarello-f5-105-di2, pinarello-f7-sram-force-axs, pinarello-f7-ultegra-di2, pinarello-f9-dura-ace-di2, pinarello-new-f5-105-di2, pinarello-new-f7-ultegra-di2, pinarello-new-f9-dura-ace-di2, pinarello-paris-105-di2, pinarello-prince-ultegra-di2, pinarello-x1-105-mechanisch, pinarello-x3-105-di2, pinarello-x5-105-di2, pinarello-x7-sram-force-axs, pinarello-x7-ultegra-di2, pinarello-x9-dura-ace-di2, rose-reveal-04-105-di2, rose-reveal-04-rival-axs, rose-reveal-06-ultegra-di2, rose-shave-105-di2, rose-shave-ff-force-axs, rose-shave-ff-ultegra-di2, rose-shave-ffx-dura-ace-di2, rose-shave-ffx-red-axs, rose-shave-force-axs, rose-shave-rival-axs, rose-shave-ultegra-di2, rose-xlite-04-105-mech, rose-xlite-04-force-etap-axs, rose-xlite-04-ultegra-di2, rose-xlite-06-dura-ace-di2, rose-xlite-06-force-etap-axs, rose-xlite-06-red-etap-axs, rose-xlite-06-ultegra-di2, rose-xlite-unltd-dura-ace-di2, scott-addict-10-da-di2, scott-addict-20-ultegra-di2, scott-addict-40-105-di2, scott-addict-50-105-mech, scott-addict-premium-red-axs, scott-addict-rc-10-ultegra-di2, scott-addict-rc-20-105-di2, scott-addict-rc-pro-da-di2, scott-addict-rc-team-red-axs, scott-addict-rc-ultimate-ultegra-di2, scott-foil-rc-10-ultegra-di2, scott-foil-rc-20-105-di2, scott-foil-rc-pro-da-di2, scott-foil-rc-team-force-axs, scott-speedster-10-105-di2, scott-speedster-20-tiagra, specialized-aethos-2-expert-ultegra-di2, specialized-aethos-2-pro-ultegra-di2, specialized-aethos-comp-rival-axs, specialized-aethos-expert-ultegra-di2, specialized-aethos-sport-105, specialized-allez-sport, specialized-allez-sprint-comp-105, specialized-roubaix-comp-rival-axs, specialized-roubaix-expert-ultegra-di2, specialized-roubaix-sport-105, specialized-s-works-aethos-2-da-di2, specialized-s-works-aethos-2-red-axs, specialized-s-works-aethos-da-di2, specialized-s-works-roubaix-da-di2, specialized-s-works-tarmac-sl8-da-di2, specialized-s-works-tarmac-sl8-red-axs, specialized-s-works-tarmac-sl8-red-etap-axs, specialized-tarmac-sl8-comp-105-di2, specialized-tarmac-sl8-comp-rival-axs, specialized-tarmac-sl8-expert-force-axs, specialized-tarmac-sl8-pro-ultegra-di2, specialized-tarmac-sl8-sport-105, trek-domane-al-2, trek-domane-al-4, trek-domane-al-5, trek-domane-sl-5, trek-domane-sl-5-mech, trek-domane-sl-6-di2, trek-domane-sl-7-axs, trek-domane-slr-7-di2, trek-domane-slr-9-axs, trek-emonda-slr-7-di2, trek-emonda-slr-9-axs, trek-madone-sl-5, trek-madone-sl-6-di2, trek-madone-sl-7-axs, trek-madone-slr-6-di2, trek-madone-slr-7-axs, trek-madone-slr-7-di2, trek-madone-slr-9-di2, trek-madone-slr-9-red-axs",TRUE,Title,Default Title,VM-SHIMANORTCL900D,0,shopify,99,continue,manual,54.99,,TRUE,TRUE,active
shimano-rt-cl800-ultegra-160mm-cl,Shimano RT-CL800 Ultegra 160mm CL,<p><strong>Kompatibilität:</strong> Alle Center Lock Räder (160mm)</p><ul><li>Bremse: Hydraulic Disc</li></ul>,Shimano,,Bremsscheibe,"vm-kat-bremsscheibe, bmc-rm-01-five-105-di2, bmc-rm-01-four-ultegra-di2, bmc-rm-01-one-red-axs, bmc-rm-01-three-force-axs, bmc-rm-01-two-da-di2, bmc-slr-01-one-red-axs, bmc-slr-01-three-force-axs, bmc-slr-01-three-ultegra-di2, bmc-slr-01-two-da-di2, bmc-teammachine-alr-one-105-di2, bmc-teammachine-alr-two-tiagra, bmc-tmr-01-five-105-di2, bmc-tmr-01-four-ultegra-di2, bmc-tmr-01-one-red-axs, bmc-tmr-01-three-force-axs, bmc-tmr-01-two-da-di2, canyon-aeroad-cf-slx-7-axs-speed, canyon-aeroad-cf-slx-7-di2, canyon-aeroad-cf-slx-8-axs, canyon-aeroad-cf-slx-8-axs-speed, canyon-aeroad-cf-slx-8-di2, canyon-aeroad-cf-slx-8-disc-di2, canyon-aeroad-cfr-axs, canyon-aeroad-cfr-di2, canyon-aeroad-cfr-mach874, canyon-endurace-allroad, canyon-endurace-cf-8-di2, canyon-endurace-cf-sl-7-di2, canyon-endurace-cf-sl-8-di2, canyon-endurace-cf-slx-8-axs-aero, canyon-endurace-cf-slx-8-di2-aero, canyon-endurace-cfr-axs, canyon-endurace-cfr-di2, canyon-ultimate-cf-7, canyon-ultimate-cf-sl-7-di2, canyon-ultimate-cf-sl-8-di2, canyon-ultimate-cf-slx-8-axs, canyon-ultimate-cf-slx-8-di2, canyon-ultimate-cfr-di2, canyon-ultimate-cfr-etap, cervelo-caledonia-5-dura-ace-di2, cervelo-caledonia-5-force-axs, cervelo-caledonia-5-red-axs, cervelo-caledonia-5-ultegra-di2, cervelo-r5-dura-ace-di2, cervelo-r5-force-axs, cervelo-r5-red-axs, cervelo-r5-red-xplr-axs-1x, cervelo-r5-sram-red-axs, cervelo-r5-ultegra-di2, cervelo-s5-dura-ace-di2, cervelo-s5-force-axs, cervelo-s5-red-axs, cervelo-s5-red-xplr-axs-1x, cervelo-s5-ultegra-di2, cervelo-soloist-105-di2, cervelo-soloist-force-axs, cervelo-soloist-rival-axs, cervelo-soloist-ultegra-di2, colnago-c68-disc-campagnolo-sr-wrl, colnago-c68-disc-dura-ace-di2, colnago-steelnovo-limitiert, colnago-v3rs-campagnolo-sr-eps, colnago-v3rs-dura-ace-di2, colnago-v3rs-sram-red-axs, colnago-v4-105-di2, colnago-v4-sram-rival-axs, colnago-v4-ultegra-di2, colnago-v4rs-dura-ace-di2, colnago-v4rs-sram-red-axs, colnago-v4rs-ultegra-di2, colnago-v5rs-campagnolo-sr-wrl, colnago-v5rs-dura-ace-di2, colnago-v5rs-sram-red-axs, colnago-v5rs-ultegra-di2, colnago-y1rs-campagnolo-sr-wrl, colnago-y1rs-dura-ace-di2, colnago-y1rs-sram-red-axs, cube-agree-c62-one, cube-agree-c62-pro, cube-agree-c62-race, cube-agree-c62-slt, cube-agree-c62-slx, cube-attain-c62-race, cube-attain-c62-slt, cube-attain-c62-slx, cube-attain-pro, cube-attain-race, cube-attain-slx, cube-litening-aero-c68x-pro, cube-litening-aero-c68x-race, cube-litening-aero-c68x-slt, cube-litening-aero-c68x-slx, cube-litening-air-c68x-pro, cube-litening-air-c68x-race, cube-litening-air-c68x-slt, cube-litening-air-c68x-slx, factor-o2-vam-campagnolo-sr-wrl-custom, factor-o2-vam-da-di2-custom-build, factor-o2-vam-red-axs-custom-build, factor-o2-vam-ultegra-di2-custom-build, factor-one-da-di2-custom-build, factor-ostro-vam-campagnolo-sr-wrl-custom, factor-ostro-vam-da-di2-custom-build, factor-ostro-vam-red-axs-custom-build, factor-slick-da-di2-custom-build, factor-vista-da-di2-custom-build, factor-vista-ultegra-di2-custom-build, look-765-optimum-105-di2, look-765-optimum-105-mechanisch, look-765-optimum-rival-axs, look-765-optimum-ultegra-di2, look-785-huez-105-di2, look-785-huez-105-mechanisch, look-785-huez-rival-axs-e1, look-785-huez-rs-disc-ultegra-di2, look-785-huez-rs-red-axs, look-785-huez-ultegra-di2-pro-team-black, look-795-blade-rs-campagnolo-sr-13s-wrl, look-795-blade-rs-da-di2, look-795-blade-rs-red-axs, look-795-blade-rs-ultegra-di2, pinarello-dogma-f-dura-ace-di2, pinarello-dogma-f-dura-ace-di2-powermeter, pinarello-dogma-f-sram-red-axs, pinarello-dogma-x-campagnolo-sr-wrl, pinarello-dogma-x-dura-ace-di2, pinarello-dogma-x-sram-red-axs, pinarello-f1-105-mechanisch, pinarello-f3-105-di2, pinarello-f5-105-di2, pinarello-f7-sram-force-axs, pinarello-f7-ultegra-di2, pinarello-f9-dura-ace-di2, pinarello-new-f5-105-di2, pinarello-new-f7-ultegra-di2, pinarello-new-f9-dura-ace-di2, pinarello-paris-105-di2, pinarello-prince-ultegra-di2, pinarello-x1-105-mechanisch, pinarello-x3-105-di2, pinarello-x5-105-di2, pinarello-x7-sram-force-axs, pinarello-x7-ultegra-di2, pinarello-x9-dura-ace-di2, rose-reveal-04-105-di2, rose-reveal-04-rival-axs, rose-reveal-06-ultegra-di2, rose-shave-105-di2, rose-shave-ff-force-axs, rose-shave-ff-ultegra-di2, rose-shave-ffx-dura-ace-di2, rose-shave-ffx-red-axs, rose-shave-force-axs, rose-shave-rival-axs, rose-shave-ultegra-di2, rose-xlite-04-105-mech, rose-xlite-04-force-etap-axs, rose-xlite-04-ultegra-di2, rose-xlite-06-dura-ace-di2, rose-xlite-06-force-etap-axs, rose-xlite-06-red-etap-axs, rose-xlite-06-ultegra-di2, rose-xlite-unltd-dura-ace-di2, scott-addict-10-da-di2, scott-addict-20-ultegra-di2, scott-addict-40-105-di2, scott-addict-50-105-mech, scott-addict-premium-red-axs, scott-addict-rc-10-ultegra-di2, scott-addict-rc-20-105-di2, scott-addict-rc-pro-da-di2, scott-addict-rc-team-red-axs, scott-addict-rc-ultimate-ultegra-di2, scott-foil-rc-10-ultegra-di2, scott-foil-rc-20-105-di2, scott-foil-rc-pro-da-di2, scott-foil-rc-team-force-axs, scott-speedster-10-105-di2, scott-speedster-20-tiagra, specialized-aethos-2-expert-ultegra-di2, specialized-aethos-2-pro-ultegra-di2, specialized-aethos-comp-rival-axs, specialized-aethos-expert-ultegra-di2, specialized-aethos-sport-105, specialized-allez-sport, specialized-allez-sprint-comp-105, specialized-roubaix-comp-rival-axs, specialized-roubaix-expert-ultegra-di2, specialized-roubaix-sport-105, specialized-s-works-aethos-2-da-di2, specialized-s-works-aethos-2-red-axs, specialized-s-works-aethos-da-di2, specialized-s-works-roubaix-da-di2, specialized-s-works-tarmac-sl8-da-di2, specialized-s-works-tarmac-sl8-red-axs, specialized-s-works-tarmac-sl8-red-etap-axs, specialized-tarmac-sl8-comp-105-di2, specialized-tarmac-sl8-comp-rival-axs, specialized-tarmac-sl8-expert-force-axs, specialized-tarmac-sl8-pro-ultegra-di2, specialized-tarmac-sl8-sport-105, trek-domane-al-2, trek-domane-al-4, trek-domane-al-5, trek-domane-sl-5, trek-domane-sl-5-mech, trek-domane-sl-6-di2, trek-domane-sl-7-axs, trek-domane-slr-7-di2, trek-domane-slr-9-axs, trek-emonda-slr-7-di2, trek-emonda-slr-9-axs, trek-madone-sl-5, trek-madone-sl-6-di2, trek-madone-sl-7-axs, trek-madone-slr-6-di2, trek-madone-slr-7-axs, trek-madone-slr-7-di2, trek-madone-slr-9-di2, trek-madone-slr-9-red-axs",TRUE,Title,Default Title,VM-SHIMANORTCL800U,0,shopify,99,continue,manual,34.99,,TRUE,TRUE,active
shimano-rt-mt800-160mm-cl-ice-tech,Shimano RT-MT800 160mm CL Ice Tech,<p><strong>Kompatibilität:</strong> Alle Center Lock Räder (160mm)</p><ul><li>Bremse: Hydraulic Disc</li></ul>,Shimano,,Bremsscheibe,"vm-kat-bremsscheibe, bmc-rm-01-five-105-di2, bmc-rm-01-four-ultegra-di2, bmc-rm-01-one-red-axs, bmc-rm-01-three-force-axs, bmc-rm-01-two-da-di2, bmc-slr-01-one-red-axs, bmc-slr-01-three-force-axs, bmc-slr-01-three-ultegra-di2, bmc-slr-01-two-da-di2, bmc-teammachine-alr-one-105-di2, bmc-teammachine-alr-two-tiagra, bmc-tmr-01-five-105-di2, bmc-tmr-01-four-ultegra-di2, bmc-tmr-01-one-red-axs, bmc-tmr-01-three-force-axs, bmc-tmr-01-two-da-di2, canyon-aeroad-cf-slx-7-axs-speed, canyon-aeroad-cf-slx-7-di2, canyon-aeroad-cf-slx-8-axs, canyon-aeroad-cf-slx-8-axs-speed, canyon-aeroad-cf-slx-8-di2, canyon-aeroad-cf-slx-8-disc-di2, canyon-aeroad-cfr-axs, canyon-aeroad-cfr-di2, canyon-aeroad-cfr-mach874, canyon-endurace-allroad, canyon-endurace-cf-8-di2, canyon-endurace-cf-sl-7-di2, canyon-endurace-cf-sl-8-di2, canyon-endurace-cf-slx-8-axs-aero, canyon-endurace-cf-slx-8-di2-aero, canyon-endurace-cfr-axs, canyon-endurace-cfr-di2, canyon-ultimate-cf-7, canyon-ultimate-cf-sl-7-di2, canyon-ultimate-cf-sl-8-di2, canyon-ultimate-cf-slx-8-axs, canyon-ultimate-cf-slx-8-di2, canyon-ultimate-cfr-di2, canyon-ultimate-cfr-etap, cervelo-caledonia-5-dura-ace-di2, cervelo-caledonia-5-force-axs, cervelo-caledonia-5-red-axs, cervelo-caledonia-5-ultegra-di2, cervelo-r5-dura-ace-di2, cervelo-r5-force-axs, cervelo-r5-red-axs, cervelo-r5-red-xplr-axs-1x, cervelo-r5-sram-red-axs, cervelo-r5-ultegra-di2, cervelo-s5-dura-ace-di2, cervelo-s5-force-axs, cervelo-s5-red-axs, cervelo-s5-red-xplr-axs-1x, cervelo-s5-ultegra-di2, cervelo-soloist-105-di2, cervelo-soloist-force-axs, cervelo-soloist-rival-axs, cervelo-soloist-ultegra-di2, colnago-c68-disc-campagnolo-sr-wrl, colnago-c68-disc-dura-ace-di2, colnago-steelnovo-limitiert, colnago-v3rs-campagnolo-sr-eps, colnago-v3rs-dura-ace-di2, colnago-v3rs-sram-red-axs, colnago-v4-105-di2, colnago-v4-sram-rival-axs, colnago-v4-ultegra-di2, colnago-v4rs-dura-ace-di2, colnago-v4rs-sram-red-axs, colnago-v4rs-ultegra-di2, colnago-v5rs-campagnolo-sr-wrl, colnago-v5rs-dura-ace-di2, colnago-v5rs-sram-red-axs, colnago-v5rs-ultegra-di2, colnago-y1rs-campagnolo-sr-wrl, colnago-y1rs-dura-ace-di2, colnago-y1rs-sram-red-axs, cube-agree-c62-one, cube-agree-c62-pro, cube-agree-c62-race, cube-agree-c62-slt, cube-agree-c62-slx, cube-attain-c62-race, cube-attain-c62-slt, cube-attain-c62-slx, cube-attain-pro, cube-attain-race, cube-attain-slx, cube-litening-aero-c68x-pro, cube-litening-aero-c68x-race, cube-litening-aero-c68x-slt, cube-litening-aero-c68x-slx, cube-litening-air-c68x-pro, cube-litening-air-c68x-race, cube-litening-air-c68x-slt, cube-litening-air-c68x-slx, factor-o2-vam-campagnolo-sr-wrl-custom, factor-o2-vam-da-di2-custom-build, factor-o2-vam-red-axs-custom-build, factor-o2-vam-ultegra-di2-custom-build, factor-one-da-di2-custom-build, factor-ostro-vam-campagnolo-sr-wrl-custom, factor-ostro-vam-da-di2-custom-build, factor-ostro-vam-red-axs-custom-build, factor-slick-da-di2-custom-build, factor-vista-da-di2-custom-build, factor-vista-ultegra-di2-custom-build, look-765-optimum-105-di2, look-765-optimum-105-mechanisch, look-765-optimum-rival-axs, look-765-optimum-ultegra-di2, look-785-huez-105-di2, look-785-huez-105-mechanisch, look-785-huez-rival-axs-e1, look-785-huez-rs-disc-ultegra-di2, look-785-huez-rs-red-axs, look-785-huez-ultegra-di2-pro-team-black, look-795-blade-rs-campagnolo-sr-13s-wrl, look-795-blade-rs-da-di2, look-795-blade-rs-red-axs, look-795-blade-rs-ultegra-di2, pinarello-dogma-f-dura-ace-di2, pinarello-dogma-f-dura-ace-di2-powermeter, pinarello-dogma-f-sram-red-axs, pinarello-dogma-x-campagnolo-sr-wrl, pinarello-dogma-x-dura-ace-di2, pinarello-dogma-x-sram-red-axs, pinarello-f1-105-mechanisch, pinarello-f3-105-di2, pinarello-f5-105-di2, pinarello-f7-sram-force-axs, pinarello-f7-ultegra-di2, pinarello-f9-dura-ace-di2, pinarello-new-f5-105-di2, pinarello-new-f7-ultegra-di2, pinarello-new-f9-dura-ace-di2, pinarello-paris-105-di2, pinarello-prince-ultegra-di2, pinarello-x1-105-mechanisch, pinarello-x3-105-di2, pinarello-x5-105-di2, pinarello-x7-sram-force-axs, pinarello-x7-ultegra-di2, pinarello-x9-dura-ace-di2, rose-reveal-04-105-di2, rose-reveal-04-rival-axs, rose-reveal-06-ultegra-di2, rose-shave-105-di2, rose-shave-ff-force-axs, rose-shave-ff-ultegra-di2, rose-shave-ffx-dura-ace-di2, rose-shave-ffx-red-axs, rose-shave-force-axs, rose-shave-rival-axs, rose-shave-ultegra-di2, rose-xlite-04-105-mech, rose-xlite-04-force-etap-axs, rose-xlite-04-ultegra-di2, rose-xlite-06-dura-ace-di2, rose-xlite-06-force-etap-axs, rose-xlite-06-red-etap-axs, rose-xlite-06-ultegra-di2, rose-xlite-unltd-dura-ace-di2, scott-addict-10-da-di2, scott-addict-20-ultegra-di2, scott-addict-40-105-di2, scott-addict-50-105-mech, scott-addict-premium-red-axs, scott-addict-rc-10-ultegra-di2, scott-addict-rc-20-105-di2, scott-addict-rc-pro-da-di2, scott-addict-rc-team-red-axs, scott-addict-rc-ultimate-ultegra-di2, scott-foil-rc-10-ultegra-di2, scott-foil-rc-20-105-di2, scott-foil-rc-pro-da-di2, scott-foil-rc-team-force-axs, scott-speedster-10-105-di2, scott-speedster-20-tiagra, specialized-aethos-2-expert-ultegra-di2, specialized-aethos-2-pro-ultegra-di2, specialized-aethos-comp-rival-axs, specialized-aethos-expert-ultegra-di2, specialized-aethos-sport-105, specialized-allez-sport, specialized-allez-sprint-comp-105, specialized-roubaix-comp-rival-axs, specialized-roubaix-expert-ultegra-di2, specialized-roubaix-sport-105, specialized-s-works-aethos-2-da-di2, specialized-s-works-aethos-2-red-axs, specialized-s-works-aethos-da-di2, specialized-s-works-roubaix-da-di2, specialized-s-works-tarmac-sl8-da-di2, specialized-s-works-tarmac-sl8-red-axs, specialized-s-works-tarmac-sl8-red-etap-axs, specialized-tarmac-sl8-comp-105-di2, specialized-tarmac-sl8-comp-rival-axs, specialized-tarmac-sl8-expert-force-axs, specialized-tarmac-sl8-pro-ultegra-di2, specialized-tarmac-sl8-sport-105, trek-domane-al-2, trek-domane-al-4, trek-domane-al-5, trek-domane-sl-5, trek-domane-sl-5-mech, trek-domane-sl-6-di2, trek-domane-sl-7-axs, trek-domane-slr-7-di2, trek-domane-slr-9-axs, trek-emonda-slr-7-di2, trek-emonda-slr-9-axs, trek-madone-sl-5, trek-madone-sl-6-di2, trek-madone-sl-7-axs, trek-madone-slr-6-di2, trek-madone-slr-7-axs, trek-madone-slr-7-di2, trek-madone-slr-9-di2, trek-madone-slr-9-red-axs",TRUE,Title,Default Title,VM-SHIMANORTMT8001,0,shopify,99,continue,manual,29.99,,TRUE,TRUE,active
sram-paceline-cl-160mm-center-lock,SRAM Paceline CL 160mm Center Lock,<p><strong>Kompatibilität:</strong> Alle Center Lock Räder (160mm)</p><ul><li>Bremse: Hydraulic Disc</li></ul>,SRAM,,Bremsscheibe,"vm-kat-bremsscheibe, bmc-rm-01-five-105-di2, bmc-rm-01-four-ultegra-di2, bmc-rm-01-one-red-axs, bmc-rm-01-three-force-axs, bmc-rm-01-two-da-di2, bmc-slr-01-one-red-axs, bmc-slr-01-three-force-axs, bmc-slr-01-three-ultegra-di2, bmc-slr-01-two-da-di2, bmc-teammachine-alr-one-105-di2, bmc-teammachine-alr-two-tiagra, bmc-tmr-01-five-105-di2, bmc-tmr-01-four-ultegra-di2, bmc-tmr-01-one-red-axs, bmc-tmr-01-three-force-axs, bmc-tmr-01-two-da-di2, canyon-aeroad-cf-slx-7-axs-speed, canyon-aeroad-cf-slx-7-di2, canyon-aeroad-cf-slx-8-axs, canyon-aeroad-cf-slx-8-axs-speed, canyon-aeroad-cf-slx-8-di2, canyon-aeroad-cf-slx-8-disc-di2, canyon-aeroad-cfr-axs, canyon-aeroad-cfr-di2, canyon-aeroad-cfr-mach874, canyon-endurace-allroad, canyon-endurace-cf-8-di2, canyon-endurace-cf-sl-7-di2, canyon-endurace-cf-sl-8-di2, canyon-endurace-cf-slx-8-axs-aero, canyon-endurace-cf-slx-8-di2-aero, canyon-endurace-cfr-axs, canyon-endurace-cfr-di2, canyon-ultimate-cf-7, canyon-ultimate-cf-sl-7-di2, canyon-ultimate-cf-sl-8-di2, canyon-ultimate-cf-slx-8-axs, canyon-ultimate-cf-slx-8-di2, canyon-ultimate-cfr-di2, canyon-ultimate-cfr-etap, cervelo-caledonia-5-dura-ace-di2, cervelo-caledonia-5-force-axs, cervelo-caledonia-5-red-axs, cervelo-caledonia-5-ultegra-di2, cervelo-r5-dura-ace-di2, cervelo-r5-force-axs, cervelo-r5-red-axs, cervelo-r5-red-xplr-axs-1x, cervelo-r5-sram-red-axs, cervelo-r5-ultegra-di2, cervelo-s5-dura-ace-di2, cervelo-s5-force-axs, cervelo-s5-red-axs, cervelo-s5-red-xplr-axs-1x, cervelo-s5-ultegra-di2, cervelo-soloist-105-di2, cervelo-soloist-force-axs, cervelo-soloist-rival-axs, cervelo-soloist-ultegra-di2, colnago-c68-disc-campagnolo-sr-wrl, colnago-c68-disc-dura-ace-di2, colnago-steelnovo-limitiert, colnago-v3rs-campagnolo-sr-eps, colnago-v3rs-dura-ace-di2, colnago-v3rs-sram-red-axs, colnago-v4-105-di2, colnago-v4-sram-rival-axs, colnago-v4-ultegra-di2, colnago-v4rs-dura-ace-di2, colnago-v4rs-sram-red-axs, colnago-v4rs-ultegra-di2, colnago-v5rs-campagnolo-sr-wrl, colnago-v5rs-dura-ace-di2, colnago-v5rs-sram-red-axs, colnago-v5rs-ultegra-di2, colnago-y1rs-campagnolo-sr-wrl, colnago-y1rs-dura-ace-di2, colnago-y1rs-sram-red-axs, cube-agree-c62-one, cube-agree-c62-pro, cube-agree-c62-race, cube-agree-c62-slt, cube-agree-c62-slx, cube-attain-c62-race, cube-attain-c62-slt, cube-attain-c62-slx, cube-attain-pro, cube-attain-race, cube-attain-slx, cube-litening-aero-c68x-pro, cube-litening-aero-c68x-race, cube-litening-aero-c68x-slt, cube-litening-aero-c68x-slx, cube-litening-air-c68x-pro, cube-litening-air-c68x-race, cube-litening-air-c68x-slt, cube-litening-air-c68x-slx, factor-o2-vam-campagnolo-sr-wrl-custom, factor-o2-vam-da-di2-custom-build, factor-o2-vam-red-axs-custom-build, factor-o2-vam-ultegra-di2-custom-build, factor-one-da-di2-custom-build, factor-ostro-vam-campagnolo-sr-wrl-custom, factor-ostro-vam-da-di2-custom-build, factor-ostro-vam-red-axs-custom-build, factor-slick-da-di2-custom-build, factor-vista-da-di2-custom-build, factor-vista-ultegra-di2-custom-build, look-765-optimum-105-di2, look-765-optimum-105-mechanisch, look-765-optimum-rival-axs, look-765-optimum-ultegra-di2, look-785-huez-105-di2, look-785-huez-105-mechanisch, look-785-huez-rival-axs-e1, look-785-huez-rs-disc-ultegra-di2, look-785-huez-rs-red-axs, look-785-huez-ultegra-di2-pro-team-black, look-795-blade-rs-campagnolo-sr-13s-wrl, look-795-blade-rs-da-di2, look-795-blade-rs-red-axs, look-795-blade-rs-ultegra-di2, pinarello-dogma-f-dura-ace-di2, pinarello-dogma-f-dura-ace-di2-powermeter, pinarello-dogma-f-sram-red-axs, pinarello-dogma-x-campagnolo-sr-wrl, pinarello-dogma-x-dura-ace-di2, pinarello-dogma-x-sram-red-axs, pinarello-f1-105-mechanisch, pinarello-f3-105-di2, pinarello-f5-105-di2, pinarello-f7-sram-force-axs, pinarello-f7-ultegra-di2, pinarello-f9-dura-ace-di2, pinarello-new-f5-105-di2, pinarello-new-f7-ultegra-di2, pinarello-new-f9-dura-ace-di2, pinarello-paris-105-di2, pinarello-prince-ultegra-di2, pinarello-x1-105-mechanisch, pinarello-x3-105-di2, pinarello-x5-105-di2, pinarello-x7-sram-force-axs, pinarello-x7-ultegra-di2, pinarello-x9-dura-ace-di2, rose-reveal-04-105-di2, rose-reveal-04-rival-axs, rose-reveal-06-ultegra-di2, rose-shave-105-di2, rose-shave-ff-force-axs, rose-shave-ff-ultegra-di2, rose-shave-ffx-dura-ace-di2, rose-shave-ffx-red-axs, rose-shave-force-axs, rose-shave-rival-axs, rose-shave-ultegra-di2, rose-xlite-04-105-mech, rose-xlite-04-force-etap-axs, rose-xlite-04-ultegra-di2, rose-xlite-06-dura-ace-di2, rose-xlite-06-force-etap-axs, rose-xlite-06-red-etap-axs, rose-xlite-06-ultegra-di2, rose-xlite-unltd-dura-ace-di2, scott-addict-10-da-di2, scott-addict-20-ultegra-di2, scott-addict-40-105-di2, scott-addict-50-105-mech, scott-addict-premium-red-axs, scott-addict-rc-10-ultegra-di2, scott-addict-rc-20-105-di2, scott-addict-rc-pro-da-di2, scott-addict-rc-team-red-axs, scott-addict-rc-ultimate-ultegra-di2, scott-foil-rc-10-ultegra-di2, scott-foil-rc-20-105-di2, scott-foil-rc-pro-da-di2, scott-foil-rc-team-force-axs, scott-speedster-10-105-di2, scott-speedster-20-tiagra, specialized-aethos-2-expert-ultegra-di2, specialized-aethos-2-pro-ultegra-di2, specialized-aethos-comp-rival-axs, specialized-aethos-expert-ultegra-di2, specialized-aethos-sport-105, specialized-allez-sport, specialized-allez-sprint-comp-105, specialized-roubaix-comp-rival-axs, specialized-roubaix-expert-ultegra-di2, specialized-roubaix-sport-105, specialized-s-works-aethos-2-da-di2, specialized-s-works-aethos-2-red-axs, specialized-s-works-aethos-da-di2, specialized-s-works-roubaix-da-di2, specialized-s-works-tarmac-sl8-da-di2, specialized-s-works-tarmac-sl8-red-axs, specialized-s-works-tarmac-sl8-red-etap-axs, specialized-tarmac-sl8-comp-105-di2, specialized-tarmac-sl8-comp-rival-axs, specialized-tarmac-sl8-expert-force-axs, specialized-tarmac-sl8-pro-ultegra-di2, specialized-tarmac-sl8-sport-105, trek-domane-al-2, trek-domane-al-4, trek-domane-al-5, trek-domane-sl-5, trek-domane-sl-5-mech, trek-domane-sl-6-di2, trek-domane-sl-7-axs, trek-domane-slr-7-di2, trek-domane-slr-9-axs, trek-emonda-slr-7-di2, trek-emonda-slr-9-axs, trek-madone-sl-5, trek-madone-sl-6-di2, trek-madone-sl-7-axs, trek-madone-slr-6-di2, trek-madone-slr-7-axs, trek-madone-slr-7-di2, trek-madone-slr-9-di2, trek-madone-slr-9-red-axs",TRUE,Title,Default Title,VM-SRAMPACELINECL1,0,shopify,99,continue,manual,44.99,,TRUE,TRUE,active
continental-gp-5000-s-tr-25mm-700c-tlr,Continental GP 5000 S TR 25mm 700c TLR,<p><strong>Kompatibilität:</strong> Alle 700c Räder mit min. 25mm Freiheit</p>,Continental,,Reifen,"vm-kat-reifen, bmc-rm-01-five-105-di2, bmc-rm-01-four-ultegra-di2, bmc-rm-01-one-red-axs, bmc-rm-01-three-force-axs, bmc-rm-01-two-da-di2, bmc-slr-01-one-red-axs, bmc-slr-01-three-force-axs, bmc-slr-01-three-ultegra-di2, bmc-slr-01-two-da-di2, bmc-teammachine-alr-one-105-di2, bmc-teammachine-alr-two-tiagra, bmc-tmr-01-five-105-di2, bmc-tmr-01-four-ultegra-di2, bmc-tmr-01-one-red-axs, bmc-tmr-01-three-force-axs, bmc-tmr-01-two-da-di2, canyon-aeroad-cf-slx-7-axs-speed, canyon-aeroad-cf-slx-7-di2, canyon-aeroad-cf-slx-8-axs, canyon-aeroad-cf-slx-8-axs-speed, canyon-aeroad-cf-slx-8-di2, canyon-aeroad-cf-slx-8-disc-di2, canyon-aeroad-cfr-axs, canyon-aeroad-cfr-di2, canyon-aeroad-cfr-mach874, canyon-endurace-allroad, canyon-endurace-cf-8-di2, canyon-endurace-cf-sl-7-di2, canyon-endurace-cf-sl-8-di2, canyon-endurace-cf-slx-8-axs-aero, canyon-endurace-cf-slx-8-di2-aero, canyon-endurace-cfr-axs, canyon-endurace-cfr-di2, canyon-ultimate-cf-7, canyon-ultimate-cf-sl-7-di2, canyon-ultimate-cf-sl-8-di2, canyon-ultimate-cf-slx-8-axs, canyon-ultimate-cf-slx-8-di2, canyon-ultimate-cfr-di2, canyon-ultimate-cfr-etap, cervelo-caledonia-5-dura-ace-di2, cervelo-caledonia-5-force-axs, cervelo-caledonia-5-red-axs, cervelo-caledonia-5-ultegra-di2, cervelo-r5-dura-ace-di2, cervelo-r5-force-axs, cervelo-r5-red-axs, cervelo-r5-red-xplr-axs-1x, cervelo-r5-sram-red-axs, cervelo-r5-ultegra-di2, cervelo-s5-dura-ace-di2, cervelo-s5-force-axs, cervelo-s5-red-axs, cervelo-s5-red-xplr-axs-1x, cervelo-s5-ultegra-di2, cervelo-soloist-105-di2, cervelo-soloist-force-axs, cervelo-soloist-rival-axs, cervelo-soloist-ultegra-di2, colnago-c68-disc-campagnolo-sr-wrl, colnago-c68-disc-dura-ace-di2, colnago-steelnovo-limitiert, colnago-v3rs-campagnolo-sr-eps, colnago-v3rs-dura-ace-di2, colnago-v3rs-sram-red-axs, colnago-v4-105-di2, colnago-v4-sram-rival-axs, colnago-v4-ultegra-di2, colnago-v4rs-dura-ace-di2, colnago-v4rs-sram-red-axs, colnago-v4rs-ultegra-di2, colnago-v5rs-campagnolo-sr-wrl, colnago-v5rs-dura-ace-di2, colnago-v5rs-sram-red-axs, colnago-v5rs-ultegra-di2, colnago-y1rs-campagnolo-sr-wrl, colnago-y1rs-dura-ace-di2, colnago-y1rs-sram-red-axs, cube-agree-c62-one, cube-agree-c62-pro, cube-agree-c62-race, cube-agree-c62-slt, cube-agree-c62-slx, cube-attain-c62-race, cube-attain-c62-slt, cube-attain-c62-slx, cube-attain-pro, cube-attain-race, cube-attain-slx, cube-litening-aero-c68x-pro, cube-litening-aero-c68x-race, cube-litening-aero-c68x-slt, cube-litening-aero-c68x-slx, cube-litening-air-c68x-pro, cube-litening-air-c68x-race, cube-litening-air-c68x-slt, cube-litening-air-c68x-slx, factor-o2-vam-campagnolo-sr-wrl-custom, factor-o2-vam-da-di2-custom-build, factor-o2-vam-red-axs-custom-build, factor-o2-vam-ultegra-di2-custom-build, factor-one-da-di2-custom-build, factor-ostro-vam-campagnolo-sr-wrl-custom, factor-ostro-vam-da-di2-custom-build, factor-ostro-vam-red-axs-custom-build, factor-slick-da-di2-custom-build, factor-vista-da-di2-custom-build, factor-vista-ultegra-di2-custom-build, look-765-optimum-105-di2, look-765-optimum-105-mechanisch, look-765-optimum-rival-axs, look-765-optimum-ultegra-di2, look-785-huez-105-di2, look-785-huez-105-mechanisch, look-785-huez-rival-axs-e1, look-785-huez-rs-disc-ultegra-di2, look-785-huez-rs-red-axs, look-785-huez-ultegra-di2-pro-team-black, look-795-blade-rs-campagnolo-sr-13s-wrl, look-795-blade-rs-da-di2, look-795-blade-rs-red-axs, look-795-blade-rs-ultegra-di2, pinarello-dogma-f-dura-ace-di2, pinarello-dogma-f-dura-ace-di2-powermeter, pinarello-dogma-f-sram-red-axs, pinarello-dogma-x-campagnolo-sr-wrl, pinarello-dogma-x-dura-ace-di2, pinarello-dogma-x-sram-red-axs, pinarello-f1-105-mechanisch, pinarello-f3-105-di2, pinarello-f5-105-di2, pinarello-f7-sram-force-axs, pinarello-f7-ultegra-di2, pinarello-f9-dura-ace-di2, pinarello-new-f5-105-di2, pinarello-new-f7-ultegra-di2, pinarello-new-f9-dura-ace-di2, pinarello-paris-105-di2, pinarello-prince-ultegra-di2, pinarello-x1-105-mechanisch, pinarello-x3-105-di2, pinarello-x5-105-di2, pinarello-x7-sram-force-axs, pinarello-x7-ultegra-di2, pinarello-x9-dura-ace-di2, rose-reveal-04-105-di2, rose-reveal-04-rival-axs, rose-reveal-06-ultegra-di2, rose-shave-105-di2, rose-shave-ff-force-axs, rose-shave-ff-ultegra-di2, rose-shave-ffx-dura-ace-di2, rose-shave-ffx-red-axs, rose-shave-force-axs, rose-shave-rival-axs, rose-shave-ultegra-di2, rose-xlite-04-105-mech, rose-xlite-04-force-etap-axs, rose-xlite-04-ultegra-di2, rose-xlite-06-dura-ace-di2, rose-xlite-06-force-etap-axs, rose-xlite-06-red-etap-axs, rose-xlite-06-ultegra-di2, rose-xlite-unltd-dura-ace-di2, scott-addict-10-da-di2, scott-addict-20-ultegra-di2, scott-addict-40-105-di2, scott-addict-50-105-mech, scott-addict-premium-red-axs, scott-addict-rc-10-ultegra-di2, scott-addict-rc-20-105-di2, scott-addict-rc-pro-da-di2, scott-addict-rc-team-red-axs, scott-addict-rc-ultimate-ultegra-di2, scott-foil-rc-10-ultegra-di2, scott-foil-rc-20-105-di2, scott-foil-rc-pro-da-di2, scott-foil-rc-team-force-axs, scott-speedster-10-105-di2, scott-speedster-20-tiagra, specialized-aethos-2-expert-ultegra-di2, specialized-aethos-2-pro-ultegra-di2, specialized-aethos-comp-rival-axs, specialized-aethos-expert-ultegra-di2, specialized-aethos-sport-105, specialized-allez-sport, specialized-allez-sprint-comp-105, specialized-roubaix-comp-rival-axs, specialized-roubaix-expert-ultegra-di2, specialized-roubaix-sport-105, specialized-s-works-aethos-2-da-di2, specialized-s-works-aethos-2-red-axs, specialized-s-works-aethos-da-di2, specialized-s-works-roubaix-da-di2, specialized-s-works-tarmac-sl8-da-di2, specialized-s-works-tarmac-sl8-red-axs, specialized-s-works-tarmac-sl8-red-etap-axs, specialized-tarmac-sl8-comp-105-di2, specialized-tarmac-sl8-comp-rival-axs, specialized-tarmac-sl8-expert-force-axs, specialized-tarmac-sl8-pro-ultegra-di2, specialized-tarmac-sl8-sport-105, trek-domane-al-2, trek-domane-al-4, trek-domane-al-5, trek-domane-sl-5, trek-domane-sl-5-mech, trek-domane-sl-6-di2, trek-domane-sl-7-axs, trek-domane-slr-7-di2, trek-domane-slr-9-axs, trek-emonda-slr-7-di2, trek-emonda-slr-9-axs, trek-madone-sl-5, trek-madone-sl-6-di2, trek-madone-sl-7-axs, trek-madone-slr-6-di2, trek-madone-slr-7-axs, trek-madone-slr-7-di2, trek-madone-slr-9-di2, trek-madone-slr-9-red-axs",TRUE,Title,Default Title,VM-CONTINENTALGP500,0,shopify,99,continue,manual,64.99,,TRUE,TRUE,active
continental-gp-5000-s-tr-28mm-700c-tlr,Continental GP 5000 S TR 28mm 700c TLR,<p><strong>Kompatibilität:</strong> Alle 700c Räder mit min. 28mm Freiheit</p>,Continental,,Reifen,"vm-kat-reifen, bmc-rm-01-five-105-di2, bmc-rm-01-four-ultegra-di2, bmc-rm-01-one-red-axs, bmc-rm-01-three-force-axs, bmc-rm-01-two-da-di2, bmc-slr-01-one-red-axs, bmc-slr-01-three-force-axs, bmc-slr-01-three-ultegra-di2, bmc-slr-01-two-da-di2, bmc-teammachine-alr-one-105-di2, bmc-teammachine-alr-two-tiagra, bmc-tmr-01-five-105-di2, bmc-tmr-01-four-ultegra-di2, bmc-tmr-01-one-red-axs, bmc-tmr-01-three-force-axs, bmc-tmr-01-two-da-di2, canyon-aeroad-cf-slx-7-axs-speed, canyon-aeroad-cf-slx-7-di2, canyon-aeroad-cf-slx-8-axs, canyon-aeroad-cf-slx-8-axs-speed, canyon-aeroad-cf-slx-8-di2, canyon-aeroad-cf-slx-8-disc-di2, canyon-aeroad-cfr-axs, canyon-aeroad-cfr-di2, canyon-aeroad-cfr-mach874, canyon-endurace-allroad, canyon-endurace-cf-8-di2, canyon-endurace-cf-sl-7-di2, canyon-endurace-cf-sl-8-di2, canyon-endurace-cf-slx-8-axs-aero, canyon-endurace-cf-slx-8-di2-aero, canyon-endurace-cfr-axs, canyon-endurace-cfr-di2, canyon-ultimate-cf-7, canyon-ultimate-cf-sl-7-di2, canyon-ultimate-cf-sl-8-di2, canyon-ultimate-cf-slx-8-axs, canyon-ultimate-cf-slx-8-di2, canyon-ultimate-cfr-di2, canyon-ultimate-cfr-etap, cervelo-caledonia-5-dura-ace-di2, cervelo-caledonia-5-force-axs, cervelo-caledonia-5-red-axs, cervelo-caledonia-5-ultegra-di2, cervelo-r5-dura-ace-di2, cervelo-r5-force-axs, cervelo-r5-red-axs, cervelo-r5-red-xplr-axs-1x, cervelo-r5-sram-red-axs, cervelo-r5-ultegra-di2, cervelo-s5-dura-ace-di2, cervelo-s5-force-axs, cervelo-s5-red-axs, cervelo-s5-red-xplr-axs-1x, cervelo-s5-ultegra-di2, cervelo-soloist-105-di2, cervelo-soloist-force-axs, cervelo-soloist-rival-axs, cervelo-soloist-ultegra-di2, colnago-c68-disc-campagnolo-sr-wrl, colnago-c68-disc-dura-ace-di2, colnago-steelnovo-limitiert, colnago-v3rs-campagnolo-sr-eps, colnago-v3rs-dura-ace-di2, colnago-v3rs-sram-red-axs, colnago-v4-105-di2, colnago-v4-sram-rival-axs, colnago-v4-ultegra-di2, colnago-v4rs-dura-ace-di2, colnago-v4rs-sram-red-axs, colnago-v4rs-ultegra-di2, colnago-v5rs-campagnolo-sr-wrl, colnago-v5rs-dura-ace-di2, colnago-v5rs-sram-red-axs, colnago-v5rs-ultegra-di2, colnago-y1rs-campagnolo-sr-wrl, colnago-y1rs-dura-ace-di2, colnago-y1rs-sram-red-axs, cube-agree-c62-one, cube-agree-c62-pro, cube-agree-c62-race, cube-agree-c62-slt, cube-agree-c62-slx, cube-attain-c62-race, cube-attain-c62-slt, cube-attain-c62-slx, cube-attain-pro, cube-attain-race, cube-attain-slx, cube-litening-aero-c68x-pro, cube-litening-aero-c68x-race, cube-litening-aero-c68x-slt, cube-litening-aero-c68x-slx, cube-litening-air-c68x-pro, cube-litening-air-c68x-race, cube-litening-air-c68x-slt, cube-litening-air-c68x-slx, factor-o2-vam-campagnolo-sr-wrl-custom, factor-o2-vam-da-di2-custom-build, factor-o2-vam-red-axs-custom-build, factor-o2-vam-ultegra-di2-custom-build, factor-one-da-di2-custom-build, factor-ostro-vam-campagnolo-sr-wrl-custom, factor-ostro-vam-da-di2-custom-build, factor-ostro-vam-red-axs-custom-build, factor-slick-da-di2-custom-build, factor-vista-da-di2-custom-build, factor-vista-ultegra-di2-custom-build, look-765-optimum-105-di2, look-765-optimum-105-mechanisch, look-765-optimum-rival-axs, look-765-optimum-ultegra-di2, look-785-huez-105-di2, look-785-huez-105-mechanisch, look-785-huez-rival-axs-e1, look-785-huez-rs-disc-ultegra-di2, look-785-huez-rs-red-axs, look-785-huez-ultegra-di2-pro-team-black, look-795-blade-rs-campagnolo-sr-13s-wrl, look-795-blade-rs-da-di2, look-795-blade-rs-red-axs, look-795-blade-rs-ultegra-di2, pinarello-dogma-f-dura-ace-di2, pinarello-dogma-f-dura-ace-di2-powermeter, pinarello-dogma-f-sram-red-axs, pinarello-dogma-x-campagnolo-sr-wrl, pinarello-dogma-x-dura-ace-di2, pinarello-dogma-x-sram-red-axs, pinarello-f1-105-mechanisch, pinarello-f3-105-di2, pinarello-f5-105-di2, pinarello-f7-sram-force-axs, pinarello-f7-ultegra-di2, pinarello-f9-dura-ace-di2, pinarello-new-f5-105-di2, pinarello-new-f7-ultegra-di2, pinarello-new-f9-dura-ace-di2, pinarello-paris-105-di2, pinarello-prince-ultegra-di2, pinarello-x1-105-mechanisch, pinarello-x3-105-di2, pinarello-x5-105-di2, pinarello-x7-sram-force-axs, pinarello-x7-ultegra-di2, pinarello-x9-dura-ace-di2, rose-reveal-04-105-di2, rose-reveal-04-rival-axs, rose-reveal-06-ultegra-di2, rose-shave-105-di2, rose-shave-ff-force-axs, rose-shave-ff-ultegra-di2, rose-shave-ffx-dura-ace-di2, rose-shave-ffx-red-axs, rose-shave-force-axs, rose-shave-rival-axs, rose-shave-ultegra-di2, rose-xlite-04-105-mech, rose-xlite-04-force-etap-axs, rose-xlite-04-ultegra-di2, rose-xlite-06-dura-ace-di2, rose-xlite-06-force-etap-axs, rose-xlite-06-red-etap-axs, rose-xlite-06-ultegra-di2, rose-xlite-unltd-dura-ace-di2, scott-addict-10-da-di2, scott-addict-20-ultegra-di2, scott-addict-40-105-di2, scott-addict-50-105-mech, scott-addict-premium-red-axs, scott-addict-rc-10-ultegra-di2, scott-addict-rc-20-105-di2, scott-addict-rc-pro-da-di2, scott-addict-rc-team-red-axs, scott-addict-rc-ultimate-ultegra-di2, scott-foil-rc-10-ultegra-di2, scott-foil-rc-20-105-di2, scott-foil-rc-pro-da-di2, scott-foil-rc-team-force-axs, scott-speedster-10-105-di2, scott-speedster-20-tiagra, specialized-aethos-2-expert-ultegra-di2, specialized-aethos-2-pro-ultegra-di2, specialized-aethos-comp-rival-axs, specialized-aethos-expert-ultegra-di2, specialized-aethos-sport-105, specialized-allez-sport, specialized-allez-sprint-comp-105, specialized-roubaix-comp-rival-axs, specialized-roubaix-expert-ultegra-di2, specialized-roubaix-sport-105, specialized-s-works-aethos-2-da-di2, specialized-s-works-aethos-2-red-axs, specialized-s-works-aethos-da-di2, specialized-s-works-roubaix-da-di2, specialized-s-works-tarmac-sl8-da-di2, specialized-s-works-tarmac-sl8-red-axs, specialized-s-works-tarmac-sl8-red-etap-axs, specialized-tarmac-sl8-comp-105-di2, specialized-tarmac-sl8-comp-rival-axs, specialized-tarmac-sl8-expert-force-axs, specialized-tarmac-sl8-pro-ultegra-di2, specialized-tarmac-sl8-sport-105, trek-domane-al-2, trek-domane-al-4, trek-domane-al-5, trek-domane-sl-5, trek-domane-sl-5-mech, trek-domane-sl-6-di2, trek-domane-sl-7-axs, trek-domane-slr-7-di2, trek-domane-slr-9-axs, trek-emonda-slr-7-di2, trek-emonda-slr-9-axs, trek-madone-sl-5, trek-madone-sl-6-di2, trek-madone-sl-7-axs, trek-madone-slr-6-di2, trek-madone-slr-7-axs, trek-madone-slr-7-di2, trek-madone-slr-9-di2, trek-madone-slr-9-red-axs",TRUE,Title,Default Title,VM-CONTINENTALGP500,0,shopify,99,continue,manual,64.99,,TRUE,TRUE,active
continental-gp-5000-s-tr-30mm-700c-tlr,Continental GP 5000 S TR 30mm 700c TLR,<p><strong>Kompatibilität:</strong> Alle 700c Räder mit min. 30mm Freiheit</p>,Continental,,Reifen,"vm-kat-reifen, bmc-rm-01-five-105-di2, bmc-rm-01-four-ultegra-di2, bmc-rm-01-one-red-axs, bmc-rm-01-three-force-axs, bmc-rm-01-two-da-di2, bmc-slr-01-one-red-axs, bmc-slr-01-three-force-axs, bmc-slr-01-three-ultegra-di2, bmc-slr-01-two-da-di2, bmc-teammachine-alr-one-105-di2, bmc-teammachine-alr-two-tiagra, bmc-tmr-01-five-105-di2, bmc-tmr-01-four-ultegra-di2, bmc-tmr-01-one-red-axs, bmc-tmr-01-three-force-axs, bmc-tmr-01-two-da-di2, canyon-aeroad-cf-slx-7-axs-speed, canyon-aeroad-cf-slx-7-di2, canyon-aeroad-cf-slx-8-axs, canyon-aeroad-cf-slx-8-axs-speed, canyon-aeroad-cf-slx-8-di2, canyon-aeroad-cf-slx-8-disc-di2, canyon-aeroad-cfr-axs, canyon-aeroad-cfr-di2, canyon-aeroad-cfr-mach874, canyon-endurace-allroad, canyon-endurace-cf-8-di2, canyon-endurace-cf-sl-7-di2, canyon-endurace-cf-sl-8-di2, canyon-endurace-cf-slx-8-axs-aero, canyon-endurace-cf-slx-8-di2-aero, canyon-endurace-cfr-axs, canyon-endurace-cfr-di2, canyon-ultimate-cf-7, canyon-ultimate-cf-sl-7-di2, canyon-ultimate-cf-sl-8-di2, canyon-ultimate-cf-slx-8-axs, canyon-ultimate-cf-slx-8-di2, canyon-ultimate-cfr-di2, canyon-ultimate-cfr-etap, cervelo-caledonia-5-dura-ace-di2, cervelo-caledonia-5-force-axs, cervelo-caledonia-5-red-axs, cervelo-caledonia-5-ultegra-di2, cervelo-r5-dura-ace-di2, cervelo-r5-force-axs, cervelo-r5-red-axs, cervelo-r5-red-xplr-axs-1x, cervelo-r5-sram-red-axs, cervelo-r5-ultegra-di2, cervelo-s5-dura-ace-di2, cervelo-s5-force-axs, cervelo-s5-red-axs, cervelo-s5-red-xplr-axs-1x, cervelo-s5-ultegra-di2, cervelo-soloist-105-di2, cervelo-soloist-force-axs, cervelo-soloist-rival-axs, cervelo-soloist-ultegra-di2, colnago-c68-disc-campagnolo-sr-wrl, colnago-c68-disc-dura-ace-di2, colnago-steelnovo-limitiert, colnago-v3rs-campagnolo-sr-eps, colnago-v3rs-dura-ace-di2, colnago-v3rs-sram-red-axs, colnago-v4-105-di2, colnago-v4-sram-rival-axs, colnago-v4-ultegra-di2, colnago-v4rs-dura-ace-di2, colnago-v4rs-sram-red-axs, colnago-v4rs-ultegra-di2, colnago-v5rs-campagnolo-sr-wrl, colnago-v5rs-dura-ace-di2, colnago-v5rs-sram-red-axs, colnago-v5rs-ultegra-di2, colnago-y1rs-campagnolo-sr-wrl, colnago-y1rs-dura-ace-di2, colnago-y1rs-sram-red-axs, cube-agree-c62-one, cube-agree-c62-pro, cube-agree-c62-race, cube-agree-c62-slt, cube-agree-c62-slx, cube-attain-c62-race, cube-attain-c62-slt, cube-attain-c62-slx, cube-attain-pro, cube-attain-race, cube-attain-slx, cube-litening-aero-c68x-pro, cube-litening-aero-c68x-race, cube-litening-aero-c68x-slt, cube-litening-aero-c68x-slx, cube-litening-air-c68x-pro, cube-litening-air-c68x-race, cube-litening-air-c68x-slt, cube-litening-air-c68x-slx, factor-o2-vam-campagnolo-sr-wrl-custom, factor-o2-vam-da-di2-custom-build, factor-o2-vam-red-axs-custom-build, factor-o2-vam-ultegra-di2-custom-build, factor-one-da-di2-custom-build, factor-ostro-vam-campagnolo-sr-wrl-custom, factor-ostro-vam-da-di2-custom-build, factor-ostro-vam-red-axs-custom-build, factor-slick-da-di2-custom-build, factor-vista-da-di2-custom-build, factor-vista-ultegra-di2-custom-build, look-765-optimum-105-di2, look-765-optimum-105-mechanisch, look-765-optimum-rival-axs, look-765-optimum-ultegra-di2, look-785-huez-105-di2, look-785-huez-105-mechanisch, look-785-huez-rival-axs-e1, look-785-huez-rs-disc-ultegra-di2, look-785-huez-rs-red-axs, look-785-huez-ultegra-di2-pro-team-black, look-795-blade-rs-campagnolo-sr-13s-wrl, look-795-blade-rs-da-di2, look-795-blade-rs-red-axs, look-795-blade-rs-ultegra-di2, pinarello-dogma-x-campagnolo-sr-wrl, pinarello-dogma-x-dura-ace-di2, pinarello-dogma-x-sram-red-axs, pinarello-f1-105-mechanisch, pinarello-f3-105-di2, pinarello-f5-105-di2, pinarello-f7-sram-force-axs, pinarello-f7-ultegra-di2, pinarello-f9-dura-ace-di2, pinarello-new-f5-105-di2, pinarello-new-f7-ultegra-di2, pinarello-new-f9-dura-ace-di2, pinarello-paris-105-di2, pinarello-prince-ultegra-di2, pinarello-x1-105-mechanisch, pinarello-x3-105-di2, pinarello-x5-105-di2, pinarello-x7-sram-force-axs, pinarello-x7-ultegra-di2, pinarello-x9-dura-ace-di2, rose-reveal-04-105-di2, rose-reveal-04-rival-axs, rose-reveal-06-ultegra-di2, rose-shave-105-di2, rose-shave-ff-force-axs, rose-shave-ff-ultegra-di2, rose-shave-ffx-dura-ace-di2, rose-shave-ffx-red-axs, rose-shave-force-axs, rose-shave-rival-axs, rose-shave-ultegra-di2, rose-xlite-04-105-mech, rose-xlite-04-force-etap-axs, rose-xlite-04-ultegra-di2, rose-xlite-06-dura-ace-di2, rose-xlite-06-force-etap-axs, rose-xlite-06-red-etap-axs, rose-xlite-06-ultegra-di2, rose-xlite-unltd-dura-ace-di2, scott-addict-10-da-di2, scott-addict-20-ultegra-di2, scott-addict-40-105-di2, scott-addict-50-105-mech, scott-addict-premium-red-axs, scott-addict-rc-10-ultegra-di2, scott-addict-rc-20-105-di2, scott-addict-rc-pro-da-di2, scott-addict-rc-team-red-axs, scott-addict-rc-ultimate-ultegra-di2, scott-foil-rc-10-ultegra-di2, scott-foil-rc-20-105-di2, scott-foil-rc-pro-da-di2, scott-foil-rc-team-force-axs, scott-speedster-10-105-di2, scott-speedster-20-tiagra, specialized-aethos-2-expert-ultegra-di2, specialized-aethos-2-pro-ultegra-di2, specialized-aethos-comp-rival-axs, specialized-aethos-expert-ultegra-di2, specialized-aethos-sport-105, specialized-allez-sport, specialized-allez-sprint-comp-105, specialized-roubaix-comp-rival-axs, specialized-roubaix-expert-ultegra-di2, specialized-roubaix-sport-105, specialized-s-works-aethos-2-da-di2, specialized-s-works-aethos-2-red-axs, specialized-s-works-aethos-da-di2, specialized-s-works-roubaix-da-di2, specialized-s-works-tarmac-sl8-da-di2, specialized-s-works-tarmac-sl8-red-axs, specialized-s-works-tarmac-sl8-red-etap-axs, specialized-tarmac-sl8-comp-105-di2, specialized-tarmac-sl8-comp-rival-axs, specialized-tarmac-sl8-expert-force-axs, specialized-tarmac-sl8-pro-ultegra-di2, specialized-tarmac-sl8-sport-105, trek-domane-al-2, trek-domane-al-4, trek-domane-al-5, trek-domane-sl-5, trek-domane-sl-5-mech, trek-domane-sl-6-di2, trek-domane-sl-7-axs, trek-domane-slr-7-di2, trek-domane-slr-9-axs, trek-emonda-slr-7-di2, trek-emonda-slr-9-axs, trek-madone-sl-5, trek-madone-sl-6-di2, trek-madone-sl-7-axs, trek-madone-slr-6-di2, trek-madone-slr-7-axs, trek-madone-slr-7-di2, trek-madone-slr-9-di2, trek-madone-slr-9-red-axs",TRUE,Title,Default Title,VM-CONTINENTALGP500,0,shopify,99,continue,manual,64.99,,TRUE,TRUE,active
continental-gp-5000-s-tr-32mm-700c-tlr,Continental GP 5000 S TR 32mm 700c TLR,<p><strong>Kompatibilität:</strong> Alle 700c Räder mit min. 32mm Freiheit</p>,Continental,,Reifen,"vm-kat-reifen, bmc-rm-01-five-105-di2, bmc-rm-01-four-ultegra-di2, bmc-rm-01-one-red-axs, bmc-rm-01-three-force-axs, bmc-rm-01-two-da-di2, bmc-slr-01-one-red-axs, bmc-slr-01-three-force-axs, bmc-slr-01-three-ultegra-di2, bmc-slr-01-two-da-di2, bmc-teammachine-alr-one-105-di2, bmc-teammachine-alr-two-tiagra, bmc-tmr-01-five-105-di2, bmc-tmr-01-four-ultegra-di2, bmc-tmr-01-one-red-axs, bmc-tmr-01-three-force-axs, bmc-tmr-01-two-da-di2, canyon-aeroad-cf-slx-7-axs-speed, canyon-aeroad-cf-slx-7-di2, canyon-aeroad-cf-slx-8-axs, canyon-aeroad-cf-slx-8-axs-speed, canyon-aeroad-cf-slx-8-di2, canyon-aeroad-cf-slx-8-disc-di2, canyon-aeroad-cfr-axs, canyon-aeroad-cfr-di2, canyon-aeroad-cfr-mach874, canyon-endurace-allroad, canyon-endurace-cf-8-di2, canyon-endurace-cf-sl-7-di2, canyon-endurace-cf-sl-8-di2, canyon-endurace-cf-slx-8-axs-aero, canyon-endurace-cf-slx-8-di2-aero, canyon-endurace-cfr-axs, canyon-endurace-cfr-di2, canyon-ultimate-cf-7, canyon-ultimate-cf-sl-7-di2, canyon-ultimate-cf-sl-8-di2, canyon-ultimate-cf-slx-8-axs, canyon-ultimate-cf-slx-8-di2, canyon-ultimate-cfr-di2, canyon-ultimate-cfr-etap, cervelo-caledonia-5-dura-ace-di2, cervelo-caledonia-5-force-axs, cervelo-caledonia-5-red-axs, cervelo-caledonia-5-ultegra-di2, cervelo-r5-dura-ace-di2, cervelo-r5-force-axs, cervelo-r5-red-axs, cervelo-r5-red-xplr-axs-1x, cervelo-r5-sram-red-axs, cervelo-r5-ultegra-di2, cervelo-s5-dura-ace-di2, cervelo-s5-force-axs, cervelo-s5-red-axs, cervelo-s5-red-xplr-axs-1x, cervelo-s5-ultegra-di2, cervelo-soloist-105-di2, cervelo-soloist-force-axs, cervelo-soloist-rival-axs, cervelo-soloist-ultegra-di2, colnago-c68-disc-campagnolo-sr-wrl, colnago-c68-disc-dura-ace-di2, colnago-steelnovo-limitiert, colnago-v3rs-campagnolo-sr-eps, colnago-v3rs-dura-ace-di2, colnago-v3rs-sram-red-axs, colnago-v4-105-di2, colnago-v4-sram-rival-axs, colnago-v4-ultegra-di2, colnago-v4rs-dura-ace-di2, colnago-v4rs-sram-red-axs, colnago-v4rs-ultegra-di2, colnago-v5rs-campagnolo-sr-wrl, colnago-v5rs-dura-ace-di2, colnago-v5rs-sram-red-axs, colnago-v5rs-ultegra-di2, colnago-y1rs-campagnolo-sr-wrl, colnago-y1rs-dura-ace-di2, colnago-y1rs-sram-red-axs, cube-agree-c62-one, cube-agree-c62-pro, cube-agree-c62-race, cube-agree-c62-slt, cube-agree-c62-slx, cube-attain-c62-race, cube-attain-c62-slt, cube-attain-c62-slx, cube-attain-pro, cube-attain-race, cube-attain-slx, factor-one-da-di2-custom-build, factor-slick-da-di2-custom-build, factor-vista-da-di2-custom-build, factor-vista-ultegra-di2-custom-build, look-765-optimum-105-di2, look-765-optimum-105-mechanisch, look-765-optimum-rival-axs, look-765-optimum-ultegra-di2, look-785-huez-105-di2, look-785-huez-105-mechanisch, look-785-huez-rival-axs-e1, look-785-huez-rs-disc-ultegra-di2, look-785-huez-rs-red-axs, look-785-huez-ultegra-di2-pro-team-black, pinarello-dogma-x-campagnolo-sr-wrl, pinarello-dogma-x-dura-ace-di2, pinarello-dogma-x-sram-red-axs, pinarello-f1-105-mechanisch, pinarello-f3-105-di2, pinarello-f5-105-di2, pinarello-f7-sram-force-axs, pinarello-f7-ultegra-di2, pinarello-f9-dura-ace-di2, pinarello-new-f5-105-di2, pinarello-new-f7-ultegra-di2, pinarello-new-f9-dura-ace-di2, pinarello-paris-105-di2, pinarello-prince-ultegra-di2, pinarello-x1-105-mechanisch, pinarello-x3-105-di2, pinarello-x5-105-di2, pinarello-x7-sram-force-axs, pinarello-x7-ultegra-di2, pinarello-x9-dura-ace-di2, rose-reveal-04-105-di2, rose-reveal-04-rival-axs, rose-reveal-06-ultegra-di2, rose-shave-105-di2, rose-shave-ff-force-axs, rose-shave-ff-ultegra-di2, rose-shave-ffx-dura-ace-di2, rose-shave-ffx-red-axs, rose-shave-force-axs, rose-shave-rival-axs, rose-shave-ultegra-di2, rose-xlite-04-105-mech, rose-xlite-04-force-etap-axs, rose-xlite-04-ultegra-di2, rose-xlite-06-dura-ace-di2, rose-xlite-06-force-etap-axs, rose-xlite-06-red-etap-axs, rose-xlite-06-ultegra-di2, rose-xlite-unltd-dura-ace-di2, scott-addict-10-da-di2, scott-addict-20-ultegra-di2, scott-addict-40-105-di2, scott-addict-50-105-mech, scott-addict-premium-red-axs, scott-addict-rc-10-ultegra-di2, scott-addict-rc-20-105-di2, scott-addict-rc-pro-da-di2, scott-addict-rc-team-red-axs, scott-addict-rc-ultimate-ultegra-di2, scott-speedster-10-105-di2, scott-speedster-20-tiagra, specialized-aethos-2-expert-ultegra-di2, specialized-aethos-2-pro-ultegra-di2, specialized-aethos-comp-rival-axs, specialized-aethos-expert-ultegra-di2, specialized-aethos-sport-105, specialized-allez-sport, specialized-allez-sprint-comp-105, specialized-roubaix-comp-rival-axs, specialized-roubaix-expert-ultegra-di2, specialized-roubaix-sport-105, specialized-s-works-aethos-2-da-di2, specialized-s-works-aethos-2-red-axs, specialized-s-works-aethos-da-di2, specialized-s-works-roubaix-da-di2, specialized-s-works-tarmac-sl8-da-di2, specialized-s-works-tarmac-sl8-red-axs, specialized-s-works-tarmac-sl8-red-etap-axs, specialized-tarmac-sl8-comp-105-di2, specialized-tarmac-sl8-comp-rival-axs, specialized-tarmac-sl8-expert-force-axs, specialized-tarmac-sl8-pro-ultegra-di2, specialized-tarmac-sl8-sport-105, trek-domane-al-2, trek-domane-al-4, trek-domane-al-5, trek-domane-sl-5, trek-domane-sl-5-mech, trek-domane-sl-6-di2, trek-domane-sl-7-axs, trek-domane-slr-7-di2, trek-domane-slr-9-axs, trek-emonda-slr-7-di2, trek-emonda-slr-9-axs, trek-madone-sl-5, trek-madone-sl-6-di2, trek-madone-sl-7-axs, trek-madone-slr-6-di2, trek-madone-slr-7-axs, trek-madone-slr-7-di2, trek-madone-slr-9-di2, trek-madone-slr-9-red-axs",TRUE,Title,Default Title,VM-CONTINENTALGP500,0,shopify,99,continue,manual,64.99,,TRUE,TRUE,active
continental-gp-5000-28mm-700c-kevlar,Continental GP 5000 28mm 700c Kevlar,<p><strong>Kompatibilität:</strong> Alle 700c Räder (nicht Tubeless)</p>,Continental,,Reifen,vm-kat-reifen,TRUE,Title,Default Title,VM-CONTINENTALGP500,0,shopify,99,continue,manual,49.99,,TRUE,TRUE,active
vittoria-corsa-pro-tlr-28mm-700c,Vittoria Corsa Pro TLR 28mm 700c,<p><strong>Kompatibilität:</strong> Alle 700c Räder mit min. 28mm Freiheit</p>,Vittoria,,Reifen,"vm-kat-reifen, bmc-rm-01-five-105-di2, bmc-rm-01-four-ultegra-di2, bmc-rm-01-one-red-axs, bmc-rm-01-three-force-axs, bmc-rm-01-two-da-di2, bmc-slr-01-one-red-axs, bmc-slr-01-three-force-axs, bmc-slr-01-three-ultegra-di2, bmc-slr-01-two-da-di2, bmc-teammachine-alr-one-105-di2, bmc-teammachine-alr-two-tiagra, bmc-tmr-01-five-105-di2, bmc-tmr-01-four-ultegra-di2, bmc-tmr-01-one-red-axs, bmc-tmr-01-three-force-axs, bmc-tmr-01-two-da-di2, canyon-aeroad-cf-slx-7-axs-speed, canyon-aeroad-cf-slx-7-di2, canyon-aeroad-cf-slx-8-axs, canyon-aeroad-cf-slx-8-axs-speed, canyon-aeroad-cf-slx-8-di2, canyon-aeroad-cf-slx-8-disc-di2, canyon-aeroad-cfr-axs, canyon-aeroad-cfr-di2, canyon-aeroad-cfr-mach874, canyon-endurace-allroad, canyon-endurace-cf-8-di2, canyon-endurace-cf-sl-7-di2, canyon-endurace-cf-sl-8-di2, canyon-endurace-cf-slx-8-axs-aero, canyon-endurace-cf-slx-8-di2-aero, canyon-endurace-cfr-axs, canyon-endurace-cfr-di2, canyon-ultimate-cf-7, canyon-ultimate-cf-sl-7-di2, canyon-ultimate-cf-sl-8-di2, canyon-ultimate-cf-slx-8-axs, canyon-ultimate-cf-slx-8-di2, canyon-ultimate-cfr-di2, canyon-ultimate-cfr-etap, cervelo-caledonia-5-dura-ace-di2, cervelo-caledonia-5-force-axs, cervelo-caledonia-5-red-axs, cervelo-caledonia-5-ultegra-di2, cervelo-r5-dura-ace-di2, cervelo-r5-force-axs, cervelo-r5-red-axs, cervelo-r5-red-xplr-axs-1x, cervelo-r5-sram-red-axs, cervelo-r5-ultegra-di2, cervelo-s5-dura-ace-di2, cervelo-s5-force-axs, cervelo-s5-red-axs, cervelo-s5-red-xplr-axs-1x, cervelo-s5-ultegra-di2, cervelo-soloist-105-di2, cervelo-soloist-force-axs, cervelo-soloist-rival-axs, cervelo-soloist-ultegra-di2, colnago-c68-disc-campagnolo-sr-wrl, colnago-c68-disc-dura-ace-di2, colnago-steelnovo-limitiert, colnago-v3rs-campagnolo-sr-eps, colnago-v3rs-dura-ace-di2, colnago-v3rs-sram-red-axs, colnago-v4-105-di2, colnago-v4-sram-rival-axs, colnago-v4-ultegra-di2, colnago-v4rs-dura-ace-di2, colnago-v4rs-sram-red-axs, colnago-v4rs-ultegra-di2, colnago-v5rs-campagnolo-sr-wrl, colnago-v5rs-dura-ace-di2, colnago-v5rs-sram-red-axs, colnago-v5rs-ultegra-di2, colnago-y1rs-campagnolo-sr-wrl, colnago-y1rs-dura-ace-di2, colnago-y1rs-sram-red-axs, cube-agree-c62-one, cube-agree-c62-pro, cube-agree-c62-race, cube-agree-c62-slt, cube-agree-c62-slx, cube-attain-c62-race, cube-attain-c62-slt, cube-attain-c62-slx, cube-attain-pro, cube-attain-race, cube-attain-slx, cube-litening-aero-c68x-pro, cube-litening-aero-c68x-race, cube-litening-aero-c68x-slt, cube-litening-aero-c68x-slx, cube-litening-air-c68x-pro, cube-litening-air-c68x-race, cube-litening-air-c68x-slt, cube-litening-air-c68x-slx, factor-o2-vam-campagnolo-sr-wrl-custom, factor-o2-vam-da-di2-custom-build, factor-o2-vam-red-axs-custom-build, factor-o2-vam-ultegra-di2-custom-build, factor-one-da-di2-custom-build, factor-ostro-vam-campagnolo-sr-wrl-custom, factor-ostro-vam-da-di2-custom-build, factor-ostro-vam-red-axs-custom-build, factor-slick-da-di2-custom-build, factor-vista-da-di2-custom-build, factor-vista-ultegra-di2-custom-build, look-765-optimum-105-di2, look-765-optimum-105-mechanisch, look-765-optimum-rival-axs, look-765-optimum-ultegra-di2, look-785-huez-105-di2, look-785-huez-105-mechanisch, look-785-huez-rival-axs-e1, look-785-huez-rs-disc-ultegra-di2, look-785-huez-rs-red-axs, look-785-huez-ultegra-di2-pro-team-black, look-795-blade-rs-campagnolo-sr-13s-wrl, look-795-blade-rs-da-di2, look-795-blade-rs-red-axs, look-795-blade-rs-ultegra-di2, pinarello-dogma-f-dura-ace-di2, pinarello-dogma-f-dura-ace-di2-powermeter, pinarello-dogma-f-sram-red-axs, pinarello-dogma-x-campagnolo-sr-wrl, pinarello-dogma-x-dura-ace-di2, pinarello-dogma-x-sram-red-axs, pinarello-f1-105-mechanisch, pinarello-f3-105-di2, pinarello-f5-105-di2, pinarello-f7-sram-force-axs, pinarello-f7-ultegra-di2, pinarello-f9-dura-ace-di2, pinarello-new-f5-105-di2, pinarello-new-f7-ultegra-di2, pinarello-new-f9-dura-ace-di2, pinarello-paris-105-di2, pinarello-prince-ultegra-di2, pinarello-x1-105-mechanisch, pinarello-x3-105-di2, pinarello-x5-105-di2, pinarello-x7-sram-force-axs, pinarello-x7-ultegra-di2, pinarello-x9-dura-ace-di2, rose-reveal-04-105-di2, rose-reveal-04-rival-axs, rose-reveal-06-ultegra-di2, rose-shave-105-di2, rose-shave-ff-force-axs, rose-shave-ff-ultegra-di2, rose-shave-ffx-dura-ace-di2, rose-shave-ffx-red-axs, rose-shave-force-axs, rose-shave-rival-axs, rose-shave-ultegra-di2, rose-xlite-04-105-mech, rose-xlite-04-force-etap-axs, rose-xlite-04-ultegra-di2, rose-xlite-06-dura-ace-di2, rose-xlite-06-force-etap-axs, rose-xlite-06-red-etap-axs, rose-xlite-06-ultegra-di2, rose-xlite-unltd-dura-ace-di2, scott-addict-10-da-di2, scott-addict-20-ultegra-di2, scott-addict-40-105-di2, scott-addict-50-105-mech, scott-addict-premium-red-axs, scott-addict-rc-10-ultegra-di2, scott-addict-rc-20-105-di2, scott-addict-rc-pro-da-di2, scott-addict-rc-team-red-axs, scott-addict-rc-ultimate-ultegra-di2, scott-foil-rc-10-ultegra-di2, scott-foil-rc-20-105-di2, scott-foil-rc-pro-da-di2, scott-foil-rc-team-force-axs, scott-speedster-10-105-di2, scott-speedster-20-tiagra, specialized-aethos-2-expert-ultegra-di2, specialized-aethos-2-pro-ultegra-di2, specialized-aethos-comp-rival-axs, specialized-aethos-expert-ultegra-di2, specialized-aethos-sport-105, specialized-allez-sport, specialized-allez-sprint-comp-105, specialized-roubaix-comp-rival-axs, specialized-roubaix-expert-ultegra-di2, specialized-roubaix-sport-105, specialized-s-works-aethos-2-da-di2, specialized-s-works-aethos-2-red-axs, specialized-s-works-aethos-da-di2, specialized-s-works-roubaix-da-di2, specialized-s-works-tarmac-sl8-da-di2, specialized-s-works-tarmac-sl8-red-axs, specialized-s-works-tarmac-sl8-red-etap-axs, specialized-tarmac-sl8-comp-105-di2, specialized-tarmac-sl8-comp-rival-axs, specialized-tarmac-sl8-expert-force-axs, specialized-tarmac-sl8-pro-ultegra-di2, specialized-tarmac-sl8-sport-105, trek-domane-al-2, trek-domane-al-4, trek-domane-al-5, trek-domane-sl-5, trek-domane-sl-5-mech, trek-domane-sl-6-di2, trek-domane-sl-7-axs, trek-domane-slr-7-di2, trek-domane-slr-9-axs, trek-emonda-slr-7-di2, trek-emonda-slr-9-axs, trek-madone-sl-5, trek-madone-sl-6-di2, trek-madone-sl-7-axs, trek-madone-slr-6-di2, trek-madone-slr-7-axs, trek-madone-slr-7-di2, trek-madone-slr-9-di2, trek-madone-slr-9-red-axs",TRUE,Title,Default Title,VM-VITTORIACORSAPRO,0,shopify,99,continue,manual,69.99,,TRUE,TRUE,active
vittoria-corsa-n-ext-tlr-28mm-700c,Vittoria Corsa N.EXT TLR 28mm 700c,<p><strong>Kompatibilität:</strong> Alle 700c Räder mit min. 28mm Freiheit</p>,Vittoria,,Reifen,vm-kat-reifen,TRUE,Title,Default Title,VM-VITTORIACORSANE,0,shopify,99,continue,manual,54.99,,TRUE,TRUE,active
pirelli-p-zero-race-tlr-28mm-700c,Pirelli P Zero Race TLR 28mm 700c,<p><strong>Kompatibilität:</strong> Alle 700c Räder mit min. 28mm Freiheit</p>,Pirelli,,Reifen,"vm-kat-reifen, bmc-rm-01-five-105-di2, bmc-rm-01-four-ultegra-di2, bmc-rm-01-one-red-axs, bmc-rm-01-three-force-axs, bmc-rm-01-two-da-di2, bmc-slr-01-one-red-axs, bmc-slr-01-three-force-axs, bmc-slr-01-three-ultegra-di2, bmc-slr-01-two-da-di2, bmc-teammachine-alr-one-105-di2, bmc-teammachine-alr-two-tiagra, bmc-tmr-01-five-105-di2, bmc-tmr-01-four-ultegra-di2, bmc-tmr-01-one-red-axs, bmc-tmr-01-three-force-axs, bmc-tmr-01-two-da-di2, canyon-aeroad-cf-slx-7-axs-speed, canyon-aeroad-cf-slx-7-di2, canyon-aeroad-cf-slx-8-axs, canyon-aeroad-cf-slx-8-axs-speed, canyon-aeroad-cf-slx-8-di2, canyon-aeroad-cf-slx-8-disc-di2, canyon-aeroad-cfr-axs, canyon-aeroad-cfr-di2, canyon-aeroad-cfr-mach874, canyon-endurace-allroad, canyon-endurace-cf-8-di2, canyon-endurace-cf-sl-7-di2, canyon-endurace-cf-sl-8-di2, canyon-endurace-cf-slx-8-axs-aero, canyon-endurace-cf-slx-8-di2-aero, canyon-endurace-cfr-axs, canyon-endurace-cfr-di2, canyon-ultimate-cf-7, canyon-ultimate-cf-sl-7-di2, canyon-ultimate-cf-sl-8-di2, canyon-ultimate-cf-slx-8-axs, canyon-ultimate-cf-slx-8-di2, canyon-ultimate-cfr-di2, canyon-ultimate-cfr-etap, cervelo-caledonia-5-dura-ace-di2, cervelo-caledonia-5-force-axs, cervelo-caledonia-5-red-axs, cervelo-caledonia-5-ultegra-di2, cervelo-r5-dura-ace-di2, cervelo-r5-force-axs, cervelo-r5-red-axs, cervelo-r5-red-xplr-axs-1x, cervelo-r5-sram-red-axs, cervelo-r5-ultegra-di2, cervelo-s5-dura-ace-di2, cervelo-s5-force-axs, cervelo-s5-red-axs, cervelo-s5-red-xplr-axs-1x, cervelo-s5-ultegra-di2, cervelo-soloist-105-di2, cervelo-soloist-force-axs, cervelo-soloist-rival-axs, cervelo-soloist-ultegra-di2, colnago-c68-disc-campagnolo-sr-wrl, colnago-c68-disc-dura-ace-di2, colnago-steelnovo-limitiert, colnago-v3rs-campagnolo-sr-eps, colnago-v3rs-dura-ace-di2, colnago-v3rs-sram-red-axs, colnago-v4-105-di2, colnago-v4-sram-rival-axs, colnago-v4-ultegra-di2, colnago-v4rs-dura-ace-di2, colnago-v4rs-sram-red-axs, colnago-v4rs-ultegra-di2, colnago-v5rs-campagnolo-sr-wrl, colnago-v5rs-dura-ace-di2, colnago-v5rs-sram-red-axs, colnago-v5rs-ultegra-di2, colnago-y1rs-campagnolo-sr-wrl, colnago-y1rs-dura-ace-di2, colnago-y1rs-sram-red-axs, cube-agree-c62-one, cube-agree-c62-pro, cube-agree-c62-race, cube-agree-c62-slt, cube-agree-c62-slx, cube-attain-c62-race, cube-attain-c62-slt, cube-attain-c62-slx, cube-attain-pro, cube-attain-race, cube-attain-slx, cube-litening-aero-c68x-pro, cube-litening-aero-c68x-race, cube-litening-aero-c68x-slt, cube-litening-aero-c68x-slx, cube-litening-air-c68x-pro, cube-litening-air-c68x-race, cube-litening-air-c68x-slt, cube-litening-air-c68x-slx, factor-o2-vam-campagnolo-sr-wrl-custom, factor-o2-vam-da-di2-custom-build, factor-o2-vam-red-axs-custom-build, factor-o2-vam-ultegra-di2-custom-build, factor-one-da-di2-custom-build, factor-ostro-vam-campagnolo-sr-wrl-custom, factor-ostro-vam-da-di2-custom-build, factor-ostro-vam-red-axs-custom-build, factor-slick-da-di2-custom-build, factor-vista-da-di2-custom-build, factor-vista-ultegra-di2-custom-build, look-765-optimum-105-di2, look-765-optimum-105-mechanisch, look-765-optimum-rival-axs, look-765-optimum-ultegra-di2, look-785-huez-105-di2, look-785-huez-105-mechanisch, look-785-huez-rival-axs-e1, look-785-huez-rs-disc-ultegra-di2, look-785-huez-rs-red-axs, look-785-huez-ultegra-di2-pro-team-black, look-795-blade-rs-campagnolo-sr-13s-wrl, look-795-blade-rs-da-di2, look-795-blade-rs-red-axs, look-795-blade-rs-ultegra-di2, pinarello-dogma-f-dura-ace-di2, pinarello-dogma-f-dura-ace-di2-powermeter, pinarello-dogma-f-sram-red-axs, pinarello-dogma-x-campagnolo-sr-wrl, pinarello-dogma-x-dura-ace-di2, pinarello-dogma-x-sram-red-axs, pinarello-f1-105-mechanisch, pinarello-f3-105-di2, pinarello-f5-105-di2, pinarello-f7-sram-force-axs, pinarello-f7-ultegra-di2, pinarello-f9-dura-ace-di2, pinarello-new-f5-105-di2, pinarello-new-f7-ultegra-di2, pinarello-new-f9-dura-ace-di2, pinarello-paris-105-di2, pinarello-prince-ultegra-di2, pinarello-x1-105-mechanisch, pinarello-x3-105-di2, pinarello-x5-105-di2, pinarello-x7-sram-force-axs, pinarello-x7-ultegra-di2, pinarello-x9-dura-ace-di2, rose-reveal-04-105-di2, rose-reveal-04-rival-axs, rose-reveal-06-ultegra-di2, rose-shave-105-di2, rose-shave-ff-force-axs, rose-shave-ff-ultegra-di2, rose-shave-ffx-dura-ace-di2, rose-shave-ffx-red-axs, rose-shave-force-axs, rose-shave-rival-axs, rose-shave-ultegra-di2, rose-xlite-04-105-mech, rose-xlite-04-force-etap-axs, rose-xlite-04-ultegra-di2, rose-xlite-06-dura-ace-di2, rose-xlite-06-force-etap-axs, rose-xlite-06-red-etap-axs, rose-xlite-06-ultegra-di2, rose-xlite-unltd-dura-ace-di2, scott-addict-10-da-di2, scott-addict-20-ultegra-di2, scott-addict-40-105-di2, scott-addict-50-105-mech, scott-addict-premium-red-axs, scott-addict-rc-10-ultegra-di2, scott-addict-rc-20-105-di2, scott-addict-rc-pro-da-di2, scott-addict-rc-team-red-axs, scott-addict-rc-ultimate-ultegra-di2, scott-foil-rc-10-ultegra-di2, scott-foil-rc-20-105-di2, scott-foil-rc-pro-da-di2, scott-foil-rc-team-force-axs, scott-speedster-10-105-di2, scott-speedster-20-tiagra, specialized-aethos-2-expert-ultegra-di2, specialized-aethos-2-pro-ultegra-di2, specialized-aethos-comp-rival-axs, specialized-aethos-expert-ultegra-di2, specialized-aethos-sport-105, specialized-allez-sport, specialized-allez-sprint-comp-105, specialized-roubaix-comp-rival-axs, specialized-roubaix-expert-ultegra-di2, specialized-roubaix-sport-105, specialized-s-works-aethos-2-da-di2, specialized-s-works-aethos-2-red-axs, specialized-s-works-aethos-da-di2, specialized-s-works-roubaix-da-di2, specialized-s-works-tarmac-sl8-da-di2, specialized-s-works-tarmac-sl8-red-axs, specialized-s-works-tarmac-sl8-red-etap-axs, specialized-tarmac-sl8-comp-105-di2, specialized-tarmac-sl8-comp-rival-axs, specialized-tarmac-sl8-expert-force-axs, specialized-tarmac-sl8-pro-ultegra-di2, specialized-tarmac-sl8-sport-105, trek-domane-al-2, trek-domane-al-4, trek-domane-al-5, trek-domane-sl-5, trek-domane-sl-5-mech, trek-domane-sl-6-di2, trek-domane-sl-7-axs, trek-domane-slr-7-di2, trek-domane-slr-9-axs, trek-emonda-slr-7-di2, trek-emonda-slr-9-axs, trek-madone-sl-5, trek-madone-sl-6-di2, trek-madone-sl-7-axs, trek-madone-slr-6-di2, trek-madone-slr-7-axs, trek-madone-slr-7-di2, trek-madone-slr-9-di2, trek-madone-slr-9-red-axs",TRUE,Title,Default Title,VM-PIRELLIPZERORAC,0,shopify,99,continue,manual,59.99,,TRUE,TRUE,active
schwalbe-pro-one-tt-tle-28mm-700c,Schwalbe Pro One TT TLE 28mm 700c,<p><strong>Kompatibilität:</strong> Alle 700c Räder mit min. 28mm Freiheit</p>,Schwalbe,,Reifen,"vm-kat-reifen, bmc-rm-01-five-105-di2, bmc-rm-01-four-ultegra-di2, bmc-rm-01-one-red-axs, bmc-rm-01-three-force-axs, bmc-rm-01-two-da-di2, bmc-slr-01-one-red-axs, bmc-slr-01-three-force-axs, bmc-slr-01-three-ultegra-di2, bmc-slr-01-two-da-di2, bmc-teammachine-alr-one-105-di2, bmc-teammachine-alr-two-tiagra, bmc-tmr-01-five-105-di2, bmc-tmr-01-four-ultegra-di2, bmc-tmr-01-one-red-axs, bmc-tmr-01-three-force-axs, bmc-tmr-01-two-da-di2, canyon-aeroad-cf-slx-7-axs-speed, canyon-aeroad-cf-slx-7-di2, canyon-aeroad-cf-slx-8-axs, canyon-aeroad-cf-slx-8-axs-speed, canyon-aeroad-cf-slx-8-di2, canyon-aeroad-cf-slx-8-disc-di2, canyon-aeroad-cfr-axs, canyon-aeroad-cfr-di2, canyon-aeroad-cfr-mach874, canyon-endurace-allroad, canyon-endurace-cf-8-di2, canyon-endurace-cf-sl-7-di2, canyon-endurace-cf-sl-8-di2, canyon-endurace-cf-slx-8-axs-aero, canyon-endurace-cf-slx-8-di2-aero, canyon-endurace-cfr-axs, canyon-endurace-cfr-di2, canyon-ultimate-cf-7, canyon-ultimate-cf-sl-7-di2, canyon-ultimate-cf-sl-8-di2, canyon-ultimate-cf-slx-8-axs, canyon-ultimate-cf-slx-8-di2, canyon-ultimate-cfr-di2, canyon-ultimate-cfr-etap, cervelo-caledonia-5-dura-ace-di2, cervelo-caledonia-5-force-axs, cervelo-caledonia-5-red-axs, cervelo-caledonia-5-ultegra-di2, cervelo-r5-dura-ace-di2, cervelo-r5-force-axs, cervelo-r5-red-axs, cervelo-r5-red-xplr-axs-1x, cervelo-r5-sram-red-axs, cervelo-r5-ultegra-di2, cervelo-s5-dura-ace-di2, cervelo-s5-force-axs, cervelo-s5-red-axs, cervelo-s5-red-xplr-axs-1x, cervelo-s5-ultegra-di2, cervelo-soloist-105-di2, cervelo-soloist-force-axs, cervelo-soloist-rival-axs, cervelo-soloist-ultegra-di2, colnago-c68-disc-campagnolo-sr-wrl, colnago-c68-disc-dura-ace-di2, colnago-steelnovo-limitiert, colnago-v3rs-campagnolo-sr-eps, colnago-v3rs-dura-ace-di2, colnago-v3rs-sram-red-axs, colnago-v4-105-di2, colnago-v4-sram-rival-axs, colnago-v4-ultegra-di2, colnago-v4rs-dura-ace-di2, colnago-v4rs-sram-red-axs, colnago-v4rs-ultegra-di2, colnago-v5rs-campagnolo-sr-wrl, colnago-v5rs-dura-ace-di2, colnago-v5rs-sram-red-axs, colnago-v5rs-ultegra-di2, colnago-y1rs-campagnolo-sr-wrl, colnago-y1rs-dura-ace-di2, colnago-y1rs-sram-red-axs, cube-agree-c62-one, cube-agree-c62-pro, cube-agree-c62-race, cube-agree-c62-slt, cube-agree-c62-slx, cube-attain-c62-race, cube-attain-c62-slt, cube-attain-c62-slx, cube-attain-pro, cube-attain-race, cube-attain-slx, cube-litening-aero-c68x-pro, cube-litening-aero-c68x-race, cube-litening-aero-c68x-slt, cube-litening-aero-c68x-slx, cube-litening-air-c68x-pro, cube-litening-air-c68x-race, cube-litening-air-c68x-slt, cube-litening-air-c68x-slx, factor-o2-vam-campagnolo-sr-wrl-custom, factor-o2-vam-da-di2-custom-build, factor-o2-vam-red-axs-custom-build, factor-o2-vam-ultegra-di2-custom-build, factor-one-da-di2-custom-build, factor-ostro-vam-campagnolo-sr-wrl-custom, factor-ostro-vam-da-di2-custom-build, factor-ostro-vam-red-axs-custom-build, factor-slick-da-di2-custom-build, factor-vista-da-di2-custom-build, factor-vista-ultegra-di2-custom-build, look-765-optimum-105-di2, look-765-optimum-105-mechanisch, look-765-optimum-rival-axs, look-765-optimum-ultegra-di2, look-785-huez-105-di2, look-785-huez-105-mechanisch, look-785-huez-rival-axs-e1, look-785-huez-rs-disc-ultegra-di2, look-785-huez-rs-red-axs, look-785-huez-ultegra-di2-pro-team-black, look-795-blade-rs-campagnolo-sr-13s-wrl, look-795-blade-rs-da-di2, look-795-blade-rs-red-axs, look-795-blade-rs-ultegra-di2, pinarello-dogma-f-dura-ace-di2, pinarello-dogma-f-dura-ace-di2-powermeter, pinarello-dogma-f-sram-red-axs, pinarello-dogma-x-campagnolo-sr-wrl, pinarello-dogma-x-dura-ace-di2, pinarello-dogma-x-sram-red-axs, pinarello-f1-105-mechanisch, pinarello-f3-105-di2, pinarello-f5-105-di2, pinarello-f7-sram-force-axs, pinarello-f7-ultegra-di2, pinarello-f9-dura-ace-di2, pinarello-new-f5-105-di2, pinarello-new-f7-ultegra-di2, pinarello-new-f9-dura-ace-di2, pinarello-paris-105-di2, pinarello-prince-ultegra-di2, pinarello-x1-105-mechanisch, pinarello-x3-105-di2, pinarello-x5-105-di2, pinarello-x7-sram-force-axs, pinarello-x7-ultegra-di2, pinarello-x9-dura-ace-di2, rose-reveal-04-105-di2, rose-reveal-04-rival-axs, rose-reveal-06-ultegra-di2, rose-shave-105-di2, rose-shave-ff-force-axs, rose-shave-ff-ultegra-di2, rose-shave-ffx-dura-ace-di2, rose-shave-ffx-red-axs, rose-shave-force-axs, rose-shave-rival-axs, rose-shave-ultegra-di2, rose-xlite-04-105-mech, rose-xlite-04-force-etap-axs, rose-xlite-04-ultegra-di2, rose-xlite-06-dura-ace-di2, rose-xlite-06-force-etap-axs, rose-xlite-06-red-etap-axs, rose-xlite-06-ultegra-di2, rose-xlite-unltd-dura-ace-di2, scott-addict-10-da-di2, scott-addict-20-ultegra-di2, scott-addict-40-105-di2, scott-addict-50-105-mech, scott-addict-premium-red-axs, scott-addict-rc-10-ultegra-di2, scott-addict-rc-20-105-di2, scott-addict-rc-pro-da-di2, scott-addict-rc-team-red-axs, scott-addict-rc-ultimate-ultegra-di2, scott-foil-rc-10-ultegra-di2, scott-foil-rc-20-105-di2, scott-foil-rc-pro-da-di2, scott-foil-rc-team-force-axs, scott-speedster-10-105-di2, scott-speedster-20-tiagra, specialized-aethos-2-expert-ultegra-di2, specialized-aethos-2-pro-ultegra-di2, specialized-aethos-comp-rival-axs, specialized-aethos-expert-ultegra-di2, specialized-aethos-sport-105, specialized-allez-sport, specialized-allez-sprint-comp-105, specialized-roubaix-comp-rival-axs, specialized-roubaix-expert-ultegra-di2, specialized-roubaix-sport-105, specialized-s-works-aethos-2-da-di2, specialized-s-works-aethos-2-red-axs, specialized-s-works-aethos-da-di2, specialized-s-works-roubaix-da-di2, specialized-s-works-tarmac-sl8-da-di2, specialized-s-works-tarmac-sl8-red-axs, specialized-s-works-tarmac-sl8-red-etap-axs, specialized-tarmac-sl8-comp-105-di2, specialized-tarmac-sl8-comp-rival-axs, specialized-tarmac-sl8-expert-force-axs, specialized-tarmac-sl8-pro-ultegra-di2, specialized-tarmac-sl8-sport-105, trek-domane-al-2, trek-domane-al-4, trek-domane-al-5, trek-domane-sl-5, trek-domane-sl-5-mech, trek-domane-sl-6-di2, trek-domane-sl-7-axs, trek-domane-slr-7-di2, trek-domane-slr-9-axs, trek-emonda-slr-7-di2, trek-emonda-slr-9-axs, trek-madone-sl-5, trek-madone-sl-6-di2, trek-madone-sl-7-axs, trek-madone-slr-6-di2, trek-madone-slr-7-axs, trek-madone-slr-7-di2, trek-madone-slr-9-di2, trek-madone-slr-9-red-axs",TRUE,Title,Default Title,VM-SCHWALBEPROONET,0,shopify,99,continue,manual,64.99,,TRUE,TRUE,active
schwalbe-pro-one-aero-tle-28mm-700c,Schwalbe Pro One Aero TLE 28mm 700c,<p><strong>Kompatibilität:</strong> Alle 700c Räder mit min. 28mm Freiheit</p>,Schwalbe,,Reifen,"vm-kat-reifen, bmc-rm-01-five-105-di2, bmc-rm-01-four-ultegra-di2, bmc-rm-01-one-red-axs, bmc-rm-01-three-force-axs, bmc-rm-01-two-da-di2, bmc-slr-01-one-red-axs, bmc-slr-01-three-force-axs, bmc-slr-01-three-ultegra-di2, bmc-slr-01-two-da-di2, bmc-teammachine-alr-one-105-di2, bmc-teammachine-alr-two-tiagra, bmc-tmr-01-five-105-di2, bmc-tmr-01-four-ultegra-di2, bmc-tmr-01-one-red-axs, bmc-tmr-01-three-force-axs, bmc-tmr-01-two-da-di2, canyon-aeroad-cf-slx-7-axs-speed, canyon-aeroad-cf-slx-7-di2, canyon-aeroad-cf-slx-8-axs, canyon-aeroad-cf-slx-8-axs-speed, canyon-aeroad-cf-slx-8-di2, canyon-aeroad-cf-slx-8-disc-di2, canyon-aeroad-cfr-axs, canyon-aeroad-cfr-di2, canyon-aeroad-cfr-mach874, canyon-endurace-allroad, canyon-endurace-cf-8-di2, canyon-endurace-cf-sl-7-di2, canyon-endurace-cf-sl-8-di2, canyon-endurace-cf-slx-8-axs-aero, canyon-endurace-cf-slx-8-di2-aero, canyon-endurace-cfr-axs, canyon-endurace-cfr-di2, canyon-ultimate-cf-7, canyon-ultimate-cf-sl-7-di2, canyon-ultimate-cf-sl-8-di2, canyon-ultimate-cf-slx-8-axs, canyon-ultimate-cf-slx-8-di2, canyon-ultimate-cfr-di2, canyon-ultimate-cfr-etap, cervelo-caledonia-5-dura-ace-di2, cervelo-caledonia-5-force-axs, cervelo-caledonia-5-red-axs, cervelo-caledonia-5-ultegra-di2, cervelo-r5-dura-ace-di2, cervelo-r5-force-axs, cervelo-r5-red-axs, cervelo-r5-red-xplr-axs-1x, cervelo-r5-sram-red-axs, cervelo-r5-ultegra-di2, cervelo-s5-dura-ace-di2, cervelo-s5-force-axs, cervelo-s5-red-axs, cervelo-s5-red-xplr-axs-1x, cervelo-s5-ultegra-di2, cervelo-soloist-105-di2, cervelo-soloist-force-axs, cervelo-soloist-rival-axs, cervelo-soloist-ultegra-di2, colnago-c68-disc-campagnolo-sr-wrl, colnago-c68-disc-dura-ace-di2, colnago-steelnovo-limitiert, colnago-v3rs-campagnolo-sr-eps, colnago-v3rs-dura-ace-di2, colnago-v3rs-sram-red-axs, colnago-v4-105-di2, colnago-v4-sram-rival-axs, colnago-v4-ultegra-di2, colnago-v4rs-dura-ace-di2, colnago-v4rs-sram-red-axs, colnago-v4rs-ultegra-di2, colnago-v5rs-campagnolo-sr-wrl, colnago-v5rs-dura-ace-di2, colnago-v5rs-sram-red-axs, colnago-v5rs-ultegra-di2, colnago-y1rs-campagnolo-sr-wrl, colnago-y1rs-dura-ace-di2, colnago-y1rs-sram-red-axs, cube-agree-c62-one, cube-agree-c62-pro, cube-agree-c62-race, cube-agree-c62-slt, cube-agree-c62-slx, cube-attain-c62-race, cube-attain-c62-slt, cube-attain-c62-slx, cube-attain-pro, cube-attain-race, cube-attain-slx, cube-litening-aero-c68x-pro, cube-litening-aero-c68x-race, cube-litening-aero-c68x-slt, cube-litening-aero-c68x-slx, cube-litening-air-c68x-pro, cube-litening-air-c68x-race, cube-litening-air-c68x-slt, cube-litening-air-c68x-slx, factor-o2-vam-campagnolo-sr-wrl-custom, factor-o2-vam-da-di2-custom-build, factor-o2-vam-red-axs-custom-build, factor-o2-vam-ultegra-di2-custom-build, factor-one-da-di2-custom-build, factor-ostro-vam-campagnolo-sr-wrl-custom, factor-ostro-vam-da-di2-custom-build, factor-ostro-vam-red-axs-custom-build, factor-slick-da-di2-custom-build, factor-vista-da-di2-custom-build, factor-vista-ultegra-di2-custom-build, look-765-optimum-105-di2, look-765-optimum-105-mechanisch, look-765-optimum-rival-axs, look-765-optimum-ultegra-di2, look-785-huez-105-di2, look-785-huez-105-mechanisch, look-785-huez-rival-axs-e1, look-785-huez-rs-disc-ultegra-di2, look-785-huez-rs-red-axs, look-785-huez-ultegra-di2-pro-team-black, look-795-blade-rs-campagnolo-sr-13s-wrl, look-795-blade-rs-da-di2, look-795-blade-rs-red-axs, look-795-blade-rs-ultegra-di2, pinarello-dogma-x-campagnolo-sr-wrl, pinarello-dogma-x-dura-ace-di2, pinarello-dogma-x-sram-red-axs, pinarello-f1-105-mechanisch, pinarello-f3-105-di2, pinarello-f5-105-di2, pinarello-f7-sram-force-axs, pinarello-f7-ultegra-di2, pinarello-f9-dura-ace-di2, pinarello-new-f5-105-di2, pinarello-new-f7-ultegra-di2, pinarello-new-f9-dura-ace-di2, pinarello-paris-105-di2, pinarello-prince-ultegra-di2, pinarello-x1-105-mechanisch, pinarello-x3-105-di2, pinarello-x5-105-di2, pinarello-x7-sram-force-axs, pinarello-x7-ultegra-di2, pinarello-x9-dura-ace-di2, rose-reveal-04-105-di2, rose-reveal-04-rival-axs, rose-reveal-06-ultegra-di2, rose-shave-105-di2, rose-shave-ff-force-axs, rose-shave-ff-ultegra-di2, rose-shave-ffx-dura-ace-di2, rose-shave-ffx-red-axs, rose-shave-force-axs, rose-shave-rival-axs, rose-shave-ultegra-di2, rose-xlite-04-105-mech, rose-xlite-04-force-etap-axs, rose-xlite-04-ultegra-di2, rose-xlite-06-dura-ace-di2, rose-xlite-06-force-etap-axs, rose-xlite-06-red-etap-axs, rose-xlite-06-ultegra-di2, rose-xlite-unltd-dura-ace-di2, scott-addict-10-da-di2, scott-addict-20-ultegra-di2, scott-addict-40-105-di2, scott-addict-50-105-mech, scott-addict-premium-red-axs, scott-addict-rc-10-ultegra-di2, scott-addict-rc-20-105-di2, scott-addict-rc-pro-da-di2, scott-addict-rc-team-red-axs, scott-addict-rc-ultimate-ultegra-di2, scott-foil-rc-10-ultegra-di2, scott-foil-rc-20-105-di2, scott-foil-rc-pro-da-di2, scott-foil-rc-team-force-axs, scott-speedster-10-105-di2, scott-speedster-20-tiagra, specialized-aethos-2-expert-ultegra-di2, specialized-aethos-2-pro-ultegra-di2, specialized-aethos-comp-rival-axs, specialized-aethos-expert-ultegra-di2, specialized-aethos-sport-105, specialized-allez-sport, specialized-allez-sprint-comp-105, specialized-roubaix-comp-rival-axs, specialized-roubaix-expert-ultegra-di2, specialized-roubaix-sport-105, specialized-s-works-aethos-2-da-di2, specialized-s-works-aethos-2-red-axs, specialized-s-works-aethos-da-di2, specialized-s-works-roubaix-da-di2, specialized-s-works-tarmac-sl8-da-di2, specialized-s-works-tarmac-sl8-red-axs, specialized-s-works-tarmac-sl8-red-etap-axs, specialized-tarmac-sl8-comp-105-di2, specialized-tarmac-sl8-comp-rival-axs, specialized-tarmac-sl8-expert-force-axs, specialized-tarmac-sl8-pro-ultegra-di2, specialized-tarmac-sl8-sport-105, trek-domane-al-2, trek-domane-al-4, trek-domane-al-5, trek-domane-sl-5, trek-domane-sl-5-mech, trek-domane-sl-6-di2, trek-domane-sl-7-axs, trek-domane-slr-7-di2, trek-domane-slr-9-axs, trek-emonda-slr-7-di2, trek-emonda-slr-9-axs, trek-madone-sl-5, trek-madone-sl-6-di2, trek-madone-sl-7-axs, trek-madone-slr-6-di2, trek-madone-slr-7-axs, trek-madone-slr-7-di2, trek-madone-slr-9-di2, trek-madone-slr-9-red-axs",TRUE,Title,Default Title,VM-SCHWALBEPROONEA,0,shopify,99,continue,manual,69.99,,TRUE,TRUE,active
continental-race-28-light-700x25-32-presta-42mm,Continental Race 28 Light 700x25-32 Presta 42mm,<p><strong>Kompatibilität:</strong> Alle 700c Räder 25-32mm</p>,Continental,,Schlauch,"vm-universal, vm-kat-schlauch",TRUE,Title,Default Title,VM-CONTINENTALRACE2,0,shopify,99,continue,manual,7.99,,TRUE,TRUE,active
continental-race-28-light-700x25-32-presta-60mm,Continental Race 28 Light 700x25-32 Presta 60mm,<p><strong>Kompatibilität:</strong> Alle 700c Räder 25-32mm (Deep Rim)</p>,Continental,,Schlauch,"vm-universal, vm-kat-schlauch",TRUE,Title,Default Title,VM-CONTINENTALRACE2,0,shopify,99,continue,manual,8.99,,TRUE,TRUE,active
tubolito-s-tubo-road-700x18-32-42mm,Tubolito S-Tubo Road 700x18-32 42mm,"<p><strong>Kompatibilität:</strong> Alle 700c Räder (Ultraleicht, 38g)</p>",Tubolito,,Schlauch,"vm-universal, vm-kat-schlauch",TRUE,Title,Default Title,VM-TUBOLITOSTUBORO,0,shopify,99,continue,manual,34.99,,TRUE,TRUE,active
supacaz-super-sticky-kush,Supacaz Super Sticky Kush,<p><strong>Kompatibilität:</strong> Alle Rennradlenker</p>,Supacaz,,Lenkerband,"vm-universal, vm-kat-lenkerband",TRUE,Title,Default Title,VM-SUPACAZSUPERSTIC,0,shopify,99,continue,manual,34.99,,TRUE,TRUE,active
lizard-skins-dsp-3-2mm,Lizard Skins DSP 3.2mm,<p><strong>Kompatibilität:</strong> Alle Rennradlenker</p>,Lizard Skins,,Lenkerband,"vm-universal, vm-kat-lenkerband",TRUE,Title,Default Title,VM-LIZARDSKINSDSP3,0,shopify,99,continue,manual,39.99,,TRUE,TRUE,active
fizik-vento-microtex-tacky,Fizik Vento Microtex Tacky,<p><strong>Kompatibilität:</strong> Alle Rennradlenker</p>,Fizik,,Lenkerband,"vm-universal, vm-kat-lenkerband",TRUE,Title,Default Title,VM-FIZIKVENTOMICROT,0,shopify,99,continue,manual,29.99,,TRUE,TRUE,active
fizik-vento-argo-r1-carbon-150mm,Fizik Vento Argo R1 Carbon 150mm,<p><strong>Kompatibilität:</strong> Alle Rennräder (7mm Rails)</p>,Fizik,,Sattel,"vm-universal, vm-kat-sattel",TRUE,Title,Default Title,VM-FIZIKVENTOARGOR,0,shopify,99,continue,manual,299.99,,TRUE,TRUE,active
fizik-vento-argo-r3-150mm,Fizik Vento Argo R3 150mm,<p><strong>Kompatibilität:</strong> Alle Rennräder (7mm Rails)</p>,Fizik,,Sattel,"vm-universal, vm-kat-sattel",TRUE,Title,Default Title,VM-FIZIKVENTOARGOR,0,shopify,99,continue,manual,129.99,,TRUE,TRUE,active
selle-italia-slr-boost-superflow-l-carbon,Selle Italia SLR Boost Superflow L Carbon,<p><strong>Kompatibilität:</strong> Alle Rennräder (7mm Rails)</p>,Selle Italia,,Sattel,"vm-universal, vm-kat-sattel",TRUE,Title,Default Title,VM-SELLEITALIASLRB,0,shopify,99,continue,manual,249.99,,TRUE,TRUE,active
selle-italia-model-x-superflow,Selle Italia Model X Superflow,<p><strong>Kompatibilität:</strong> Alle Rennräder (7mm Rails)</p>,Selle Italia,,Sattel,"vm-universal, vm-kat-sattel",TRUE,Title,Default Title,VM-SELLEITALIAMODEL,0,shopify,99,continue,manual,89.99,,TRUE,TRUE,active
prologo-scratch-m5-cpc-tirox,Prologo Scratch M5 CPC Tirox,<p><strong>Kompatibilität:</strong> Alle Rennräder (7mm Rails)</p>,Prologo,,Sattel,"vm-universal, vm-kat-sattel",TRUE,Title,Default Title,VM-PROLOGOSCRATCHM5,0,shopify,99,continue,manual,179.99,,TRUE,TRUE,active
canyon-sp0077-aeropost-d-shape,Canyon SP0077 Aeropost D-Shape,"<p><strong>Kompatibilität:</strong> Canyon Aeroad Gen4, Ultimate Gen5, Endurace Gen3</p><ul><li>Sattelstützen-Typ: D-Shape Canyon</li></ul>",Canyon,,Sattelstütze,"vm-kat-sattelstuetze, canyon-aeroad-cf-slx-7-axs-speed, canyon-aeroad-cf-slx-7-di2, canyon-aeroad-cf-slx-8-axs, canyon-aeroad-cf-slx-8-axs-speed, canyon-aeroad-cf-slx-8-di2, canyon-aeroad-cf-slx-8-disc-di2, canyon-aeroad-cfr-axs, canyon-aeroad-cfr-di2, canyon-aeroad-cfr-mach874, canyon-endurace-allroad, canyon-endurace-cf-8-di2, canyon-endurace-cf-sl-7-di2, canyon-endurace-cf-sl-8-di2, canyon-endurace-cf-slx-8-axs-aero, canyon-endurace-cf-slx-8-di2-aero, canyon-endurace-cfr-axs, canyon-endurace-cfr-di2, canyon-ultimate-cf-7, canyon-ultimate-cf-sl-7-di2, canyon-ultimate-cf-sl-8-di2, canyon-ultimate-cf-slx-8-axs, canyon-ultimate-cf-slx-8-di2, canyon-ultimate-cfr-di2, canyon-ultimate-cfr-etap",TRUE,Title,Default Title,VM-CANYONSP0077AERO,0,shopify,99,continue,manual,149.99,,TRUE,TRUE,active
canyon-s15-vcls-2-0-carbon,Canyon S15 VCLS 2.0 Carbon,<p><strong>Kompatibilität:</strong> Canyon Endurace CFR</p><ul><li>Sattelstützen-Typ: D-Shape Canyon</li></ul>,Canyon,,Sattelstütze,"vm-kat-sattelstuetze, canyon-aeroad-cf-slx-7-axs-speed, canyon-aeroad-cf-slx-7-di2, canyon-aeroad-cf-slx-8-axs, canyon-aeroad-cf-slx-8-axs-speed, canyon-aeroad-cf-slx-8-di2, canyon-aeroad-cf-slx-8-disc-di2, canyon-aeroad-cfr-axs, canyon-aeroad-cfr-di2, canyon-aeroad-cfr-mach874, canyon-endurace-allroad, canyon-endurace-cf-8-di2, canyon-endurace-cf-sl-7-di2, canyon-endurace-cf-sl-8-di2, canyon-endurace-cf-slx-8-axs-aero, canyon-endurace-cf-slx-8-di2-aero, canyon-endurace-cfr-axs, canyon-endurace-cfr-di2, canyon-ultimate-cf-7, canyon-ultimate-cf-sl-7-di2, canyon-ultimate-cf-sl-8-di2, canyon-ultimate-cf-slx-8-axs, canyon-ultimate-cf-slx-8-di2, canyon-ultimate-cfr-di2, canyon-ultimate-cfr-etap",TRUE,Title,Default Title,VM-CANYONS15VCLS2,0,shopify,99,continue,manual,179.99,,TRUE,TRUE,active
pinarello-aero-carbon-3d-ti-klemme,Pinarello Aero Carbon + 3D-Ti Klemme,"<p><strong>Kompatibilität:</strong> Pinarello Dogma F, F-Serie, X-Serie</p><ul><li>Sattelstützen-Typ: D-Shape Pinarello</li></ul>",Pinarello,,Sattelstütze,"vm-kat-sattelstuetze, pinarello-dogma-f-dura-ace-di2, pinarello-dogma-f-dura-ace-di2-powermeter, pinarello-dogma-f-sram-red-axs, pinarello-dogma-x-campagnolo-sr-wrl, pinarello-dogma-x-dura-ace-di2, pinarello-dogma-x-sram-red-axs, pinarello-f1-105-mechanisch, pinarello-f3-105-di2, pinarello-f5-105-di2, pinarello-f7-sram-force-axs, pinarello-f7-ultegra-di2, pinarello-f9-dura-ace-di2, pinarello-new-f5-105-di2, pinarello-new-f7-ultegra-di2, pinarello-new-f9-dura-ace-di2, pinarello-paris-105-di2, pinarello-prince-ultegra-di2, pinarello-x1-105-mechanisch, pinarello-x3-105-di2, pinarello-x5-105-di2, pinarello-x7-sram-force-axs, pinarello-x7-ultegra-di2, pinarello-x9-dura-ace-di2",TRUE,Title,Default Title,VM-PINARELLOAEROCAR,0,shopify,99,continue,manual,199.99,,TRUE,TRUE,active
syncros-duncan-sl-aero-cft-carbon,Syncros Duncan SL Aero CFT Carbon,<p><strong>Kompatibilität:</strong> Scott Foil RC</p><ul><li>Sattelstützen-Typ: D-Shape Scott</li></ul>,Syncros/Scott,,Sattelstütze,"vm-kat-sattelstuetze, scott-addict-10-da-di2, scott-addict-20-ultegra-di2, scott-addict-40-105-di2, scott-addict-50-105-mech, scott-addict-premium-red-axs, scott-addict-rc-10-ultegra-di2, scott-addict-rc-20-105-di2, scott-addict-rc-pro-da-di2, scott-addict-rc-team-red-axs, scott-addict-rc-ultimate-ultegra-di2, scott-foil-rc-10-ultegra-di2, scott-foil-rc-20-105-di2, scott-foil-rc-pro-da-di2, scott-foil-rc-team-force-axs, scott-speedster-10-105-di2, scott-speedster-20-tiagra",TRUE,Title,Default Title,VM-SYNCROSDUNCANSL,0,shopify,99,continue,manual,249.99,,TRUE,TRUE,active
cervelo-sp34-aero-carbon,Cervélo SP34 Aero Carbon,<p><strong>Kompatibilität:</strong> Cervélo S5 (2025)</p><ul><li>Sattelstützen-Typ: D-Shape Cervelo</li></ul>,Cervélo,,Sattelstütze,"vm-kat-sattelstuetze, cervelo-caledonia-5-dura-ace-di2, cervelo-caledonia-5-force-axs, cervelo-caledonia-5-red-axs, cervelo-caledonia-5-ultegra-di2, cervelo-r5-dura-ace-di2, cervelo-r5-force-axs, cervelo-r5-red-axs, cervelo-r5-red-xplr-axs-1x, cervelo-r5-sram-red-axs, cervelo-r5-ultegra-di2, cervelo-s5-dura-ace-di2, cervelo-s5-force-axs, cervelo-s5-red-axs, cervelo-s5-red-xplr-axs-1x, cervelo-s5-ultegra-di2, cervelo-soloist-105-di2, cervelo-soloist-force-axs, cervelo-soloist-rival-axs, cervelo-soloist-ultegra-di2",TRUE,Title,Default Title,VM-CERVELOSP34AERO,0,shopify,99,continue,manual,199.99,,TRUE,TRUE,active
look-aero-post-4-carbon,LOOK Aero Post 4 Carbon,<p><strong>Kompatibilität:</strong> Look 795 Blade RS (NUR 795!)</p><ul><li>Sattelstützen-Typ: D-Shape Look</li></ul>,Look,,Sattelstütze,"vm-kat-sattelstuetze, look-795-blade-rs-campagnolo-sr-13s-wrl, look-795-blade-rs-da-di2, look-795-blade-rs-red-axs, look-795-blade-rs-ultegra-di2",TRUE,Title,Default Title,VM-LOOKAEROPOST4C,0,shopify,99,continue,manual,189.99,,TRUE,TRUE,active
standard-carbon-27-2mm-rund-z-b-ritchey-wcs,Standard Carbon 27.2mm Rund (z.B. Ritchey WCS),"<p><strong>Kompatibilität:</strong> Look 785, CAAD14, Specialized Aethos</p><ul><li>Sattelstützen-Typ: 27.2mm Rund</li></ul>",Diverse,,Sattelstütze,"vm-kat-sattelstuetze, look-785-huez-105-di2, look-785-huez-105-mechanisch, look-785-huez-rival-axs-e1, look-785-huez-rs-disc-ultegra-di2, look-785-huez-rs-red-axs, look-785-huez-ultegra-di2-pro-team-black",TRUE,Title,Default Title,VM-STANDARDCARBON27,0,shopify,99,continue,manual,89.99,,TRUE,TRUE,active
muc-off-bio-chain-cleaner-400ml,Muc-Off Bio Chain Cleaner 400ml,<p><strong>Kompatibilität:</strong> Alle Fahrräder</p>,Muc-Off,,Reinigung,"vm-universal, vm-kat-reinigung",TRUE,Title,Default Title,VM-MUCOFFBIOCHAIN,0,shopify,99,continue,manual,12.99,,TRUE,TRUE,active
muc-off-nano-tech-bike-cleaner-1l,Muc-Off Nano Tech Bike Cleaner 1L,<p><strong>Kompatibilität:</strong> Alle Fahrräder</p>,Muc-Off,,Reinigung,"vm-universal, vm-kat-reinigung",TRUE,Title,Default Title,VM-MUCOFFNANOTECH,0,shopify,99,continue,manual,14.99,,TRUE,TRUE,active
muc-off-drivetrain-cleaner-500ml,Muc-Off Drivetrain Cleaner 500ml,<p><strong>Kompatibilität:</strong> Alle Fahrräder</p>,Muc-Off,,Reinigung,"vm-universal, vm-kat-reinigung",TRUE,Title,Default Title,VM-MUCOFFDRIVETRAIN,0,shopify,99,continue,manual,11.99,,TRUE,TRUE,active
squirt-long-lasting-dry-chain-lube-120ml,Squirt Long Lasting Dry Chain Lube 120ml,<p><strong>Kompatibilität:</strong> Alle Fahrradketten</p>,Squirt,,Schmiermittel,"vm-universal, vm-kat-schmiermittel",TRUE,Title,Default Title,VM-SQUIRTLONGLASTIN,0,shopify,99,continue,manual,14.99,,TRUE,TRUE,active
muc-off-hydrodynamic-chain-lube-50ml,Muc-Off Hydrodynamic Chain Lube 50ml,<p><strong>Kompatibilität:</strong> Alle Fahrradketten</p>,Muc-Off,,Schmiermittel,"vm-universal, vm-kat-schmiermittel",TRUE,Title,Default Title,VM-MUCOFFHYDRODYNAM,0,shopify,99,continue,manual,12.99,,TRUE,TRUE,active
silca-super-secret-chain-lube-120ml,Silca Super Secret Chain Lube 120ml,<p><strong>Kompatibilität:</strong> Alle Fahrradketten</p>,Silca,,Schmiermittel,"vm-universal, vm-kat-schmiermittel",TRUE,Title,Default Title,VM-SILCASUPERSECRET,0,shopify,99,continue,manual,24.99,,TRUE,TRUE,active
park-tool-ct-3-3-kettennieter,Park Tool CT-3.3 Kettennieter,<p><strong>Kompatibilität:</strong> Alle Fahrradketten</p>,Park Tool,,Werkzeug,"vm-universal, vm-kat-werkzeug",TRUE,Title,Default Title,VM-PARKTOOLCT33K,0,shopify,99,continue,manual,34.99,,TRUE,TRUE,active
park-tool-sr-12-2-kettenpeitsche,Park Tool SR-12.2 Kettenpeitsche,<p><strong>Kompatibilität:</strong> Alle Kassetten</p>,Park Tool,,Werkzeug,"vm-universal, vm-kat-werkzeug",TRUE,Title,Default Title,VM-PARKTOOLSR122,0,shopify,99,continue,manual,24.99,,TRUE,TRUE,active
park-tool-fr-5-2g-kassetten-abzieher,Park Tool FR-5.2G Kassetten-Abzieher,<p><strong>Kompatibilität:</strong> Shimano/SRAM Kassetten</p>,Park Tool,,Werkzeug,"vm-universal, vm-kat-werkzeug",TRUE,Title,Default Title,VM-PARKTOOLFR52G,0,shopify,99,continue,manual,11.99,,TRUE,TRUE,active
park-tool-bbt-59-2-bb-werkzeug-shimano,Park Tool BBT-59.2 BB-Werkzeug Shimano,<p><strong>Kompatibilität:</strong> Shimano Innenlager</p>,Park Tool,,Werkzeug,"vm-universal, vm-kat-werkzeug",TRUE,Title,Default Title,VM-PARKTOOLBBT592,0,shopify,99,continue,manual,29.99,,TRUE,TRUE,active
topeak-mini-20-pro-multitool,Topeak Mini 20 Pro Multitool,<p><strong>Kompatibilität:</strong> Alle Fahrräder</p>,Topeak,,Werkzeug,"vm-universal, vm-kat-werkzeug",TRUE,Title,Default Title,VM-TOPEAKMINI20PRO,0,shopify,99,continue,manual,34.99,,TRUE,TRUE,active
elite-vico-carbon-flaschenhalter,Elite Vico Carbon Flaschenhalter,<p><strong>Kompatibilität:</strong> Alle Rennräder</p>,Elite,,Flaschenhalter,"vm-universal, vm-kat-flaschenhalter",TRUE,Title,Default Title,VM-ELITEVICOCARBON,0,shopify,99,continue,manual,39.99,,TRUE,TRUE,active
topeak-aero-wedge-pack-s,Topeak Aero Wedge Pack S,<p><strong>Kompatibilität:</strong> Alle Rennräder</p>,Topeak,,Satteltasche,"vm-universal, vm-kat-satteltasche",TRUE,Title,Default Title,VM-TOPEAKAEROWEDGE,0,shopify,99,continue,manual,24.99,,TRUE,TRUE,active
stan-s-notubes-race-sealant-237ml,Stan's NoTubes Race Sealant 237ml,<p><strong>Kompatibilität:</strong> Alle TLR-Räder</p>,Stan's,,Tubeless,"vm-universal, vm-kat-tubeless",TRUE,Title,Default Title,VM-STANSNOTUBESRAC,0,shopify,99,continue,manual,12.99,,TRUE,TRUE,active
muc-off-no-puncture-hassle-140ml,Muc-Off No Puncture Hassle 140ml,<p><strong>Kompatibilität:</strong> Alle TLR-Räder</p>,Muc-Off,,Tubeless,"vm-universal, vm-kat-tubeless",TRUE,Title,Default Title,VM-MUCOFFNOPUNCTUR,0,shopify,99,continue,manual,14.99,,TRUE,TRUE,active
muc-off-tubeless-valve-60mm-paar,Muc-Off Tubeless Valve 60mm (Paar),<p><strong>Kompatibilität:</strong> Alle TLR-Räder</p>,Muc-Off,,Ventil,"vm-universal, vm-kat-ventil",TRUE,Title,Default Title,VM-MUCOFFTUBELESSV,0,shopify,99,continue,manual,24.99,,TRUE,TRUE,active
